ID,Unnamed: 0,diameter,sample,label,injectWell,prot_total,Run,Well,plate,Order
A101Reporter.intensity.10,1,21.6,PDAC,Reporter.intensity.10,A10,10.0145293316266,dAL_1k_Proto29_10,A10,1.0,10.0
A101Reporter.intensity.11,2,26.54,Melanoma,Reporter.intensity.11,A10,10.3489299217094,dAL_1k_Proto29_10,A10,1.0,10.0
A101Reporter.intensity.12,3,25.68,Melanoma,Reporter.intensity.12,A10,10.1436374693458,dAL_1k_Proto29_10,A10,1.0,10.0
A101Reporter.intensity.13,4,17.43,Monocyte,Reporter.intensity.13,A10,9.21697088740628,dAL_1k_Proto29_10,A10,1.0,10.0
A101Reporter.intensity.14,5,18.57,Monocyte,Reporter.intensity.14,A10,9.89476274015782,dAL_1k_Proto29_10,A10,1.0,10.0
A101Reporter.intensity.15,6,22.94,Monocyte,Reporter.intensity.15,A10,9.94913297560627,dAL_1k_Proto29_10,A10,1.0,10.0
A101Reporter.intensity.16,7,25.4,PDAC,Reporter.intensity.16,A10,9.99973794302831,dAL_1k_Proto29_10,A10,1.0,10.0
A101Reporter.intensity.17,8,23.87,Melanoma,Reporter.intensity.17,A10,9.36932152493218,dAL_1k_Proto29_10,A10,1.0,10.0
A101Reporter.intensity.18,9,24.15,Melanoma,Reporter.intensity.18,A10,9.50640450649285,dAL_1k_Proto29_10,A10,1.0,10.0
A101Reporter.intensity.19,10,23.65,Melanoma,Reporter.intensity.19,A10,10.0812525097606,dAL_1k_Proto29_10,A10,1.0,10.0
A101Reporter.intensity.20,11,19.53,Monocyte,Reporter.intensity.20,A10,9.26901751361095,dAL_1k_Proto29_10,A10,1.0,10.0
A101Reporter.intensity.22,13,25.18,PDAC,Reporter.intensity.22,A10,9.86966707401041,dAL_1k_Proto29_10,A10,1.0,10.0
A101Reporter.intensity.23,14,25.42,PDAC,Reporter.intensity.23,A10,9.76557065068694,dAL_1k_Proto29_10,A10,1.0,10.0
A101Reporter.intensity.26,17,18.78,Monocyte,Reporter.intensity.26,A10,9.15619740776891,dAL_1k_Proto29_10,A10,1.0,10.0
A101Reporter.intensity.29,20,23.65,Melanoma,Reporter.intensity.29,A10,10.1250948298515,dAL_1k_Proto29_10,A10,1.0,10.0
A101Reporter.intensity.31,22,20.24,Monocyte,Reporter.intensity.31,A10,9.39384833574379,dAL_1k_Proto29_10,A10,1.0,10.0
A101Reporter.intensity.32,23,26.2,PDAC,Reporter.intensity.32,A10,10.1260429187729,dAL_1k_Proto29_10,A10,1.0,10.0
A101Reporter.intensity.4,24,25.18,PDAC,Reporter.intensity.4,A10,9.93227778833287,dAL_1k_Proto29_10,A10,1.0,10.0
A101Reporter.intensity.5,25,23.04,PDAC,Reporter.intensity.5,A10,10.218600321647,dAL_1k_Proto29_10,A10,1.0,10.0
A101Reporter.intensity.6,26,27.33,Melanoma,Reporter.intensity.6,A10,10.5332072379176,dAL_1k_Proto29_10,A10,1.0,10.0
A101Reporter.intensity.7,27,19.4,Monocyte,Reporter.intensity.7,A10,9.94855792033761,dAL_1k_Proto29_10,A10,1.0,10.0
A101Reporter.intensity.8,28,19.28,Monocyte,Reporter.intensity.8,A10,9.18104425302517,dAL_1k_Proto29_10,A10,1.0,10.0
A101Reporter.intensity.9,29,23.16,PDAC,Reporter.intensity.9,A10,9.80761861768071,dAL_1k_Proto29_10,A10,1.0,10.0
A111Reporter.intensity.10,30,24.09,Melanoma,Reporter.intensity.10,A11,10.2538590292518,dAL_1k_Proto29_11,A11,1.0,11.0
A111Reporter.intensity.11,31,19.79,Monocyte,Reporter.intensity.11,A11,9.44326504788449,dAL_1k_Proto29_11,A11,1.0,11.0
A111Reporter.intensity.12,32,22.66,Monocyte,Reporter.intensity.12,A11,9.76533985695769,dAL_1k_Proto29_11,A11,1.0,11.0
A111Reporter.intensity.13,33,24.67,Monocyte,Reporter.intensity.13,A11,10.0280540876577,dAL_1k_Proto29_11,A11,1.0,11.0
A111Reporter.intensity.14,34,21.95,PDAC,Reporter.intensity.14,A11,10.1392028033765,dAL_1k_Proto29_11,A11,1.0,11.0
A111Reporter.intensity.16,36,22.86,Melanoma,Reporter.intensity.16,A11,10.0007928381585,dAL_1k_Proto29_11,A11,1.0,11.0
A111Reporter.intensity.17,37,26.6,Melanoma,Reporter.intensity.17,A11,10.1536033407699,dAL_1k_Proto29_11,A11,1.0,11.0
A111Reporter.intensity.18,38,19.25,Monocyte,Reporter.intensity.18,A11,9.35325751530848,dAL_1k_Proto29_11,A11,1.0,11.0
A111Reporter.intensity.19,39,24.41,Monocyte,Reporter.intensity.19,A11,9.89848221888643,dAL_1k_Proto29_11,A11,1.0,11.0
A111Reporter.intensity.20,40,28.12,PDAC,Reporter.intensity.20,A11,10.3584599429019,dAL_1k_Proto29_11,A11,1.0,11.0
A111Reporter.intensity.21,41,28.23,PDAC,Reporter.intensity.21,A11,10.4378125756848,dAL_1k_Proto29_11,A11,1.0,11.0
A111Reporter.intensity.22,42,24.41,Melanoma,Reporter.intensity.22,A11,9.91646999042609,dAL_1k_Proto29_11,A11,1.0,11.0
A111Reporter.intensity.23,43,26.37,Melanoma,Reporter.intensity.23,A11,10.2771470958491,dAL_1k_Proto29_11,A11,1.0,11.0
A111Reporter.intensity.24,44,20.85,Monocyte,Reporter.intensity.24,A11,9.58129310943167,dAL_1k_Proto29_11,A11,1.0,11.0
A111Reporter.intensity.25,45,19.77,Monocyte,Reporter.intensity.25,A11,9.3839104283481,dAL_1k_Proto29_11,A11,1.0,11.0
A111Reporter.intensity.26,46,27.22,PDAC,Reporter.intensity.26,A11,10.3075544132769,dAL_1k_Proto29_11,A11,1.0,11.0
A111Reporter.intensity.27,47,25.63,Melanoma,Reporter.intensity.27,A11,10.1820062917856,dAL_1k_Proto29_11,A11,1.0,11.0
A111Reporter.intensity.28,48,24.74,Melanoma,Reporter.intensity.28,A11,9.54201644305072,dAL_1k_Proto29_11,A11,1.0,11.0
A111Reporter.intensity.29,49,18.41,Monocyte,Reporter.intensity.29,A11,9.49305716454407,dAL_1k_Proto29_11,A11,1.0,11.0
A111Reporter.intensity.30,50,21.11,PDAC,Reporter.intensity.30,A11,9.27020435537234,dAL_1k_Proto29_11,A11,1.0,11.0
A111Reporter.intensity.31,51,27.09,PDAC,Reporter.intensity.31,A11,10.1785318735613,dAL_1k_Proto29_11,A11,1.0,11.0
A111Reporter.intensity.32,52,22.59,PDAC,Reporter.intensity.32,A11,9.65592538353907,dAL_1k_Proto29_11,A11,1.0,11.0
A111Reporter.intensity.4,53,23.27,Melanoma,Reporter.intensity.4,A11,9.99758720741237,dAL_1k_Proto29_11,A11,1.0,11.0
A111Reporter.intensity.5,54,23.54,Monocyte,Reporter.intensity.5,A11,10.6124282300621,dAL_1k_Proto29_11,A11,1.0,11.0
A111Reporter.intensity.6,55,19.51,Monocyte,Reporter.intensity.6,A11,9.12580811437408,dAL_1k_Proto29_11,A11,1.0,11.0
A111Reporter.intensity.7,56,25.95,PDAC,Reporter.intensity.7,A11,10.4952016067611,dAL_1k_Proto29_11,A11,1.0,11.0
A111Reporter.intensity.8,57,22.93,PDAC,Reporter.intensity.8,A11,10.0181855828934,dAL_1k_Proto29_11,A11,1.0,11.0
A111Reporter.intensity.9,58,24.89,Melanoma,Reporter.intensity.9,A11,10.420353929902,dAL_1k_Proto29_11,A11,1.0,11.0
A11Reporter.intensity.10,59,19.68,Monocyte,Reporter.intensity.10,A1,9.66678207879003,dAL_1k_Proto29_1,A1,1.0,1.0
A11Reporter.intensity.11,60,19.85,PDAC,Reporter.intensity.11,A1,9.36697585505071,dAL_1k_Proto29_1,A1,1.0,1.0
A11Reporter.intensity.12,61,21.27,PDAC,Reporter.intensity.12,A1,9.49797482965163,dAL_1k_Proto29_1,A1,1.0,1.0
A11Reporter.intensity.13,62,24.76,Melanoma,Reporter.intensity.13,A1,10.0005916274588,dAL_1k_Proto29_1,A1,1.0,1.0
A11Reporter.intensity.14,63,33.14,Melanoma,Reporter.intensity.14,A1,11.323351091838,dAL_1k_Proto29_1,A1,1.0,1.0
A11Reporter.intensity.15,64,19.8,Monocyte,Reporter.intensity.15,A1,9.26081952149846,dAL_1k_Proto29_1,A1,1.0,1.0
A11Reporter.intensity.16,65,20.92,Monocyte,Reporter.intensity.16,A1,9.16577328955187,dAL_1k_Proto29_1,A1,1.0,1.0
A11Reporter.intensity.17,66,19.18,Monocyte,Reporter.intensity.17,A1,9.48104675713528,dAL_1k_Proto29_1,A1,1.0,1.0
A11Reporter.intensity.18,67,18.04,PDAC,Reporter.intensity.18,A1,8.81556892296309,dAL_1k_Proto29_1,A1,1.0,1.0
A11Reporter.intensity.21,70,29.52,Melanoma,Reporter.intensity.21,A1,10.3888429343024,dAL_1k_Proto29_1,A1,1.0,1.0
A11Reporter.intensity.23,72,25.49,Monocyte,Reporter.intensity.23,A1,9.76576626926729,dAL_1k_Proto29_1,A1,1.0,1.0
A11Reporter.intensity.24,73,21.74,PDAC,Reporter.intensity.24,A1,9.5493131101394,dAL_1k_Proto29_1,A1,1.0,1.0
A11Reporter.intensity.28,77,20.92,Monocyte,Reporter.intensity.28,A1,9.09434338093117,dAL_1k_Proto29_1,A1,1.0,1.0
A11Reporter.intensity.30,79,23.82,PDAC,Reporter.intensity.30,A1,9.54807717499613,dAL_1k_Proto29_1,A1,1.0,1.0
A11Reporter.intensity.31,80,22.58,Melanoma,Reporter.intensity.31,A1,9.77766632163781,dAL_1k_Proto29_1,A1,1.0,1.0
A11Reporter.intensity.4,82,21.36,Monocyte,Reporter.intensity.4,A1,9.30122930377568,dAL_1k_Proto29_1,A1,1.0,1.0
A11Reporter.intensity.5,83,23.14,PDAC,Reporter.intensity.5,A1,10.0773169148302,dAL_1k_Proto29_1,A1,1.0,1.0
A11Reporter.intensity.6,84,25.54,PDAC,Reporter.intensity.6,A1,9.89169379239427,dAL_1k_Proto29_1,A1,1.0,1.0
A11Reporter.intensity.7,85,24.52,PDAC,Reporter.intensity.7,A1,9.94829521366544,dAL_1k_Proto29_1,A1,1.0,1.0
A11Reporter.intensity.8,86,22.61,Melanoma,Reporter.intensity.8,A1,10.06393836313,dAL_1k_Proto29_1,A1,1.0,1.0
A11Reporter.intensity.9,87,21.09,Monocyte,Reporter.intensity.9,A1,9.82910407382121,dAL_1k_Proto29_1,A1,1.0,1.0
A121Reporter.intensity.10,88,24.22,Monocyte,Reporter.intensity.10,A12,10.050804792318,dAL_1k_Proto29_12,A12,1.0,12.0
A121Reporter.intensity.11,89,22.05,Monocyte,Reporter.intensity.11,A12,9.78854975139823,dAL_1k_Proto29_12,A12,1.0,12.0
A121Reporter.intensity.12,90,22.58,PDAC,Reporter.intensity.12,A12,9.75589962497487,dAL_1k_Proto29_12,A12,1.0,12.0
A121Reporter.intensity.13,91,24.42,Melanoma,Reporter.intensity.13,A12,9.9377392405557,dAL_1k_Proto29_12,A12,1.0,12.0
A121Reporter.intensity.14,92,25.36,Melanoma,Reporter.intensity.14,A12,10.62568540066,dAL_1k_Proto29_12,A12,1.0,12.0
A121Reporter.intensity.16,94,18.86,Monocyte,Reporter.intensity.16,A12,9.21255687216785,dAL_1k_Proto29_12,A12,1.0,12.0
A121Reporter.intensity.17,95,21.01,Monocyte,Reporter.intensity.17,A12,9.54668558949513,dAL_1k_Proto29_12,A12,1.0,12.0
A121Reporter.intensity.18,96,26.02,PDAC,Reporter.intensity.18,A12,10.0548644920025,dAL_1k_Proto29_12,A12,1.0,12.0
A121Reporter.intensity.19,97,27.12,PDAC,Reporter.intensity.19,A12,10.0479876726367,dAL_1k_Proto29_12,A12,1.0,12.0
A121Reporter.intensity.20,98,27.15,Melanoma,Reporter.intensity.20,A12,10.3748008718048,dAL_1k_Proto29_12,A12,1.0,12.0
A121Reporter.intensity.21,99,24.2,Melanoma,Reporter.intensity.21,A12,9.75133419073607,dAL_1k_Proto29_12,A12,1.0,12.0
A121Reporter.intensity.22,100,20.88,Monocyte,Reporter.intensity.22,A12,9.38068183666103,dAL_1k_Proto29_12,A12,1.0,12.0
A121Reporter.intensity.23,101,19.02,Monocyte,Reporter.intensity.23,A12,9.270187693406,dAL_1k_Proto29_12,A12,1.0,12.0
A121Reporter.intensity.24,102,20.95,PDAC,Reporter.intensity.24,A12,9.41883748783607,dAL_1k_Proto29_12,A12,1.0,12.0
A121Reporter.intensity.25,103,24.88,Melanoma,Reporter.intensity.25,A12,9.93997242569648,dAL_1k_Proto29_12,A12,1.0,12.0
A121Reporter.intensity.26,104,25.05,Melanoma,Reporter.intensity.26,A12,9.34618213754496,dAL_1k_Proto29_12,A12,1.0,12.0
A121Reporter.intensity.27,105,27.12,Monocyte,Reporter.intensity.27,A12,10.3113536155215,dAL_1k_Proto29_12,A12,1.0,12.0
A121Reporter.intensity.28,106,23.04,PDAC,Reporter.intensity.28,A12,9.35567220609387,dAL_1k_Proto29_12,A12,1.0,12.0
A121Reporter.intensity.29,107,26.15,PDAC,Reporter.intensity.29,A12,10.16316713154,dAL_1k_Proto29_12,A12,1.0,12.0
A121Reporter.intensity.30,108,21.28,PDAC,Reporter.intensity.30,A12,9.43312562990056,dAL_1k_Proto29_12,A12,1.0,12.0
A121Reporter.intensity.31,109,21.76,Melanoma,Reporter.intensity.31,A12,9.11172912246141,dAL_1k_Proto29_12,A12,1.0,12.0
A121Reporter.intensity.32,110,21.72,Monocyte,Reporter.intensity.32,A12,9.71963995171685,dAL_1k_Proto29_12,A12,1.0,12.0
A121Reporter.intensity.4,111,20.88,Monocyte,Reporter.intensity.4,A12,9.42458579458804,dAL_1k_Proto29_12,A12,1.0,12.0
A121Reporter.intensity.5,112,24.79,PDAC,Reporter.intensity.5,A12,10.439601459381,dAL_1k_Proto29_12,A12,1.0,12.0
A121Reporter.intensity.6,113,22.08,PDAC,Reporter.intensity.6,A12,9.49300504529268,dAL_1k_Proto29_12,A12,1.0,12.0
A121Reporter.intensity.8,115,23.87,Melanoma,Reporter.intensity.8,A12,10.0400014115117,dAL_1k_Proto29_12,A12,1.0,12.0
A121Reporter.intensity.9,116,20.41,Monocyte,Reporter.intensity.9,A12,9.67668598555281,dAL_1k_Proto29_12,A12,1.0,12.0
A131Reporter.intensity.10,117,24.65,Monocyte,Reporter.intensity.10,A13,10.0561256289557,dAL_1k_Proto29_13,A13,1.0,13.0
A131Reporter.intensity.11,118,20.15,PDAC,Reporter.intensity.11,A13,9.65384988914034,dAL_1k_Proto29_13,A13,1.0,13.0
A131Reporter.intensity.12,119,22.28,PDAC,Reporter.intensity.12,A13,9.53247663013867,dAL_1k_Proto29_13,A13,1.0,13.0
A131Reporter.intensity.13,120,27.17,Melanoma,Reporter.intensity.13,A13,10.73855511665,dAL_1k_Proto29_13,A13,1.0,13.0
A131Reporter.intensity.14,121,24.02,Melanoma,Reporter.intensity.14,A13,10.2196713236281,dAL_1k_Proto29_13,A13,1.0,13.0
A131Reporter.intensity.15,122,23.08,Monocyte,Reporter.intensity.15,A13,9.93011486765443,dAL_1k_Proto29_13,A13,1.0,13.0
A131Reporter.intensity.16,123,19.88,Monocyte,Reporter.intensity.16,A13,9.54547241325782,dAL_1k_Proto29_13,A13,1.0,13.0
A131Reporter.intensity.17,124,21.06,Monocyte,Reporter.intensity.17,A13,9.5153802857294,dAL_1k_Proto29_13,A13,1.0,13.0
A131Reporter.intensity.18,125,21.79,PDAC,Reporter.intensity.18,A13,9.60727967957067,dAL_1k_Proto29_13,A13,1.0,13.0
A131Reporter.intensity.19,126,22.43,Melanoma,Reporter.intensity.19,A13,9.83416633854963,dAL_1k_Proto29_13,A13,1.0,13.0
A131Reporter.intensity.20,127,26.56,Melanoma,Reporter.intensity.20,A13,10.2915905526242,dAL_1k_Proto29_13,A13,1.0,13.0
A131Reporter.intensity.21,128,23.41,Melanoma,Reporter.intensity.21,A13,9.32085639456159,dAL_1k_Proto29_13,A13,1.0,13.0
A131Reporter.intensity.22,129,19.99,Monocyte,Reporter.intensity.22,A13,9.33759160335185,dAL_1k_Proto29_13,A13,1.0,13.0
A131Reporter.intensity.23,130,18.86,Monocyte,Reporter.intensity.23,A13,9.20984626332762,dAL_1k_Proto29_13,A13,1.0,13.0
A131Reporter.intensity.24,131,22.01,PDAC,Reporter.intensity.24,A13,9.54673912988578,dAL_1k_Proto29_13,A13,1.0,13.0
A131Reporter.intensity.25,132,27.54,PDAC,Reporter.intensity.25,A13,10.0347631043738,dAL_1k_Proto29_13,A13,1.0,13.0
A131Reporter.intensity.26,133,32.29,Melanoma,Reporter.intensity.26,A13,10.7730817459223,dAL_1k_Proto29_13,A13,1.0,13.0
A131Reporter.intensity.27,134,26.3,Melanoma,Reporter.intensity.27,A13,10.2954132593127,dAL_1k_Proto29_13,A13,1.0,13.0
A131Reporter.intensity.28,135,20.86,Monocyte,Reporter.intensity.28,A13,9.16244108573983,dAL_1k_Proto29_13,A13,1.0,13.0
A131Reporter.intensity.29,136,21.93,Monocyte,Reporter.intensity.29,A13,9.37658433475616,dAL_1k_Proto29_13,A13,1.0,13.0
A131Reporter.intensity.30,137,24.94,PDAC,Reporter.intensity.30,A13,9.83077586588658,dAL_1k_Proto29_13,A13,1.0,13.0
A131Reporter.intensity.31,138,24.22,Melanoma,Reporter.intensity.31,A13,9.99088846365418,dAL_1k_Proto29_13,A13,1.0,13.0
A131Reporter.intensity.4,140,17.74,Monocyte,Reporter.intensity.4,A13,9.17142820436876,dAL_1k_Proto29_13,A13,1.0,13.0
A131Reporter.intensity.5,141,27.0,PDAC,Reporter.intensity.5,A13,10.6235107559802,dAL_1k_Proto29_13,A13,1.0,13.0
A131Reporter.intensity.6,142,19.67,PDAC,Reporter.intensity.6,A13,9.34690940603424,dAL_1k_Proto29_13,A13,1.0,13.0
A131Reporter.intensity.7,143,27.87,PDAC,Reporter.intensity.7,A13,10.4376919186713,dAL_1k_Proto29_13,A13,1.0,13.0
A131Reporter.intensity.8,144,26.2,Melanoma,Reporter.intensity.8,A13,10.2630855882682,dAL_1k_Proto29_13,A13,1.0,13.0
A131Reporter.intensity.9,145,20.61,Monocyte,Reporter.intensity.9,A13,9.98257528336297,dAL_1k_Proto29_13,A13,1.0,13.0
A141Reporter.intensity.10,146,22.53,PDAC,Reporter.intensity.10,A14,9.9524655782577,dAL_1k_Proto29_14,A14,1.0,14.0
A141Reporter.intensity.11,147,29.27,Melanoma,Reporter.intensity.11,A14,10.7259660247503,dAL_1k_Proto29_14,A14,1.0,14.0
A141Reporter.intensity.12,148,23.78,Melanoma,Reporter.intensity.12,A14,9.36892132804912,dAL_1k_Proto29_14,A14,1.0,14.0
A141Reporter.intensity.13,149,21.04,Monocyte,Reporter.intensity.13,A14,9.67542520275241,dAL_1k_Proto29_14,A14,1.0,14.0
A141Reporter.intensity.14,150,22.15,Monocyte,Reporter.intensity.14,A14,10.3235172118567,dAL_1k_Proto29_14,A14,1.0,14.0
A141Reporter.intensity.15,151,22.32,Monocyte,Reporter.intensity.15,A14,10.0714345288796,dAL_1k_Proto29_14,A14,1.0,14.0
A141Reporter.intensity.16,152,24.82,PDAC,Reporter.intensity.16,A14,9.88798102021522,dAL_1k_Proto29_14,A14,1.0,14.0
A141Reporter.intensity.17,153,26.11,Melanoma,Reporter.intensity.17,A14,10.3770981734314,dAL_1k_Proto29_14,A14,1.0,14.0
A141Reporter.intensity.18,154,23.98,Melanoma,Reporter.intensity.18,A14,9.89473952791465,dAL_1k_Proto29_14,A14,1.0,14.0
A141Reporter.intensity.19,155,30.48,Melanoma,Reporter.intensity.19,A14,10.9490804766527,dAL_1k_Proto29_14,A14,1.0,14.0
A141Reporter.intensity.20,156,18.06,Monocyte,Reporter.intensity.20,A14,9.22130409033376,dAL_1k_Proto29_14,A14,1.0,14.0
A141Reporter.intensity.22,158,27.68,PDAC,Reporter.intensity.22,A14,10.1261553446386,dAL_1k_Proto29_14,A14,1.0,14.0
A141Reporter.intensity.23,159,32.9,PDAC,Reporter.intensity.23,A14,10.4245472277327,dAL_1k_Proto29_14,A14,1.0,14.0
A141Reporter.intensity.24,160,26.32,Melanoma,Reporter.intensity.24,A14,10.1034961986165,dAL_1k_Proto29_14,A14,1.0,14.0
A141Reporter.intensity.25,161,22.53,Melanoma,Reporter.intensity.25,A14,9.25461454240753,dAL_1k_Proto29_14,A14,1.0,14.0
A141Reporter.intensity.26,162,22.21,Monocyte,Reporter.intensity.26,A14,9.80352435447628,dAL_1k_Proto29_14,A14,1.0,14.0
A141Reporter.intensity.27,163,20.32,Monocyte,Reporter.intensity.27,A14,9.75707429454408,dAL_1k_Proto29_14,A14,1.0,14.0
A141Reporter.intensity.28,164,22.77,PDAC,Reporter.intensity.28,A14,9.64805495287865,dAL_1k_Proto29_14,A14,1.0,14.0
A141Reporter.intensity.29,165,25.24,Melanoma,Reporter.intensity.29,A14,10.3576834388156,dAL_1k_Proto29_14,A14,1.0,14.0
A141Reporter.intensity.31,167,19.5,Monocyte,Reporter.intensity.31,A14,9.65705625478658,dAL_1k_Proto29_14,A14,1.0,14.0
A141Reporter.intensity.32,168,23.4,PDAC,Reporter.intensity.32,A14,10.0446490906331,dAL_1k_Proto29_14,A14,1.0,14.0
A141Reporter.intensity.4,169,31.64,PDAC,Reporter.intensity.4,A14,10.5088508466257,dAL_1k_Proto29_14,A14,1.0,14.0
A141Reporter.intensity.5,170,22.39,PDAC,Reporter.intensity.5,A14,10.1759653243392,dAL_1k_Proto29_14,A14,1.0,14.0
A141Reporter.intensity.7,172,21.69,Monocyte,Reporter.intensity.7,A14,10.2831030062917,dAL_1k_Proto29_14,A14,1.0,14.0
A141Reporter.intensity.8,173,22.83,Monocyte,Reporter.intensity.8,A14,9.68535771968049,dAL_1k_Proto29_14,A14,1.0,14.0
A141Reporter.intensity.9,174,24.4,PDAC,Reporter.intensity.9,A14,10.0755960690766,dAL_1k_Proto29_14,A14,1.0,14.0
A151Reporter.intensity.11,176,20.8,Monocyte,Reporter.intensity.11,A15,9.64886981876051,dAL_1k_Proto29_15,A15,1.0,15.0
A151Reporter.intensity.13,178,19.82,Monocyte,Reporter.intensity.13,A15,9.57381962304204,dAL_1k_Proto29_15,A15,1.0,15.0
A151Reporter.intensity.14,179,22.3,PDAC,Reporter.intensity.14,A15,10.2041829456543,dAL_1k_Proto29_15,A15,1.0,15.0
A151Reporter.intensity.15,180,26.39,Melanoma,Reporter.intensity.15,A15,10.4545734366369,dAL_1k_Proto29_15,A15,1.0,15.0
A151Reporter.intensity.16,181,24.45,Melanoma,Reporter.intensity.16,A15,10.0434796603256,dAL_1k_Proto29_15,A15,1.0,15.0
A151Reporter.intensity.17,182,25.96,Melanoma,Reporter.intensity.17,A15,10.1834260764469,dAL_1k_Proto29_15,A15,1.0,15.0
A151Reporter.intensity.18,183,20.12,Monocyte,Reporter.intensity.18,A15,9.66332016167456,dAL_1k_Proto29_15,A15,1.0,15.0
A151Reporter.intensity.20,185,23.92,PDAC,Reporter.intensity.20,A15,9.73062040017227,dAL_1k_Proto29_15,A15,1.0,15.0
A151Reporter.intensity.21,186,27.5,PDAC,Reporter.intensity.21,A15,10.2361251292266,dAL_1k_Proto29_15,A15,1.0,15.0
A151Reporter.intensity.22,187,23.08,Melanoma,Reporter.intensity.22,A15,9.64048144925461,dAL_1k_Proto29_15,A15,1.0,15.0
A151Reporter.intensity.23,188,29.64,Melanoma,Reporter.intensity.23,A15,10.0615364277501,dAL_1k_Proto29_15,A15,1.0,15.0
A151Reporter.intensity.24,189,22.38,Monocyte,Reporter.intensity.24,A15,9.81734516742699,dAL_1k_Proto29_15,A15,1.0,15.0
A151Reporter.intensity.25,190,20.78,Monocyte,Reporter.intensity.25,A15,9.41210483474744,dAL_1k_Proto29_15,A15,1.0,15.0
A151Reporter.intensity.26,191,22.38,PDAC,Reporter.intensity.26,A15,9.17466836855359,dAL_1k_Proto29_15,A15,1.0,15.0
A151Reporter.intensity.27,192,25.63,Melanoma,Reporter.intensity.27,A15,10.3246167881443,dAL_1k_Proto29_15,A15,1.0,15.0
A151Reporter.intensity.28,193,24.78,Melanoma,Reporter.intensity.28,A15,9.9023707424773,dAL_1k_Proto29_15,A15,1.0,15.0
A151Reporter.intensity.29,194,20.48,Monocyte,Reporter.intensity.29,A15,9.41918626921807,dAL_1k_Proto29_15,A15,1.0,15.0
A151Reporter.intensity.30,195,25.89,PDAC,Reporter.intensity.30,A15,9.79981692520288,dAL_1k_Proto29_15,A15,1.0,15.0
A151Reporter.intensity.5,199,23.12,Monocyte,Reporter.intensity.5,A15,10.3035871494118,dAL_1k_Proto29_15,A15,1.0,15.0
A151Reporter.intensity.6,200,19.15,Monocyte,Reporter.intensity.6,A15,9.07680706104323,dAL_1k_Proto29_15,A15,1.0,15.0
A151Reporter.intensity.7,201,24.95,PDAC,Reporter.intensity.7,A15,10.3059485381975,dAL_1k_Proto29_15,A15,1.0,15.0
A151Reporter.intensity.8,202,25.56,PDAC,Reporter.intensity.8,A15,9.99373896456585,dAL_1k_Proto29_15,A15,1.0,15.0
A151Reporter.intensity.9,203,25.5,Melanoma,Reporter.intensity.9,A15,10.4396439679119,dAL_1k_Proto29_15,A15,1.0,15.0
A161Reporter.intensity.10,204,20.78,Monocyte,Reporter.intensity.10,A16,9.96147594843861,dAL_1k_Proto29_16,A16,1.0,16.0
A161Reporter.intensity.11,205,17.37,Monocyte,Reporter.intensity.11,A16,9.22407856564166,dAL_1k_Proto29_16,A16,1.0,16.0
A161Reporter.intensity.12,206,22.79,PDAC,Reporter.intensity.12,A16,9.03470468158054,dAL_1k_Proto29_16,A16,1.0,16.0
A161Reporter.intensity.13,207,23.62,Melanoma,Reporter.intensity.13,A16,10.1271400675734,dAL_1k_Proto29_16,A16,1.0,16.0
A161Reporter.intensity.15,209,23.33,Melanoma,Reporter.intensity.15,A16,9.65191792512836,dAL_1k_Proto29_16,A16,1.0,16.0
A161Reporter.intensity.16,210,18.24,Monocyte,Reporter.intensity.16,A16,9.19633114135564,dAL_1k_Proto29_16,A16,1.0,16.0
A161Reporter.intensity.17,211,19.97,Monocyte,Reporter.intensity.17,A16,9.58757757908888,dAL_1k_Proto29_16,A16,1.0,16.0
A161Reporter.intensity.18,212,26.89,PDAC,Reporter.intensity.18,A16,10.2605795548961,dAL_1k_Proto29_16,A16,1.0,16.0
A161Reporter.intensity.19,213,23.12,PDAC,Reporter.intensity.19,A16,9.89076850541201,dAL_1k_Proto29_16,A16,1.0,16.0
A161Reporter.intensity.20,214,26.0,Melanoma,Reporter.intensity.20,A16,10.0199337206351,dAL_1k_Proto29_16,A16,1.0,16.0
A161Reporter.intensity.21,215,24.16,Melanoma,Reporter.intensity.21,A16,9.77259126204954,dAL_1k_Proto29_16,A16,1.0,16.0
A161Reporter.intensity.22,216,21.84,Monocyte,Reporter.intensity.22,A16,9.50035218410429,dAL_1k_Proto29_16,A16,1.0,16.0
A161Reporter.intensity.23,217,19.26,Monocyte,Reporter.intensity.23,A16,9.11165299661747,dAL_1k_Proto29_16,A16,1.0,16.0
A161Reporter.intensity.24,218,20.63,PDAC,Reporter.intensity.24,A16,9.23675167710859,dAL_1k_Proto29_16,A16,1.0,16.0
A161Reporter.intensity.25,219,22.31,Melanoma,Reporter.intensity.25,A16,9.91633728041791,dAL_1k_Proto29_16,A16,1.0,16.0
A161Reporter.intensity.26,220,21.95,Melanoma,Reporter.intensity.26,A16,9.85328320336003,dAL_1k_Proto29_16,A16,1.0,16.0
A161Reporter.intensity.28,222,23.67,PDAC,Reporter.intensity.28,A16,9.51115741077143,dAL_1k_Proto29_16,A16,1.0,16.0
A161Reporter.intensity.29,223,29.64,PDAC,Reporter.intensity.29,A16,10.4059054298194,dAL_1k_Proto29_16,A16,1.0,16.0
A161Reporter.intensity.30,224,31.76,PDAC,Reporter.intensity.30,A16,10.5502360397104,dAL_1k_Proto29_16,A16,1.0,16.0
A161Reporter.intensity.32,226,20.99,Monocyte,Reporter.intensity.32,A16,9.63332210421132,dAL_1k_Proto29_16,A16,1.0,16.0
A161Reporter.intensity.4,227,22.47,Monocyte,Reporter.intensity.4,A16,9.52895803050929,dAL_1k_Proto29_16,A16,1.0,16.0
A161Reporter.intensity.5,228,27.48,PDAC,Reporter.intensity.5,A16,10.6633324493246,dAL_1k_Proto29_16,A16,1.0,16.0
A161Reporter.intensity.6,229,25.18,PDAC,Reporter.intensity.6,A16,9.76161790522929,dAL_1k_Proto29_16,A16,1.0,16.0
A161Reporter.intensity.8,231,22.34,Melanoma,Reporter.intensity.8,A16,9.75910752712488,dAL_1k_Proto29_16,A16,1.0,16.0
A161Reporter.intensity.9,232,17.37,Monocyte,Reporter.intensity.9,A16,9.58301487813083,dAL_1k_Proto29_16,A16,1.0,16.0
A171Reporter.intensity.10,233,17.62,Monocyte,Reporter.intensity.10,A17,9.47995082892317,dAL_1k_Proto29_17,A17,1.0,17.0
A171Reporter.intensity.11,234,25.34,PDAC,Reporter.intensity.11,A17,10.0184378031557,dAL_1k_Proto29_17,A17,1.0,17.0
A171Reporter.intensity.12,235,27.72,PDAC,Reporter.intensity.12,A17,9.9661909932104,dAL_1k_Proto29_17,A17,1.0,17.0
A171Reporter.intensity.13,236,22.59,Melanoma,Reporter.intensity.13,A17,9.75133646027658,dAL_1k_Proto29_17,A17,1.0,17.0
A171Reporter.intensity.16,239,24.63,Monocyte,Reporter.intensity.16,A17,9.86436360509608,dAL_1k_Proto29_17,A17,1.0,17.0
A171Reporter.intensity.17,240,20.03,Monocyte,Reporter.intensity.17,A17,9.3359123677186,dAL_1k_Proto29_17,A17,1.0,17.0
A171Reporter.intensity.18,241,19.97,PDAC,Reporter.intensity.18,A17,9.55162157746071,dAL_1k_Proto29_17,A17,1.0,17.0
A171Reporter.intensity.19,242,23.58,Melanoma,Reporter.intensity.19,A17,9.71026762829819,dAL_1k_Proto29_17,A17,1.0,17.0
A171Reporter.intensity.20,243,27.78,Melanoma,Reporter.intensity.20,A17,10.1381496641684,dAL_1k_Proto29_17,A17,1.0,17.0
A171Reporter.intensity.21,244,22.06,Melanoma,Reporter.intensity.21,A17,9.48921027037449,dAL_1k_Proto29_17,A17,1.0,17.0
A171Reporter.intensity.22,245,19.73,Monocyte,Reporter.intensity.22,A17,9.2735442557917,dAL_1k_Proto29_17,A17,1.0,17.0
A171Reporter.intensity.23,246,17.92,Monocyte,Reporter.intensity.23,A17,8.94550459208494,dAL_1k_Proto29_17,A17,1.0,17.0
A171Reporter.intensity.24,247,24.01,PDAC,Reporter.intensity.24,A17,9.61211486129738,dAL_1k_Proto29_17,A17,1.0,17.0
A171Reporter.intensity.25,248,21.32,PDAC,Reporter.intensity.25,A17,9.42888391830803,dAL_1k_Proto29_17,A17,1.0,17.0
A171Reporter.intensity.27,250,23.15,Melanoma,Reporter.intensity.27,A17,9.60392297498838,dAL_1k_Proto29_17,A17,1.0,17.0
A171Reporter.intensity.28,251,18.91,Monocyte,Reporter.intensity.28,A17,8.73838398225249,dAL_1k_Proto29_17,A17,1.0,17.0
A171Reporter.intensity.29,252,21.29,Monocyte,Reporter.intensity.29,A17,9.79037842343205,dAL_1k_Proto29_17,A17,1.0,17.0
A171Reporter.intensity.31,254,33.98,Melanoma,Reporter.intensity.31,A17,11.2269119273686,dAL_1k_Proto29_17,A17,1.0,17.0
A171Reporter.intensity.32,255,22.19,Melanoma,Reporter.intensity.32,A17,9.61292477127508,dAL_1k_Proto29_17,A17,1.0,17.0
A171Reporter.intensity.4,256,18.08,Monocyte,Reporter.intensity.4,A17,9.06678882878223,dAL_1k_Proto29_17,A17,1.0,17.0
A171Reporter.intensity.5,257,19.53,PDAC,Reporter.intensity.5,A17,10.096928700009,dAL_1k_Proto29_17,A17,1.0,17.0
A171Reporter.intensity.6,258,22.93,PDAC,Reporter.intensity.6,A17,9.53845978650621,dAL_1k_Proto29_17,A17,1.0,17.0
A171Reporter.intensity.7,259,27.59,PDAC,Reporter.intensity.7,A17,10.6860032409698,dAL_1k_Proto29_17,A17,1.0,17.0
A171Reporter.intensity.8,260,23.9,Melanoma,Reporter.intensity.8,A17,9.18917351524073,dAL_1k_Proto29_17,A17,1.0,17.0
A171Reporter.intensity.9,261,23.1,Monocyte,Reporter.intensity.9,A17,9.81313442703068,dAL_1k_Proto29_17,A17,1.0,17.0
A181Reporter.intensity.10,262,28.32,PDAC,Reporter.intensity.10,A18,10.5568334762601,dAL_1k_Proto29_18,A18,1.0,18.0
A181Reporter.intensity.11,263,29.3,Melanoma,Reporter.intensity.11,A18,10.3059538186603,dAL_1k_Proto29_18,A18,1.0,18.0
A181Reporter.intensity.12,264,31.42,Melanoma,Reporter.intensity.12,A18,10.9503374516275,dAL_1k_Proto29_18,A18,1.0,18.0
A181Reporter.intensity.13,265,21.01,Monocyte,Reporter.intensity.13,A18,9.83524418953433,dAL_1k_Proto29_18,A18,1.0,18.0
A181Reporter.intensity.14,266,20.58,Monocyte,Reporter.intensity.14,A18,10.0690244413955,dAL_1k_Proto29_18,A18,1.0,18.0
A181Reporter.intensity.15,267,19.99,Monocyte,Reporter.intensity.15,A18,9.67765692297931,dAL_1k_Proto29_18,A18,1.0,18.0
A181Reporter.intensity.16,268,32.04,PDAC,Reporter.intensity.16,A18,10.0508897918653,dAL_1k_Proto29_18,A18,1.0,18.0
A181Reporter.intensity.17,269,25.2,Melanoma,Reporter.intensity.17,A18,10.106678516317,dAL_1k_Proto29_18,A18,1.0,18.0
A181Reporter.intensity.18,270,29.78,Melanoma,Reporter.intensity.18,A18,10.6385276799173,dAL_1k_Proto29_18,A18,1.0,18.0
A181Reporter.intensity.19,271,22.65,Melanoma,Reporter.intensity.19,A18,10.016260276473,dAL_1k_Proto29_18,A18,1.0,18.0
A181Reporter.intensity.22,274,22.32,PDAC,Reporter.intensity.22,A18,9.55038154968922,dAL_1k_Proto29_18,A18,1.0,18.0
A181Reporter.intensity.23,275,31.32,PDAC,Reporter.intensity.23,A18,9.97927367615929,dAL_1k_Proto29_18,A18,1.0,18.0
A181Reporter.intensity.24,276,24.04,Melanoma,Reporter.intensity.24,A18,9.75705969922694,dAL_1k_Proto29_18,A18,1.0,18.0
A181Reporter.intensity.25,277,22.65,Melanoma,Reporter.intensity.25,A18,9.15683097389747,dAL_1k_Proto29_18,A18,1.0,18.0
A181Reporter.intensity.26,278,22.98,Monocyte,Reporter.intensity.26,A18,9.81616451028914,dAL_1k_Proto29_18,A18,1.0,18.0
A181Reporter.intensity.27,279,17.2,Monocyte,Reporter.intensity.27,A18,9.17281627811814,dAL_1k_Proto29_18,A18,1.0,18.0
A181Reporter.intensity.28,280,24.69,PDAC,Reporter.intensity.28,A18,9.69970518627438,dAL_1k_Proto29_18,A18,1.0,18.0
A181Reporter.intensity.29,281,24.06,Melanoma,Reporter.intensity.29,A18,10.0065793561992,dAL_1k_Proto29_18,A18,1.0,18.0
A181Reporter.intensity.30,282,25.06,Melanoma,Reporter.intensity.30,A18,10.0720713813595,dAL_1k_Proto29_18,A18,1.0,18.0
A181Reporter.intensity.31,283,22.15,Monocyte,Reporter.intensity.31,A18,9.79173388062018,dAL_1k_Proto29_18,A18,1.0,18.0
A181Reporter.intensity.32,284,20.23,PDAC,Reporter.intensity.32,A18,9.25691519205568,dAL_1k_Proto29_18,A18,1.0,18.0
A181Reporter.intensity.4,285,21.66,PDAC,Reporter.intensity.4,A18,9.52665129359476,dAL_1k_Proto29_18,A18,1.0,18.0
A181Reporter.intensity.5,286,21.74,PDAC,Reporter.intensity.5,A18,10.3427588588943,dAL_1k_Proto29_18,A18,1.0,18.0
A181Reporter.intensity.6,287,25.92,Melanoma,Reporter.intensity.6,A18,9.1216051166399,dAL_1k_Proto29_18,A18,1.0,18.0
A181Reporter.intensity.7,288,19.56,Monocyte,Reporter.intensity.7,A18,10.1284382078515,dAL_1k_Proto29_18,A18,1.0,18.0
A181Reporter.intensity.8,289,19.36,Monocyte,Reporter.intensity.8,A18,9.43818326939869,dAL_1k_Proto29_18,A18,1.0,18.0
A181Reporter.intensity.9,290,26.73,PDAC,Reporter.intensity.9,A18,10.3572546859113,dAL_1k_Proto29_18,A18,1.0,18.0
A191Reporter.intensity.10,291,24.4,Melanoma,Reporter.intensity.10,A19,10.2544291532858,dAL_1k_Proto29_19,A19,1.0,19.0
A191Reporter.intensity.11,292,17.7,Monocyte,Reporter.intensity.11,A19,9.49670140442779,dAL_1k_Proto29_19,A19,1.0,19.0
A191Reporter.intensity.12,293,18.8,Monocyte,Reporter.intensity.12,A19,9.36371535363487,dAL_1k_Proto29_19,A19,1.0,19.0
A191Reporter.intensity.13,294,28.42,Monocyte,Reporter.intensity.13,A19,10.3398764678986,dAL_1k_Proto29_19,A19,1.0,19.0
A191Reporter.intensity.14,295,27.22,PDAC,Reporter.intensity.14,A19,10.5960802914787,dAL_1k_Proto29_19,A19,1.0,19.0
A191Reporter.intensity.15,296,26.31,Melanoma,Reporter.intensity.15,A19,10.2374358592298,dAL_1k_Proto29_19,A19,1.0,19.0
A191Reporter.intensity.17,298,31.21,Melanoma,Reporter.intensity.17,A19,10.8031768188806,dAL_1k_Proto29_19,A19,1.0,19.0
A191Reporter.intensity.18,299,24.21,Monocyte,Reporter.intensity.18,A19,10.0438865050017,dAL_1k_Proto29_19,A19,1.0,19.0
A191Reporter.intensity.20,301,25.61,PDAC,Reporter.intensity.20,A19,9.78878849293817,dAL_1k_Proto29_19,A19,1.0,19.0
A191Reporter.intensity.21,302,20.75,PDAC,Reporter.intensity.21,A19,8.78044480046615,dAL_1k_Proto29_19,A19,1.0,19.0
A191Reporter.intensity.22,303,24.39,Melanoma,Reporter.intensity.22,A19,10.1092388342503,dAL_1k_Proto29_19,A19,1.0,19.0
A191Reporter.intensity.23,304,23.72,Melanoma,Reporter.intensity.23,A19,9.89324315490617,dAL_1k_Proto29_19,A19,1.0,19.0
A191Reporter.intensity.24,305,17.74,Monocyte,Reporter.intensity.24,A19,9.20075125581481,dAL_1k_Proto29_19,A19,1.0,19.0
A191Reporter.intensity.25,306,21.95,Monocyte,Reporter.intensity.25,A19,9.51135831980377,dAL_1k_Proto29_19,A19,1.0,19.0
A191Reporter.intensity.26,307,20.33,PDAC,Reporter.intensity.26,A19,9.64931758442545,dAL_1k_Proto29_19,A19,1.0,19.0
A191Reporter.intensity.27,308,23.24,Melanoma,Reporter.intensity.27,A19,9.69836097725165,dAL_1k_Proto29_19,A19,1.0,19.0
A191Reporter.intensity.28,309,24.2,Melanoma,Reporter.intensity.28,A19,9.5291058764295,dAL_1k_Proto29_19,A19,1.0,19.0
A191Reporter.intensity.30,311,20.91,PDAC,Reporter.intensity.30,A19,9.42206890677029,dAL_1k_Proto29_19,A19,1.0,19.0
A191Reporter.intensity.31,312,20.18,PDAC,Reporter.intensity.31,A19,9.39849206445639,dAL_1k_Proto29_19,A19,1.0,19.0
A191Reporter.intensity.32,313,24.51,PDAC,Reporter.intensity.32,A19,9.81436570630255,dAL_1k_Proto29_19,A19,1.0,19.0
A191Reporter.intensity.4,314,23.74,Melanoma,Reporter.intensity.4,A19,9.37131937679115,dAL_1k_Proto29_19,A19,1.0,19.0
A191Reporter.intensity.5,315,20.0,Monocyte,Reporter.intensity.5,A19,10.2222832080851,dAL_1k_Proto29_19,A19,1.0,19.0
A191Reporter.intensity.6,316,21.24,Monocyte,Reporter.intensity.6,A19,9.34338971671113,dAL_1k_Proto29_19,A19,1.0,19.0
A191Reporter.intensity.7,317,27.45,PDAC,Reporter.intensity.7,A19,10.6494721402617,dAL_1k_Proto29_19,A19,1.0,19.0
A191Reporter.intensity.8,318,23.23,PDAC,Reporter.intensity.8,A19,9.73169246512364,dAL_1k_Proto29_19,A19,1.0,19.0
A191Reporter.intensity.9,319,29.39,Melanoma,Reporter.intensity.9,A19,10.7829802624653,dAL_1k_Proto29_19,A19,1.0,19.0
A201Reporter.intensity.12,322,25.54,PDAC,Reporter.intensity.12,A20,9.28790463481507,dAL_1k_Proto29_20,A20,1.0,20.0
A201Reporter.intensity.13,323,21.51,Melanoma,Reporter.intensity.13,A20,9.72980906096142,dAL_1k_Proto29_20,A20,1.0,20.0
A201Reporter.intensity.15,325,22.5,Melanoma,Reporter.intensity.15,A20,10.3722312903208,dAL_1k_Proto29_20,A20,1.0,20.0
A201Reporter.intensity.16,326,18.78,Monocyte,Reporter.intensity.16,A20,9.08439454662786,dAL_1k_Proto29_20,A20,1.0,20.0
A201Reporter.intensity.17,327,22.42,Monocyte,Reporter.intensity.17,A20,9.90598338460082,dAL_1k_Proto29_20,A20,1.0,20.0
A201Reporter.intensity.18,328,19.67,PDAC,Reporter.intensity.18,A20,9.63880746198527,dAL_1k_Proto29_20,A20,1.0,20.0
A201Reporter.intensity.19,329,21.58,PDAC,Reporter.intensity.19,A20,9.80161464172707,dAL_1k_Proto29_20,A20,1.0,20.0
A201Reporter.intensity.20,330,24.51,Melanoma,Reporter.intensity.20,A20,10.0591748330167,dAL_1k_Proto29_20,A20,1.0,20.0
A201Reporter.intensity.21,331,22.85,Melanoma,Reporter.intensity.21,A20,9.94176729844615,dAL_1k_Proto29_20,A20,1.0,20.0
A201Reporter.intensity.22,332,17.34,Monocyte,Reporter.intensity.22,A20,9.02800259910338,dAL_1k_Proto29_20,A20,1.0,20.0
A201Reporter.intensity.23,333,18.9,Monocyte,Reporter.intensity.23,A20,9.33608093268635,dAL_1k_Proto29_20,A20,1.0,20.0
A201Reporter.intensity.24,334,26.25,PDAC,Reporter.intensity.24,A20,9.96571775940311,dAL_1k_Proto29_20,A20,1.0,20.0
A201Reporter.intensity.25,335,25.87,Melanoma,Reporter.intensity.25,A20,10.1749822622689,dAL_1k_Proto29_20,A20,1.0,20.0
A201Reporter.intensity.27,337,21.38,Monocyte,Reporter.intensity.27,A20,9.66971568235136,dAL_1k_Proto29_20,A20,1.0,20.0
A201Reporter.intensity.28,338,25.43,PDAC,Reporter.intensity.28,A20,9.6761424768506,dAL_1k_Proto29_20,A20,1.0,20.0
A201Reporter.intensity.29,339,25.49,PDAC,Reporter.intensity.29,A20,9.85674067983486,dAL_1k_Proto29_20,A20,1.0,20.0
A201Reporter.intensity.30,340,20.54,PDAC,Reporter.intensity.30,A20,9.55156339482735,dAL_1k_Proto29_20,A20,1.0,20.0
A201Reporter.intensity.32,342,19.18,Monocyte,Reporter.intensity.32,A20,9.29007623325007,dAL_1k_Proto29_20,A20,1.0,20.0
A201Reporter.intensity.4,343,24.66,Monocyte,Reporter.intensity.4,A20,10.1585003575586,dAL_1k_Proto29_20,A20,1.0,20.0
A201Reporter.intensity.5,344,19.31,PDAC,Reporter.intensity.5,A20,10.2677731122247,dAL_1k_Proto29_20,A20,1.0,20.0
A201Reporter.intensity.6,345,19.45,PDAC,Reporter.intensity.6,A20,9.42855123422002,dAL_1k_Proto29_20,A20,1.0,20.0
A201Reporter.intensity.8,347,23.25,Melanoma,Reporter.intensity.8,A20,10.0803952161822,dAL_1k_Proto29_20,A20,1.0,20.0
A201Reporter.intensity.9,348,19.54,Monocyte,Reporter.intensity.9,A20,9.7938047568413,dAL_1k_Proto29_20,A20,1.0,20.0
A211Reporter.intensity.10,349,24.24,Monocyte,Reporter.intensity.10,A21,9.9791248999554,dAL_1k_Proto29_21,A21,1.0,21.0
A211Reporter.intensity.11,350,28.68,PDAC,Reporter.intensity.11,A21,10.3510105872672,dAL_1k_Proto29_21,A21,1.0,21.0
A211Reporter.intensity.12,351,29.73,PDAC,Reporter.intensity.12,A21,10.2211432779784,dAL_1k_Proto29_21,A21,1.0,21.0
A211Reporter.intensity.13,352,25.19,Melanoma,Reporter.intensity.13,A21,9.86550746023266,dAL_1k_Proto29_21,A21,1.0,21.0
A211Reporter.intensity.14,353,32.4,Melanoma,Reporter.intensity.14,A21,11.109270179224,dAL_1k_Proto29_21,A21,1.0,21.0
A211Reporter.intensity.15,354,19.15,Monocyte,Reporter.intensity.15,A21,9.45866497376338,dAL_1k_Proto29_21,A21,1.0,21.0
A211Reporter.intensity.16,355,20.39,Monocyte,Reporter.intensity.16,A21,9.372753235683,dAL_1k_Proto29_21,A21,1.0,21.0
A211Reporter.intensity.17,356,22.13,Monocyte,Reporter.intensity.17,A21,9.64947997995458,dAL_1k_Proto29_21,A21,1.0,21.0
A211Reporter.intensity.18,357,23.67,PDAC,Reporter.intensity.18,A21,9.62998253033401,dAL_1k_Proto29_21,A21,1.0,21.0
A211Reporter.intensity.19,358,30.46,Melanoma,Reporter.intensity.19,A21,10.6783049666931,dAL_1k_Proto29_21,A21,1.0,21.0
A211Reporter.intensity.20,359,24.1,Melanoma,Reporter.intensity.20,A21,9.91984041692869,dAL_1k_Proto29_21,A21,1.0,21.0
A211Reporter.intensity.21,360,21.62,Melanoma,Reporter.intensity.21,A21,9.28074646712715,dAL_1k_Proto29_21,A21,1.0,21.0
A211Reporter.intensity.22,361,19.18,Monocyte,Reporter.intensity.22,A21,9.27997294481687,dAL_1k_Proto29_21,A21,1.0,21.0
A211Reporter.intensity.23,362,18.28,Monocyte,Reporter.intensity.23,A21,8.84367873682077,dAL_1k_Proto29_21,A21,1.0,21.0
A211Reporter.intensity.24,363,20.24,PDAC,Reporter.intensity.24,A21,9.47152796962652,dAL_1k_Proto29_21,A21,1.0,21.0
A211Reporter.intensity.25,364,27.32,PDAC,Reporter.intensity.25,A21,10.1917704399097,dAL_1k_Proto29_21,A21,1.0,21.0
A211Reporter.intensity.27,366,22.38,Melanoma,Reporter.intensity.27,A21,9.50010339277797,dAL_1k_Proto29_21,A21,1.0,21.0
A211Reporter.intensity.28,367,21.28,Monocyte,Reporter.intensity.28,A21,9.4938952331718,dAL_1k_Proto29_21,A21,1.0,21.0
A211Reporter.intensity.29,368,21.25,Monocyte,Reporter.intensity.29,A21,9.62523648047152,dAL_1k_Proto29_21,A21,1.0,21.0
A211Reporter.intensity.30,369,26.65,PDAC,Reporter.intensity.30,A21,10.0243351833796,dAL_1k_Proto29_21,A21,1.0,21.0
A211Reporter.intensity.31,370,23.85,Melanoma,Reporter.intensity.31,A21,10.0002305382901,dAL_1k_Proto29_21,A21,1.0,21.0
A211Reporter.intensity.32,371,28.82,Melanoma,Reporter.intensity.32,A21,10.5398763088977,dAL_1k_Proto29_21,A21,1.0,21.0
A211Reporter.intensity.4,372,23.81,Monocyte,Reporter.intensity.4,A21,9.84361567764696,dAL_1k_Proto29_21,A21,1.0,21.0
A211Reporter.intensity.5,373,30.42,PDAC,Reporter.intensity.5,A21,11.095403283356,dAL_1k_Proto29_21,A21,1.0,21.0
A211Reporter.intensity.6,374,23.72,PDAC,Reporter.intensity.6,A21,9.67472687700469,dAL_1k_Proto29_21,A21,1.0,21.0
A211Reporter.intensity.7,375,28.6,PDAC,Reporter.intensity.7,A21,10.694403467269,dAL_1k_Proto29_21,A21,1.0,21.0
A211Reporter.intensity.8,376,25.57,Melanoma,Reporter.intensity.8,A21,9.42996608053718,dAL_1k_Proto29_21,A21,1.0,21.0
A211Reporter.intensity.9,377,18.77,Monocyte,Reporter.intensity.9,A21,9.92569482054883,dAL_1k_Proto29_21,A21,1.0,21.0
A21Reporter.intensity.10,378,25.26,PDAC,Reporter.intensity.10,A2,10.5750383884013,dAL_1k_Proto29_2,A2,1.0,2.0
A21Reporter.intensity.11,379,23.03,Melanoma,Reporter.intensity.11,A2,9.57945695553052,dAL_1k_Proto29_2,A2,1.0,2.0
A21Reporter.intensity.14,382,22.34,Monocyte,Reporter.intensity.14,A2,10.7541352826357,dAL_1k_Proto29_2,A2,1.0,2.0
A21Reporter.intensity.15,383,19.51,Monocyte,Reporter.intensity.15,A2,10.0820449779119,dAL_1k_Proto29_2,A2,1.0,2.0
A21Reporter.intensity.18,386,25.25,Melanoma,Reporter.intensity.18,A2,10.941362224856,dAL_1k_Proto29_2,A2,1.0,2.0
A21Reporter.intensity.19,387,24.98,Melanoma,Reporter.intensity.19,A2,10.8983501153759,dAL_1k_Proto29_2,A2,1.0,2.0
A21Reporter.intensity.20,388,22.25,Monocyte,Reporter.intensity.20,A2,9.95398210060286,dAL_1k_Proto29_2,A2,1.0,2.0
A21Reporter.intensity.21,389,19.7,Monocyte,Reporter.intensity.21,A2,9.72103475209207,dAL_1k_Proto29_2,A2,1.0,2.0
A21Reporter.intensity.22,390,29.58,PDAC,Reporter.intensity.22,A2,10.2267552198766,dAL_1k_Proto29_2,A2,1.0,2.0
A21Reporter.intensity.23,391,27.41,PDAC,Reporter.intensity.23,A2,10.8644352423674,dAL_1k_Proto29_2,A2,1.0,2.0
A21Reporter.intensity.24,392,23.67,Melanoma,Reporter.intensity.24,A2,10.2914571197278,dAL_1k_Proto29_2,A2,1.0,2.0
A21Reporter.intensity.25,393,24.71,Melanoma,Reporter.intensity.25,A2,10.0617015930882,dAL_1k_Proto29_2,A2,1.0,2.0
A21Reporter.intensity.26,394,22.24,Monocyte,Reporter.intensity.26,A2,10.3257006863356,dAL_1k_Proto29_2,A2,1.0,2.0
A21Reporter.intensity.27,395,18.51,Monocyte,Reporter.intensity.27,A2,9.72092177887485,dAL_1k_Proto29_2,A2,1.0,2.0
A21Reporter.intensity.28,396,26.23,PDAC,Reporter.intensity.28,A2,10.4887225393992,dAL_1k_Proto29_2,A2,1.0,2.0
A21Reporter.intensity.29,397,23.29,Melanoma,Reporter.intensity.29,A2,10.1911321124724,dAL_1k_Proto29_2,A2,1.0,2.0
A21Reporter.intensity.30,398,23.36,Melanoma,Reporter.intensity.30,A2,10.460288704263,dAL_1k_Proto29_2,A2,1.0,2.0
A21Reporter.intensity.32,400,23.88,PDAC,Reporter.intensity.32,A2,10.3348000509919,dAL_1k_Proto29_2,A2,1.0,2.0
A21Reporter.intensity.4,401,22.74,PDAC,Reporter.intensity.4,A2,10.4260169047903,dAL_1k_Proto29_2,A2,1.0,2.0
A21Reporter.intensity.5,402,20.64,PDAC,Reporter.intensity.5,A2,10.5749040740965,dAL_1k_Proto29_2,A2,1.0,2.0
A21Reporter.intensity.8,405,23.62,Monocyte,Reporter.intensity.8,A2,10.2200434859481,dAL_1k_Proto29_2,A2,1.0,2.0
A21Reporter.intensity.9,406,22.51,PDAC,Reporter.intensity.9,A2,10.3845778369445,dAL_1k_Proto29_2,A2,1.0,2.0
A221Reporter.intensity.10,407,19.71,PDAC,Reporter.intensity.10,A22,9.94655459134859,dAL_1k_Proto29_22,A22,1.0,22.0
A221Reporter.intensity.11,408,24.37,Melanoma,Reporter.intensity.11,A22,9.41299371950887,dAL_1k_Proto29_22,A22,1.0,22.0
A221Reporter.intensity.12,409,28.51,Melanoma,Reporter.intensity.12,A22,10.5694490316608,dAL_1k_Proto29_22,A22,1.0,22.0
A221Reporter.intensity.13,410,19.48,Monocyte,Reporter.intensity.13,A22,9.67398268977155,dAL_1k_Proto29_22,A22,1.0,22.0
A221Reporter.intensity.14,411,20.42,Monocyte,Reporter.intensity.14,A22,10.146444337406,dAL_1k_Proto29_22,A22,1.0,22.0
A221Reporter.intensity.15,412,21.12,Monocyte,Reporter.intensity.15,A22,9.87929116511074,dAL_1k_Proto29_22,A22,1.0,22.0
A221Reporter.intensity.16,413,24.44,PDAC,Reporter.intensity.16,A22,9.75443662950008,dAL_1k_Proto29_22,A22,1.0,22.0
A221Reporter.intensity.17,414,22.4,Melanoma,Reporter.intensity.17,A22,9.50841873908504,dAL_1k_Proto29_22,A22,1.0,22.0
A221Reporter.intensity.19,416,29.04,Melanoma,Reporter.intensity.19,A22,10.7477560734124,dAL_1k_Proto29_22,A22,1.0,22.0
A221Reporter.intensity.20,417,17.43,Monocyte,Reporter.intensity.20,A22,9.21397659022128,dAL_1k_Proto29_22,A22,1.0,22.0
A221Reporter.intensity.21,418,19.68,Monocyte,Reporter.intensity.21,A22,9.66674643634458,dAL_1k_Proto29_22,A22,1.0,22.0
A221Reporter.intensity.22,419,20.72,PDAC,Reporter.intensity.22,A22,9.42567089206709,dAL_1k_Proto29_22,A22,1.0,22.0
A221Reporter.intensity.23,420,21.39,PDAC,Reporter.intensity.23,A22,9.52258813678193,dAL_1k_Proto29_22,A22,1.0,22.0
A221Reporter.intensity.25,422,32.21,Melanoma,Reporter.intensity.25,A22,10.9727604191282,dAL_1k_Proto29_22,A22,1.0,22.0
A221Reporter.intensity.26,423,17.55,Monocyte,Reporter.intensity.26,A22,9.20906971255501,dAL_1k_Proto29_22,A22,1.0,22.0
A221Reporter.intensity.27,424,21.17,Monocyte,Reporter.intensity.27,A22,9.47934328846499,dAL_1k_Proto29_22,A22,1.0,22.0
A221Reporter.intensity.28,425,22.5,PDAC,Reporter.intensity.28,A22,9.62277327714664,dAL_1k_Proto29_22,A22,1.0,22.0
A221Reporter.intensity.29,426,25.16,Melanoma,Reporter.intensity.29,A22,10.192370047952,dAL_1k_Proto29_22,A22,1.0,22.0
A221Reporter.intensity.30,427,25.78,Melanoma,Reporter.intensity.30,A22,9.30923422377425,dAL_1k_Proto29_22,A22,1.0,22.0
A221Reporter.intensity.32,429,21.6,PDAC,Reporter.intensity.32,A22,9.26226845872492,dAL_1k_Proto29_22,A22,1.0,22.0
A221Reporter.intensity.4,430,24.41,PDAC,Reporter.intensity.4,A22,10.0334706576179,dAL_1k_Proto29_22,A22,1.0,22.0
A221Reporter.intensity.5,431,21.06,PDAC,Reporter.intensity.5,A22,10.0694931827613,dAL_1k_Proto29_22,A22,1.0,22.0
A221Reporter.intensity.6,432,24.26,Melanoma,Reporter.intensity.6,A22,9.88272506569094,dAL_1k_Proto29_22,A22,1.0,22.0
A221Reporter.intensity.7,433,20.85,Monocyte,Reporter.intensity.7,A22,10.1663223607597,dAL_1k_Proto29_22,A22,1.0,22.0
A221Reporter.intensity.8,434,23.96,Monocyte,Reporter.intensity.8,A22,9.95968829036538,dAL_1k_Proto29_22,A22,1.0,22.0
A221Reporter.intensity.9,435,25.43,PDAC,Reporter.intensity.9,A22,9.72214539990664,dAL_1k_Proto29_22,A22,1.0,22.0
A231Reporter.intensity.12,438,20.96,Monocyte,Reporter.intensity.12,A23,9.81530290354378,dAL_1k_Proto29_23,A23,1.0,23.0
A231Reporter.intensity.13,439,18.47,Monocyte,Reporter.intensity.13,A23,9.35700105551344,dAL_1k_Proto29_23,A23,1.0,23.0
A231Reporter.intensity.14,440,20.35,PDAC,Reporter.intensity.14,A23,10.1669201810825,dAL_1k_Proto29_23,A23,1.0,23.0
A231Reporter.intensity.17,443,22.3,Melanoma,Reporter.intensity.17,A23,9.86629050476829,dAL_1k_Proto29_23,A23,1.0,23.0
A231Reporter.intensity.18,444,23.32,Monocyte,Reporter.intensity.18,A23,9.97283524722072,dAL_1k_Proto29_23,A23,1.0,23.0
A231Reporter.intensity.19,445,19.31,Monocyte,Reporter.intensity.19,A23,9.5658125378023,dAL_1k_Proto29_23,A23,1.0,23.0
A231Reporter.intensity.20,446,26.0,PDAC,Reporter.intensity.20,A23,9.85063562063493,dAL_1k_Proto29_23,A23,1.0,23.0
A231Reporter.intensity.21,447,23.6,PDAC,Reporter.intensity.21,A23,9.69500593333752,dAL_1k_Proto29_23,A23,1.0,23.0
A231Reporter.intensity.23,449,24.24,Melanoma,Reporter.intensity.23,A23,9.8997526253732,dAL_1k_Proto29_23,A23,1.0,23.0
A231Reporter.intensity.24,450,25.94,Monocyte,Reporter.intensity.24,A23,10.3010770639817,dAL_1k_Proto29_23,A23,1.0,23.0
A231Reporter.intensity.25,451,17.7,Monocyte,Reporter.intensity.25,A23,9.31492426003022,dAL_1k_Proto29_23,A23,1.0,23.0
A231Reporter.intensity.26,452,22.95,PDAC,Reporter.intensity.26,A23,9.91760970248418,dAL_1k_Proto29_23,A23,1.0,23.0
A231Reporter.intensity.27,453,24.25,Melanoma,Reporter.intensity.27,A23,9.99580072918528,dAL_1k_Proto29_23,A23,1.0,23.0
A231Reporter.intensity.28,454,23.58,Melanoma,Reporter.intensity.28,A23,9.65363334366565,dAL_1k_Proto29_23,A23,1.0,23.0
A231Reporter.intensity.29,455,19.57,Monocyte,Reporter.intensity.29,A23,9.73891921952232,dAL_1k_Proto29_23,A23,1.0,23.0
A231Reporter.intensity.30,456,21.6,PDAC,Reporter.intensity.30,A23,9.52049673626094,dAL_1k_Proto29_23,A23,1.0,23.0
A231Reporter.intensity.31,457,26.2,PDAC,Reporter.intensity.31,A23,10.3282047203999,dAL_1k_Proto29_23,A23,1.0,23.0
A231Reporter.intensity.32,458,22.59,PDAC,Reporter.intensity.32,A23,9.91335143071261,dAL_1k_Proto29_23,A23,1.0,23.0
A231Reporter.intensity.4,459,25.73,Melanoma,Reporter.intensity.4,A23,10.3826944239027,dAL_1k_Proto29_23,A23,1.0,23.0
A231Reporter.intensity.5,460,17.81,Monocyte,Reporter.intensity.5,A23,10.1194987017862,dAL_1k_Proto29_23,A23,1.0,23.0
A231Reporter.intensity.6,461,22.04,Monocyte,Reporter.intensity.6,A23,9.60611941825694,dAL_1k_Proto29_23,A23,1.0,23.0
A231Reporter.intensity.7,462,32.72,PDAC,Reporter.intensity.7,A23,11.0746033849842,dAL_1k_Proto29_23,A23,1.0,23.0
A231Reporter.intensity.8,463,23.15,PDAC,Reporter.intensity.8,A23,10.183878571695,dAL_1k_Proto29_23,A23,1.0,23.0
A231Reporter.intensity.9,464,22.05,Melanoma,Reporter.intensity.9,A23,10.158881291094,dAL_1k_Proto29_23,A23,1.0,23.0
A241Reporter.intensity.10,465,18.72,Monocyte,Reporter.intensity.10,A24,9.99275137136332,dAL_1k_Proto29_24,A24,1.0,24.0
A241Reporter.intensity.11,466,19.29,Monocyte,Reporter.intensity.11,A24,9.3676675548256,dAL_1k_Proto29_24,A24,1.0,24.0
A241Reporter.intensity.12,467,25.29,PDAC,Reporter.intensity.12,A24,9.69525518766945,dAL_1k_Proto29_24,A24,1.0,24.0
A241Reporter.intensity.14,469,34.23,Melanoma,Reporter.intensity.14,A24,11.254659089177,dAL_1k_Proto29_24,A24,1.0,24.0
A241Reporter.intensity.15,470,24.56,Melanoma,Reporter.intensity.15,A24,10.3524836994026,dAL_1k_Proto29_24,A24,1.0,24.0
A241Reporter.intensity.16,471,19.2,Monocyte,Reporter.intensity.16,A24,9.5563729458775,dAL_1k_Proto29_24,A24,1.0,24.0
A241Reporter.intensity.17,472,19.43,Monocyte,Reporter.intensity.17,A24,9.61334168790246,dAL_1k_Proto29_24,A24,1.0,24.0
A241Reporter.intensity.18,473,23.14,PDAC,Reporter.intensity.18,A24,10.0019456608923,dAL_1k_Proto29_24,A24,1.0,24.0
A241Reporter.intensity.19,474,27.78,PDAC,Reporter.intensity.19,A24,10.4391557635606,dAL_1k_Proto29_24,A24,1.0,24.0
A241Reporter.intensity.20,475,24.1,Melanoma,Reporter.intensity.20,A24,9.88156253781062,dAL_1k_Proto29_24,A24,1.0,24.0
A241Reporter.intensity.21,476,33.96,Melanoma,Reporter.intensity.21,A24,10.2609880141796,dAL_1k_Proto29_24,A24,1.0,24.0
A241Reporter.intensity.22,477,19.54,Monocyte,Reporter.intensity.22,A24,9.44946517701705,dAL_1k_Proto29_24,A24,1.0,24.0
A241Reporter.intensity.23,478,21.8,Monocyte,Reporter.intensity.23,A24,9.49407359279967,dAL_1k_Proto29_24,A24,1.0,24.0
A241Reporter.intensity.24,479,21.95,PDAC,Reporter.intensity.24,A24,9.69217456393603,dAL_1k_Proto29_24,A24,1.0,24.0
A241Reporter.intensity.25,480,29.77,Melanoma,Reporter.intensity.25,A24,10.5586761263685,dAL_1k_Proto29_24,A24,1.0,24.0
A241Reporter.intensity.26,481,29.48,Melanoma,Reporter.intensity.26,A24,10.6780252655289,dAL_1k_Proto29_24,A24,1.0,24.0
A241Reporter.intensity.28,483,26.09,PDAC,Reporter.intensity.28,A24,10.1144661417604,dAL_1k_Proto29_24,A24,1.0,24.0
A241Reporter.intensity.29,484,20.03,PDAC,Reporter.intensity.29,A24,9.84275738075729,dAL_1k_Proto29_24,A24,1.0,24.0
A241Reporter.intensity.30,485,21.39,PDAC,Reporter.intensity.30,A24,9.54033219268282,dAL_1k_Proto29_24,A24,1.0,24.0
A241Reporter.intensity.31,486,29.28,Melanoma,Reporter.intensity.31,A24,10.1514168136222,dAL_1k_Proto29_24,A24,1.0,24.0
A241Reporter.intensity.32,487,22.05,Monocyte,Reporter.intensity.32,A24,10.0834055421755,dAL_1k_Proto29_24,A24,1.0,24.0
A241Reporter.intensity.4,488,19.37,Monocyte,Reporter.intensity.4,A24,9.52425006409835,dAL_1k_Proto29_24,A24,1.0,24.0
A241Reporter.intensity.5,489,26.69,PDAC,Reporter.intensity.5,A24,11.2453630375132,dAL_1k_Proto29_24,A24,1.0,24.0
A241Reporter.intensity.6,490,23.37,PDAC,Reporter.intensity.6,A24,9.58351495672509,dAL_1k_Proto29_24,A24,1.0,24.0
A241Reporter.intensity.7,491,24.53,Melanoma,Reporter.intensity.7,A24,10.4469951357928,dAL_1k_Proto29_24,A24,1.0,24.0
A241Reporter.intensity.8,492,24.76,Melanoma,Reporter.intensity.8,A24,9.68628229588109,dAL_1k_Proto29_24,A24,1.0,24.0
A241Reporter.intensity.9,493,19.62,Monocyte,Reporter.intensity.9,A24,10.0289032435534,dAL_1k_Proto29_24,A24,1.0,24.0
A31Reporter.intensity.11,495,19.37,Monocyte,Reporter.intensity.11,A3,9.01992596177043,dAL_1k_Proto29_3,A3,1.0,3.0
A31Reporter.intensity.12,496,18.36,Monocyte,Reporter.intensity.12,A3,8.668425071855,dAL_1k_Proto29_3,A3,1.0,3.0
A31Reporter.intensity.13,497,22.36,Monocyte,Reporter.intensity.13,A3,9.30010236724621,dAL_1k_Proto29_3,A3,1.0,3.0
A31Reporter.intensity.14,498,28.4,PDAC,Reporter.intensity.14,A3,9.60180747713057,dAL_1k_Proto29_3,A3,1.0,3.0
A31Reporter.intensity.15,499,27.66,Melanoma,Reporter.intensity.15,A3,10.2088357747124,dAL_1k_Proto29_3,A3,1.0,3.0
A31Reporter.intensity.16,500,26.3,Melanoma,Reporter.intensity.16,A3,9.73059184453798,dAL_1k_Proto29_3,A3,1.0,3.0
A31Reporter.intensity.18,502,19.18,Monocyte,Reporter.intensity.18,A3,8.67652065610844,dAL_1k_Proto29_3,A3,1.0,3.0
A31Reporter.intensity.20,504,23.46,PDAC,Reporter.intensity.20,A3,9.38971293418828,dAL_1k_Proto29_3,A3,1.0,3.0
A31Reporter.intensity.21,505,22.85,PDAC,Reporter.intensity.21,A3,8.98029827551096,dAL_1k_Proto29_3,A3,1.0,3.0
A31Reporter.intensity.22,506,24.06,Melanoma,Reporter.intensity.22,A3,9.36063089006644,dAL_1k_Proto29_3,A3,1.0,3.0
A31Reporter.intensity.23,507,24.11,Melanoma,Reporter.intensity.23,A3,8.96040320586039,dAL_1k_Proto29_3,A3,1.0,3.0
A31Reporter.intensity.24,508,20.67,Monocyte,Reporter.intensity.24,A3,8.89498438930137,dAL_1k_Proto29_3,A3,1.0,3.0
A31Reporter.intensity.25,509,22.7,Monocyte,Reporter.intensity.25,A3,9.2925254077622,dAL_1k_Proto29_3,A3,1.0,3.0
A31Reporter.intensity.26,510,20.32,PDAC,Reporter.intensity.26,A3,8.93365245120317,dAL_1k_Proto29_3,A3,1.0,3.0
A31Reporter.intensity.27,511,29.38,Melanoma,Reporter.intensity.27,A3,10.0846838492392,dAL_1k_Proto29_3,A3,1.0,3.0
A31Reporter.intensity.28,512,28.13,Melanoma,Reporter.intensity.28,A3,9.49543704043094,dAL_1k_Proto29_3,A3,1.0,3.0
A31Reporter.intensity.29,513,21.81,Monocyte,Reporter.intensity.29,A3,9.1451696034366,dAL_1k_Proto29_3,A3,1.0,3.0
A31Reporter.intensity.30,514,25.28,PDAC,Reporter.intensity.30,A3,9.01863767511174,dAL_1k_Proto29_3,A3,1.0,3.0
A31Reporter.intensity.31,515,22.73,PDAC,Reporter.intensity.31,A3,9.06198501886734,dAL_1k_Proto29_3,A3,1.0,3.0
A31Reporter.intensity.4,517,23.06,Melanoma,Reporter.intensity.4,A3,9.36264991367739,dAL_1k_Proto29_3,A3,1.0,3.0
A31Reporter.intensity.5,518,25.29,Monocyte,Reporter.intensity.5,A3,10.0715572573409,dAL_1k_Proto29_3,A3,1.0,3.0
A31Reporter.intensity.6,519,20.48,Monocyte,Reporter.intensity.6,A3,8.88429773803577,dAL_1k_Proto29_3,A3,1.0,3.0
A31Reporter.intensity.7,520,23.51,PDAC,Reporter.intensity.7,A3,9.71118103306113,dAL_1k_Proto29_3,A3,1.0,3.0
A31Reporter.intensity.8,521,19.6,PDAC,Reporter.intensity.8,A3,8.7161093829366,dAL_1k_Proto29_3,A3,1.0,3.0
A31Reporter.intensity.9,522,26.75,Melanoma,Reporter.intensity.9,A3,10.0270136972227,dAL_1k_Proto29_3,A3,1.0,3.0
A41Reporter.intensity.10,523,24.3,Monocyte,Reporter.intensity.10,A4,10.4164839206152,dAL_1k_Proto29_4,A4,1.0,4.0
A41Reporter.intensity.11,524,19.88,Monocyte,Reporter.intensity.11,A4,9.4555414035698,dAL_1k_Proto29_4,A4,1.0,4.0
A41Reporter.intensity.12,525,21.24,PDAC,Reporter.intensity.12,A4,9.74177654699568,dAL_1k_Proto29_4,A4,1.0,4.0
A41Reporter.intensity.14,527,25.04,Melanoma,Reporter.intensity.14,A4,10.6826614543402,dAL_1k_Proto29_4,A4,1.0,4.0
A41Reporter.intensity.15,528,23.71,Melanoma,Reporter.intensity.15,A4,10.2704234762187,dAL_1k_Proto29_4,A4,1.0,4.0
A41Reporter.intensity.16,529,19.06,Monocyte,Reporter.intensity.16,A4,9.44182617914852,dAL_1k_Proto29_4,A4,1.0,4.0
A41Reporter.intensity.17,530,21.53,Monocyte,Reporter.intensity.17,A4,9.96712608142908,dAL_1k_Proto29_4,A4,1.0,4.0
A41Reporter.intensity.18,531,18.59,PDAC,Reporter.intensity.18,A4,9.27409498033632,dAL_1k_Proto29_4,A4,1.0,4.0
A41Reporter.intensity.19,532,25.37,PDAC,Reporter.intensity.19,A4,10.1940199577423,dAL_1k_Proto29_4,A4,1.0,4.0
A41Reporter.intensity.20,533,24.37,Melanoma,Reporter.intensity.20,A4,9.9424737675371,dAL_1k_Proto29_4,A4,1.0,4.0
A41Reporter.intensity.21,534,25.79,Melanoma,Reporter.intensity.21,A4,10.2481216056677,dAL_1k_Proto29_4,A4,1.0,4.0
A41Reporter.intensity.22,535,19.18,Monocyte,Reporter.intensity.22,A4,9.24645549938415,dAL_1k_Proto29_4,A4,1.0,4.0
A41Reporter.intensity.24,537,19.97,PDAC,Reporter.intensity.24,A4,9.66737798141214,dAL_1k_Proto29_4,A4,1.0,4.0
A41Reporter.intensity.25,538,26.46,Melanoma,Reporter.intensity.25,A4,10.3548754285922,dAL_1k_Proto29_4,A4,1.0,4.0
A41Reporter.intensity.26,539,25.34,Melanoma,Reporter.intensity.26,A4,10.2770001712112,dAL_1k_Proto29_4,A4,1.0,4.0
A41Reporter.intensity.27,540,21.31,Monocyte,Reporter.intensity.27,A4,9.74043682370081,dAL_1k_Proto29_4,A4,1.0,4.0
A41Reporter.intensity.28,541,19.26,PDAC,Reporter.intensity.28,A4,9.36083940869241,dAL_1k_Proto29_4,A4,1.0,4.0
A41Reporter.intensity.30,543,27.8,PDAC,Reporter.intensity.30,A4,10.440870412674,dAL_1k_Proto29_4,A4,1.0,4.0
A41Reporter.intensity.32,545,20.15,Monocyte,Reporter.intensity.32,A4,9.53465092715177,dAL_1k_Proto29_4,A4,1.0,4.0
A41Reporter.intensity.4,546,20.85,Monocyte,Reporter.intensity.4,A4,9.64049757581591,dAL_1k_Proto29_4,A4,1.0,4.0
A41Reporter.intensity.5,547,23.07,PDAC,Reporter.intensity.5,A4,10.4727778097438,dAL_1k_Proto29_4,A4,1.0,4.0
A41Reporter.intensity.6,548,25.48,PDAC,Reporter.intensity.6,A4,10.0466609233461,dAL_1k_Proto29_4,A4,1.0,4.0
A41Reporter.intensity.9,551,22.39,Monocyte,Reporter.intensity.9,A4,10.3518612832939,dAL_1k_Proto29_4,A4,1.0,4.0
A51Reporter.intensity.10,552,20.8,Monocyte,Reporter.intensity.10,A5,9.67201967401919,dAL_1k_Proto29_5,A5,1.0,5.0
A51Reporter.intensity.11,553,19.01,PDAC,Reporter.intensity.11,A5,9.17302684914401,dAL_1k_Proto29_5,A5,1.0,5.0
A51Reporter.intensity.12,554,23.67,PDAC,Reporter.intensity.12,A5,9.14247876274196,dAL_1k_Proto29_5,A5,1.0,5.0
A51Reporter.intensity.14,556,24.4,Melanoma,Reporter.intensity.14,A5,10.1667638871517,dAL_1k_Proto29_5,A5,1.0,5.0
A51Reporter.intensity.15,557,21.51,Monocyte,Reporter.intensity.15,A5,9.46446965372302,dAL_1k_Proto29_5,A5,1.0,5.0
A51Reporter.intensity.16,558,19.85,Monocyte,Reporter.intensity.16,A5,9.04999219039273,dAL_1k_Proto29_5,A5,1.0,5.0
A51Reporter.intensity.17,559,20.78,Monocyte,Reporter.intensity.17,A5,9.4677045101878,dAL_1k_Proto29_5,A5,1.0,5.0
A51Reporter.intensity.18,560,23.58,PDAC,Reporter.intensity.18,A5,9.83708517829624,dAL_1k_Proto29_5,A5,1.0,5.0
A51Reporter.intensity.19,561,26.99,Melanoma,Reporter.intensity.19,A5,10.2314010430927,dAL_1k_Proto29_5,A5,1.0,5.0
A51Reporter.intensity.21,563,23.73,Melanoma,Reporter.intensity.21,A5,9.85325111076539,dAL_1k_Proto29_5,A5,1.0,5.0
A51Reporter.intensity.22,564,22.73,Monocyte,Reporter.intensity.22,A5,9.35122153835814,dAL_1k_Proto29_5,A5,1.0,5.0
A51Reporter.intensity.23,565,22.73,Monocyte,Reporter.intensity.23,A5,9.44640727277788,dAL_1k_Proto29_5,A5,1.0,5.0
A51Reporter.intensity.24,566,29.6,PDAC,Reporter.intensity.24,A5,9.66102113042818,dAL_1k_Proto29_5,A5,1.0,5.0
A51Reporter.intensity.25,567,27.34,PDAC,Reporter.intensity.25,A5,9.96585830801433,dAL_1k_Proto29_5,A5,1.0,5.0
A51Reporter.intensity.27,569,25.36,Melanoma,Reporter.intensity.27,A5,10.0047340974122,dAL_1k_Proto29_5,A5,1.0,5.0
A51Reporter.intensity.28,570,19.21,Monocyte,Reporter.intensity.28,A5,8.62737032880789,dAL_1k_Proto29_5,A5,1.0,5.0
A51Reporter.intensity.29,571,21.18,Monocyte,Reporter.intensity.29,A5,9.41251917298422,dAL_1k_Proto29_5,A5,1.0,5.0
A51Reporter.intensity.30,572,27.55,PDAC,Reporter.intensity.30,A5,9.81228067720233,dAL_1k_Proto29_5,A5,1.0,5.0
A51Reporter.intensity.31,573,24.47,Melanoma,Reporter.intensity.31,A5,9.75630821084362,dAL_1k_Proto29_5,A5,1.0,5.0
A51Reporter.intensity.32,574,24.87,Melanoma,Reporter.intensity.32,A5,9.85494626497696,dAL_1k_Proto29_5,A5,1.0,5.0
A51Reporter.intensity.4,575,19.37,Monocyte,Reporter.intensity.4,A5,8.90671742317355,dAL_1k_Proto29_5,A5,1.0,5.0
A51Reporter.intensity.5,576,32.34,PDAC,Reporter.intensity.5,A5,10.4609703176798,dAL_1k_Proto29_5,A5,1.0,5.0
A51Reporter.intensity.6,577,24.46,PDAC,Reporter.intensity.6,A5,9.36045669600574,dAL_1k_Proto29_5,A5,1.0,5.0
A51Reporter.intensity.7,578,24.74,PDAC,Reporter.intensity.7,A5,9.96173102820333,dAL_1k_Proto29_5,A5,1.0,5.0
A51Reporter.intensity.8,579,23.86,Melanoma,Reporter.intensity.8,A5,8.97430028730515,dAL_1k_Proto29_5,A5,1.0,5.0
A61Reporter.intensity.10,581,21.01,PDAC,Reporter.intensity.10,A6,9.62207480725242,dAL_1k_Proto29_6,A6,1.0,6.0
A61Reporter.intensity.11,582,24.87,Melanoma,Reporter.intensity.11,A6,9.92283435980468,dAL_1k_Proto29_6,A6,1.0,6.0
A61Reporter.intensity.13,584,20.2,Monocyte,Reporter.intensity.13,A6,9.24276054662768,dAL_1k_Proto29_6,A6,1.0,6.0
A61Reporter.intensity.14,585,21.38,Monocyte,Reporter.intensity.14,A6,9.94618452523166,dAL_1k_Proto29_6,A6,1.0,6.0
A61Reporter.intensity.15,586,17.99,Monocyte,Reporter.intensity.15,A6,8.99767188557795,dAL_1k_Proto29_6,A6,1.0,6.0
A61Reporter.intensity.16,587,22.5,PDAC,Reporter.intensity.16,A6,9.53506822639665,dAL_1k_Proto29_6,A6,1.0,6.0
A61Reporter.intensity.17,588,23.62,Melanoma,Reporter.intensity.17,A6,9.53215286846027,dAL_1k_Proto29_6,A6,1.0,6.0
A61Reporter.intensity.19,590,29.01,Melanoma,Reporter.intensity.19,A6,10.4869501011425,dAL_1k_Proto29_6,A6,1.0,6.0
A61Reporter.intensity.20,591,21.77,Monocyte,Reporter.intensity.20,A6,9.38179476407377,dAL_1k_Proto29_6,A6,1.0,6.0
A61Reporter.intensity.21,592,19.82,Monocyte,Reporter.intensity.21,A6,8.94822125496704,dAL_1k_Proto29_6,A6,1.0,6.0
A61Reporter.intensity.22,593,30.35,PDAC,Reporter.intensity.22,A6,10.2395301932784,dAL_1k_Proto29_6,A6,1.0,6.0
A61Reporter.intensity.23,594,25.16,PDAC,Reporter.intensity.23,A6,9.84231585703611,dAL_1k_Proto29_6,A6,1.0,6.0
A61Reporter.intensity.27,598,23.92,Monocyte,Reporter.intensity.27,A6,9.9600181865319,dAL_1k_Proto29_6,A6,1.0,6.0
A61Reporter.intensity.28,599,22.59,PDAC,Reporter.intensity.28,A6,9.23229994094667,dAL_1k_Proto29_6,A6,1.0,6.0
A61Reporter.intensity.30,601,23.31,Melanoma,Reporter.intensity.30,A6,9.48213876601695,dAL_1k_Proto29_6,A6,1.0,6.0
A61Reporter.intensity.31,602,20.03,Monocyte,Reporter.intensity.31,A6,9.31472247863108,dAL_1k_Proto29_6,A6,1.0,6.0
A61Reporter.intensity.32,603,26.01,PDAC,Reporter.intensity.32,A6,9.94090775359815,dAL_1k_Proto29_6,A6,1.0,6.0
A61Reporter.intensity.4,604,22.7,PDAC,Reporter.intensity.4,A6,9.16680934045909,dAL_1k_Proto29_6,A6,1.0,6.0
A61Reporter.intensity.5,605,31.96,PDAC,Reporter.intensity.5,A6,10.8163421901441,dAL_1k_Proto29_6,A6,1.0,6.0
A61Reporter.intensity.6,606,27.55,Melanoma,Reporter.intensity.6,A6,10.2293022849661,dAL_1k_Proto29_6,A6,1.0,6.0
A61Reporter.intensity.7,607,20.94,Monocyte,Reporter.intensity.7,A6,9.80862624356025,dAL_1k_Proto29_6,A6,1.0,6.0
A61Reporter.intensity.9,609,23.72,PDAC,Reporter.intensity.9,A6,10.0184385265725,dAL_1k_Proto29_6,A6,1.0,6.0
A71Reporter.intensity.10,610,24.32,Melanoma,Reporter.intensity.10,A7,10.2092309435829,dAL_1k_Proto29_7,A7,1.0,7.0
A71Reporter.intensity.11,611,20.24,Monocyte,Reporter.intensity.11,A7,9.63378817306058,dAL_1k_Proto29_7,A7,1.0,7.0
A71Reporter.intensity.12,612,22.71,Monocyte,Reporter.intensity.12,A7,9.76846658468556,dAL_1k_Proto29_7,A7,1.0,7.0
A71Reporter.intensity.13,613,21.21,Monocyte,Reporter.intensity.13,A7,9.64206689621928,dAL_1k_Proto29_7,A7,1.0,7.0
A71Reporter.intensity.14,614,22.79,PDAC,Reporter.intensity.14,A7,9.97035492978393,dAL_1k_Proto29_7,A7,1.0,7.0
A71Reporter.intensity.15,615,28.14,Melanoma,Reporter.intensity.15,A7,10.8793205764802,dAL_1k_Proto29_7,A7,1.0,7.0
A71Reporter.intensity.16,616,31.19,Melanoma,Reporter.intensity.16,A7,10.771127259162,dAL_1k_Proto29_7,A7,1.0,7.0
A71Reporter.intensity.17,617,24.07,Melanoma,Reporter.intensity.17,A7,10.1191851047297,dAL_1k_Proto29_7,A7,1.0,7.0
A71Reporter.intensity.18,618,19.51,Monocyte,Reporter.intensity.18,A7,9.4901385208791,dAL_1k_Proto29_7,A7,1.0,7.0
A71Reporter.intensity.19,619,21.62,Monocyte,Reporter.intensity.19,A7,9.74435069994766,dAL_1k_Proto29_7,A7,1.0,7.0
A71Reporter.intensity.21,621,32.14,PDAC,Reporter.intensity.21,A7,10.6776209900414,dAL_1k_Proto29_7,A7,1.0,7.0
A71Reporter.intensity.22,622,25.54,Melanoma,Reporter.intensity.22,A7,10.0432236669734,dAL_1k_Proto29_7,A7,1.0,7.0
A71Reporter.intensity.23,623,24.42,Melanoma,Reporter.intensity.23,A7,9.18216621586764,dAL_1k_Proto29_7,A7,1.0,7.0
A71Reporter.intensity.24,624,20.12,Monocyte,Reporter.intensity.24,A7,9.34510765299888,dAL_1k_Proto29_7,A7,1.0,7.0
A71Reporter.intensity.26,626,20.82,PDAC,Reporter.intensity.26,A7,9.70349501203981,dAL_1k_Proto29_7,A7,1.0,7.0
A71Reporter.intensity.27,627,22.74,Melanoma,Reporter.intensity.27,A7,9.1965326062396,dAL_1k_Proto29_7,A7,1.0,7.0
A71Reporter.intensity.29,629,20.94,Monocyte,Reporter.intensity.29,A7,9.6010046095626,dAL_1k_Proto29_7,A7,1.0,7.0
A71Reporter.intensity.30,630,29.0,PDAC,Reporter.intensity.30,A7,10.2448932319533,dAL_1k_Proto29_7,A7,1.0,7.0
A71Reporter.intensity.31,631,22.69,PDAC,Reporter.intensity.31,A7,9.60948119383829,dAL_1k_Proto29_7,A7,1.0,7.0
A71Reporter.intensity.32,632,24.58,PDAC,Reporter.intensity.32,A7,9.7646637169905,dAL_1k_Proto29_7,A7,1.0,7.0
A71Reporter.intensity.4,633,23.15,Melanoma,Reporter.intensity.4,A7,9.59507591077196,dAL_1k_Proto29_7,A7,1.0,7.0
A71Reporter.intensity.5,634,19.28,Monocyte,Reporter.intensity.5,A7,10.1363454816902,dAL_1k_Proto29_7,A7,1.0,7.0
A71Reporter.intensity.6,635,22.87,Monocyte,Reporter.intensity.6,A7,9.71358075511543,dAL_1k_Proto29_7,A7,1.0,7.0
A71Reporter.intensity.7,636,20.5,PDAC,Reporter.intensity.7,A7,9.98386601995696,dAL_1k_Proto29_7,A7,1.0,7.0
A71Reporter.intensity.8,637,22.34,PDAC,Reporter.intensity.8,A7,9.76108131500975,dAL_1k_Proto29_7,A7,1.0,7.0
A71Reporter.intensity.9,638,25.59,Melanoma,Reporter.intensity.9,A7,9.71225855355707,dAL_1k_Proto29_7,A7,1.0,7.0
A81Reporter.intensity.10,639,18.7,Monocyte,Reporter.intensity.10,A8,9.56874937796755,dAL_1k_Proto29_8,A8,1.0,8.0
A81Reporter.intensity.11,640,19.01,Monocyte,Reporter.intensity.11,A8,9.36242156212505,dAL_1k_Proto29_8,A8,1.0,8.0
A81Reporter.intensity.12,641,22.69,PDAC,Reporter.intensity.12,A8,9.00913734210093,dAL_1k_Proto29_8,A8,1.0,8.0
A81Reporter.intensity.13,642,33.48,Melanoma,Reporter.intensity.13,A8,10.541395931022,dAL_1k_Proto29_8,A8,1.0,8.0
A81Reporter.intensity.16,645,20.76,Monocyte,Reporter.intensity.16,A8,9.38885175557214,dAL_1k_Proto29_8,A8,1.0,8.0
A81Reporter.intensity.17,646,22.96,Monocyte,Reporter.intensity.17,A8,9.64820297941398,dAL_1k_Proto29_8,A8,1.0,8.0
A81Reporter.intensity.18,647,24.24,PDAC,Reporter.intensity.18,A8,9.81797856817867,dAL_1k_Proto29_8,A8,1.0,8.0
A81Reporter.intensity.19,648,24.12,PDAC,Reporter.intensity.19,A8,9.79306256221591,dAL_1k_Proto29_8,A8,1.0,8.0
A81Reporter.intensity.20,649,24.11,Melanoma,Reporter.intensity.20,A8,9.95299955938354,dAL_1k_Proto29_8,A8,1.0,8.0
A81Reporter.intensity.21,650,25.0,Melanoma,Reporter.intensity.21,A8,10.0320065011575,dAL_1k_Proto29_8,A8,1.0,8.0
A81Reporter.intensity.22,651,20.58,Monocyte,Reporter.intensity.22,A8,9.24239466820922,dAL_1k_Proto29_8,A8,1.0,8.0
A81Reporter.intensity.24,653,19.36,PDAC,Reporter.intensity.24,A8,9.29115571809048,dAL_1k_Proto29_8,A8,1.0,8.0
A81Reporter.intensity.25,654,23.76,Melanoma,Reporter.intensity.25,A8,9.91007961870895,dAL_1k_Proto29_8,A8,1.0,8.0
A81Reporter.intensity.26,655,24.25,Melanoma,Reporter.intensity.26,A8,9.85732830196942,dAL_1k_Proto29_8,A8,1.0,8.0
A81Reporter.intensity.27,656,19.04,Monocyte,Reporter.intensity.27,A8,9.37606458509724,dAL_1k_Proto29_8,A8,1.0,8.0
A81Reporter.intensity.28,657,21.09,PDAC,Reporter.intensity.28,A8,9.24363732060455,dAL_1k_Proto29_8,A8,1.0,8.0
A81Reporter.intensity.29,658,19.9,PDAC,Reporter.intensity.29,A8,9.47619437566357,dAL_1k_Proto29_8,A8,1.0,8.0
A81Reporter.intensity.30,659,21.88,PDAC,Reporter.intensity.30,A8,9.14145940932455,dAL_1k_Proto29_8,A8,1.0,8.0
A81Reporter.intensity.31,660,22.73,Melanoma,Reporter.intensity.31,A8,9.55845094935156,dAL_1k_Proto29_8,A8,1.0,8.0
A81Reporter.intensity.4,662,22.13,Monocyte,Reporter.intensity.4,A8,9.39042601607371,dAL_1k_Proto29_8,A8,1.0,8.0
A81Reporter.intensity.5,663,25.32,PDAC,Reporter.intensity.5,A8,10.4952095180543,dAL_1k_Proto29_8,A8,1.0,8.0
A81Reporter.intensity.6,664,25.74,PDAC,Reporter.intensity.6,A8,9.95058944563731,dAL_1k_Proto29_8,A8,1.0,8.0
A81Reporter.intensity.7,665,26.28,Melanoma,Reporter.intensity.7,A8,10.6673850422397,dAL_1k_Proto29_8,A8,1.0,8.0
A81Reporter.intensity.9,667,20.15,Monocyte,Reporter.intensity.9,A8,9.75455126960667,dAL_1k_Proto29_8,A8,1.0,8.0
A91Reporter.intensity.11,669,20.06,PDAC,Reporter.intensity.11,A9,9.06923541979909,dAL_1k_Proto29_9,A9,1.0,9.0
A91Reporter.intensity.12,670,24.01,PDAC,Reporter.intensity.12,A9,9.67439113912646,dAL_1k_Proto29_9,A9,1.0,9.0
A91Reporter.intensity.13,671,24.0,Melanoma,Reporter.intensity.13,A9,9.88942633000762,dAL_1k_Proto29_9,A9,1.0,9.0
A91Reporter.intensity.14,672,23.97,Melanoma,Reporter.intensity.14,A9,10.2604453121392,dAL_1k_Proto29_9,A9,1.0,9.0
A91Reporter.intensity.15,673,21.22,Monocyte,Reporter.intensity.15,A9,9.46413114895716,dAL_1k_Proto29_9,A9,1.0,9.0
A91Reporter.intensity.16,674,18.6,Monocyte,Reporter.intensity.16,A9,9.17188001307601,dAL_1k_Proto29_9,A9,1.0,9.0
A91Reporter.intensity.17,675,18.47,Monocyte,Reporter.intensity.17,A9,9.22313943488097,dAL_1k_Proto29_9,A9,1.0,9.0
A91Reporter.intensity.18,676,23.65,PDAC,Reporter.intensity.18,A9,9.39748272509536,dAL_1k_Proto29_9,A9,1.0,9.0
A91Reporter.intensity.19,677,25.1,Melanoma,Reporter.intensity.19,A9,10.1961031493075,dAL_1k_Proto29_9,A9,1.0,9.0
A91Reporter.intensity.21,679,22.63,Melanoma,Reporter.intensity.21,A9,9.3207893077421,dAL_1k_Proto29_9,A9,1.0,9.0
A91Reporter.intensity.22,680,18.06,Monocyte,Reporter.intensity.22,A9,8.98585553527537,dAL_1k_Proto29_9,A9,1.0,9.0
A91Reporter.intensity.23,681,21.38,Monocyte,Reporter.intensity.23,A9,9.55431977740404,dAL_1k_Proto29_9,A9,1.0,9.0
A91Reporter.intensity.24,682,19.04,PDAC,Reporter.intensity.24,A9,9.34465976772553,dAL_1k_Proto29_9,A9,1.0,9.0
A91Reporter.intensity.25,683,27.54,PDAC,Reporter.intensity.25,A9,10.0520418114991,dAL_1k_Proto29_9,A9,1.0,9.0
A91Reporter.intensity.26,684,23.44,Melanoma,Reporter.intensity.26,A9,9.88722387681771,dAL_1k_Proto29_9,A9,1.0,9.0
A91Reporter.intensity.28,686,22.78,Monocyte,Reporter.intensity.28,A9,9.56483900938263,dAL_1k_Proto29_9,A9,1.0,9.0
A91Reporter.intensity.29,687,22.69,Monocyte,Reporter.intensity.29,A9,9.8111433603616,dAL_1k_Proto29_9,A9,1.0,9.0
A91Reporter.intensity.30,688,20.39,PDAC,Reporter.intensity.30,A9,9.39016263355574,dAL_1k_Proto29_9,A9,1.0,9.0
A91Reporter.intensity.31,689,26.4,Melanoma,Reporter.intensity.31,A9,9.46593978861576,dAL_1k_Proto29_9,A9,1.0,9.0
A91Reporter.intensity.4,691,18.77,Monocyte,Reporter.intensity.4,A9,8.95683786379719,dAL_1k_Proto29_9,A9,1.0,9.0
A91Reporter.intensity.5,692,24.85,PDAC,Reporter.intensity.5,A9,10.5349814622177,dAL_1k_Proto29_9,A9,1.0,9.0
A91Reporter.intensity.6,693,22.79,PDAC,Reporter.intensity.6,A9,9.43675996880235,dAL_1k_Proto29_9,A9,1.0,9.0
A91Reporter.intensity.7,694,21.6,PDAC,Reporter.intensity.7,A9,10.0735491722343,dAL_1k_Proto29_9,A9,1.0,9.0
A91Reporter.intensity.8,695,24.49,Melanoma,Reporter.intensity.8,A9,9.36882048327135,dAL_1k_Proto29_9,A9,1.0,9.0
B11Reporter.intensity.11,698,26.03,PDAC,Reporter.intensity.11,B1,10.8196070895226,dAL_1k_Proto29_25,B1,1.0,25.0
B11Reporter.intensity.12,699,27.56,PDAC,Reporter.intensity.12,B1,11.0371035156514,dAL_1k_Proto29_25,B1,1.0,25.0
B11Reporter.intensity.13,700,23.62,Melanoma,Reporter.intensity.13,B1,10.8752882122902,dAL_1k_Proto29_25,B1,1.0,25.0
B11Reporter.intensity.14,701,22.71,Melanoma,Reporter.intensity.14,B1,11.0430810836365,dAL_1k_Proto29_25,B1,1.0,25.0
B11Reporter.intensity.15,702,20.89,Monocyte,Reporter.intensity.15,B1,10.5219841608776,dAL_1k_Proto29_25,B1,1.0,25.0
B11Reporter.intensity.16,703,17.89,Monocyte,Reporter.intensity.16,B1,10.1455027754752,dAL_1k_Proto29_25,B1,1.0,25.0
B11Reporter.intensity.17,704,17.34,Monocyte,Reporter.intensity.17,B1,9.74944816354093,dAL_1k_Proto29_25,B1,1.0,25.0
B11Reporter.intensity.18,705,21.56,PDAC,Reporter.intensity.18,B1,10.5280746536363,dAL_1k_Proto29_25,B1,1.0,25.0
B11Reporter.intensity.20,707,26.48,Melanoma,Reporter.intensity.20,B1,11.079607737921,dAL_1k_Proto29_25,B1,1.0,25.0
B11Reporter.intensity.21,708,27.03,Melanoma,Reporter.intensity.21,B1,11.3609816613653,dAL_1k_Proto29_25,B1,1.0,25.0
B11Reporter.intensity.23,710,20.44,Monocyte,Reporter.intensity.23,B1,10.2625792390479,dAL_1k_Proto29_25,B1,1.0,25.0
B11Reporter.intensity.24,711,23.62,PDAC,Reporter.intensity.24,B1,10.594570806357,dAL_1k_Proto29_25,B1,1.0,25.0
B11Reporter.intensity.25,712,21.7,PDAC,Reporter.intensity.25,B1,9.81965239309549,dAL_1k_Proto29_25,B1,1.0,25.0
B11Reporter.intensity.26,713,22.4,Melanoma,Reporter.intensity.26,B1,10.8877491071017,dAL_1k_Proto29_25,B1,1.0,25.0
B11Reporter.intensity.27,714,25.23,Melanoma,Reporter.intensity.27,B1,11.0122002883106,dAL_1k_Proto29_25,B1,1.0,25.0
B11Reporter.intensity.28,715,20.44,Monocyte,Reporter.intensity.28,B1,10.2983338453623,dAL_1k_Proto29_25,B1,1.0,25.0
B11Reporter.intensity.29,716,18.69,Monocyte,Reporter.intensity.29,B1,10.4464707142981,dAL_1k_Proto29_25,B1,1.0,25.0
B11Reporter.intensity.30,717,26.73,PDAC,Reporter.intensity.30,B1,10.9881045183607,dAL_1k_Proto29_25,B1,1.0,25.0
B11Reporter.intensity.31,718,24.37,Melanoma,Reporter.intensity.31,B1,10.9369955182995,dAL_1k_Proto29_25,B1,1.0,25.0
B11Reporter.intensity.32,719,24.71,Melanoma,Reporter.intensity.32,B1,11.12223248466,dAL_1k_Proto29_25,B1,1.0,25.0
B11Reporter.intensity.4,720,23.54,Monocyte,Reporter.intensity.4,B1,10.5443941822479,dAL_1k_Proto29_25,B1,1.0,25.0
B11Reporter.intensity.5,721,21.74,PDAC,Reporter.intensity.5,B1,11.0089180198976,dAL_1k_Proto29_25,B1,1.0,25.0
B11Reporter.intensity.6,722,27.11,PDAC,Reporter.intensity.6,B1,10.9840742295638,dAL_1k_Proto29_25,B1,1.0,25.0
B11Reporter.intensity.7,723,19.23,PDAC,Reporter.intensity.7,B1,10.8880727797299,dAL_1k_Proto29_25,B1,1.0,25.0
B11Reporter.intensity.8,724,22.05,Melanoma,Reporter.intensity.8,B1,10.5645134956152,dAL_1k_Proto29_25,B1,1.0,25.0
B21Reporter.intensity.10,726,22.17,PDAC,Reporter.intensity.10,B2,9.97415153721032,dAL_1k_Proto29_26,B2,1.0,26.0
B21Reporter.intensity.11,727,23.04,Melanoma,Reporter.intensity.11,B2,9.27649566455463,dAL_1k_Proto29_26,B2,1.0,26.0
B21Reporter.intensity.12,728,23.2,Melanoma,Reporter.intensity.12,B2,9.09588793879133,dAL_1k_Proto29_26,B2,1.0,26.0
B21Reporter.intensity.13,729,17.18,Monocyte,Reporter.intensity.13,B2,9.27289502480657,dAL_1k_Proto29_26,B2,1.0,26.0
B21Reporter.intensity.14,730,19.23,Monocyte,Reporter.intensity.14,B2,9.94286070430743,dAL_1k_Proto29_26,B2,1.0,26.0
B21Reporter.intensity.15,731,21.48,Monocyte,Reporter.intensity.15,B2,9.78658892395277,dAL_1k_Proto29_26,B2,1.0,26.0
B21Reporter.intensity.16,732,26.38,PDAC,Reporter.intensity.16,B2,9.39582725378079,dAL_1k_Proto29_26,B2,1.0,26.0
B21Reporter.intensity.17,733,25.12,Melanoma,Reporter.intensity.17,B2,9.93395897250728,dAL_1k_Proto29_26,B2,1.0,26.0
B21Reporter.intensity.19,735,25.07,Melanoma,Reporter.intensity.19,B2,9.48276964080103,dAL_1k_Proto29_26,B2,1.0,26.0
B21Reporter.intensity.20,736,22.87,Monocyte,Reporter.intensity.20,B2,9.7548389173877,dAL_1k_Proto29_26,B2,1.0,26.0
B21Reporter.intensity.21,737,21.46,Monocyte,Reporter.intensity.21,B2,9.55546973048606,dAL_1k_Proto29_26,B2,1.0,26.0
B21Reporter.intensity.22,738,21.05,PDAC,Reporter.intensity.22,B2,9.37288674814378,dAL_1k_Proto29_26,B2,1.0,26.0
B21Reporter.intensity.23,739,20.42,PDAC,Reporter.intensity.23,B2,9.57501684141301,dAL_1k_Proto29_26,B2,1.0,26.0
B21Reporter.intensity.24,740,24.56,Melanoma,Reporter.intensity.24,B2,9.55949089522835,dAL_1k_Proto29_26,B2,1.0,26.0
B21Reporter.intensity.25,741,31.37,Melanoma,Reporter.intensity.25,B2,10.3451393772213,dAL_1k_Proto29_26,B2,1.0,26.0
B21Reporter.intensity.26,742,19.1,Monocyte,Reporter.intensity.26,B2,9.36815577248164,dAL_1k_Proto29_26,B2,1.0,26.0
B21Reporter.intensity.27,743,20.06,Monocyte,Reporter.intensity.27,B2,9.39940865276474,dAL_1k_Proto29_26,B2,1.0,26.0
B21Reporter.intensity.28,744,24.15,PDAC,Reporter.intensity.28,B2,9.29835903861323,dAL_1k_Proto29_26,B2,1.0,26.0
B21Reporter.intensity.29,745,27.7,Melanoma,Reporter.intensity.29,B2,9.56030592176942,dAL_1k_Proto29_26,B2,1.0,26.0
B21Reporter.intensity.30,746,21.52,Melanoma,Reporter.intensity.30,B2,9.06751571988038,dAL_1k_Proto29_26,B2,1.0,26.0
B21Reporter.intensity.31,747,20.78,Monocyte,Reporter.intensity.31,B2,9.57319661783707,dAL_1k_Proto29_26,B2,1.0,26.0
B21Reporter.intensity.32,748,25.16,PDAC,Reporter.intensity.32,B2,9.58402644315878,dAL_1k_Proto29_26,B2,1.0,26.0
B21Reporter.intensity.4,749,26.56,PDAC,Reporter.intensity.4,B2,10.1903347523972,dAL_1k_Proto29_26,B2,1.0,26.0
B21Reporter.intensity.5,750,23.87,PDAC,Reporter.intensity.5,B2,10.554041495921,dAL_1k_Proto29_26,B2,1.0,26.0
B21Reporter.intensity.6,751,34.03,Melanoma,Reporter.intensity.6,B2,10.9125199652124,dAL_1k_Proto29_26,B2,1.0,26.0
B21Reporter.intensity.7,752,20.27,Monocyte,Reporter.intensity.7,B2,9.90237029526533,dAL_1k_Proto29_26,B2,1.0,26.0
B21Reporter.intensity.8,753,19.17,Monocyte,Reporter.intensity.8,B2,9.44348358680793,dAL_1k_Proto29_26,B2,1.0,26.0
B21Reporter.intensity.9,754,21.32,PDAC,Reporter.intensity.9,B2,9.75130417358684,dAL_1k_Proto29_26,B2,1.0,26.0
B31Reporter.intensity.11,756,18.39,Monocyte,Reporter.intensity.11,B3,9.36041305071912,dAL_1k_Proto29_27,B3,1.0,27.0
B31Reporter.intensity.12,757,22.09,Monocyte,Reporter.intensity.12,B3,9.5231808207969,dAL_1k_Proto29_27,B3,1.0,27.0
B31Reporter.intensity.13,758,19.25,Monocyte,Reporter.intensity.13,B3,9.40890338894956,dAL_1k_Proto29_27,B3,1.0,27.0
B31Reporter.intensity.14,759,28.66,PDAC,Reporter.intensity.14,B3,10.7401370220445,dAL_1k_Proto29_27,B3,1.0,27.0
B31Reporter.intensity.15,760,26.77,Melanoma,Reporter.intensity.15,B3,9.64205890295888,dAL_1k_Proto29_27,B3,1.0,27.0
B31Reporter.intensity.18,763,23.83,Monocyte,Reporter.intensity.18,B3,9.66932325434301,dAL_1k_Proto29_27,B3,1.0,27.0
B31Reporter.intensity.20,765,24.74,PDAC,Reporter.intensity.20,B3,9.77172530507748,dAL_1k_Proto29_27,B3,1.0,27.0
B31Reporter.intensity.21,766,23.36,PDAC,Reporter.intensity.21,B3,9.75476368191316,dAL_1k_Proto29_27,B3,1.0,27.0
B31Reporter.intensity.22,767,23.14,Melanoma,Reporter.intensity.22,B3,9.83500523394273,dAL_1k_Proto29_27,B3,1.0,27.0
B31Reporter.intensity.23,768,27.91,Melanoma,Reporter.intensity.23,B3,10.2237693980522,dAL_1k_Proto29_27,B3,1.0,27.0
B31Reporter.intensity.24,769,22.96,Monocyte,Reporter.intensity.24,B3,9.88870082761982,dAL_1k_Proto29_27,B3,1.0,27.0
B31Reporter.intensity.25,770,19.59,Monocyte,Reporter.intensity.25,B3,9.46016574866036,dAL_1k_Proto29_27,B3,1.0,27.0
B31Reporter.intensity.26,771,31.19,PDAC,Reporter.intensity.26,B3,10.686716229422,dAL_1k_Proto29_27,B3,1.0,27.0
B31Reporter.intensity.27,772,22.36,Melanoma,Reporter.intensity.27,B3,9.85118012104199,dAL_1k_Proto29_27,B3,1.0,27.0
B31Reporter.intensity.28,773,23.82,Melanoma,Reporter.intensity.28,B3,9.59832135981673,dAL_1k_Proto29_27,B3,1.0,27.0
B31Reporter.intensity.29,774,20.96,Monocyte,Reporter.intensity.29,B3,9.81815838808277,dAL_1k_Proto29_27,B3,1.0,27.0
B31Reporter.intensity.30,775,24.41,PDAC,Reporter.intensity.30,B3,9.6433767394577,dAL_1k_Proto29_27,B3,1.0,27.0
B31Reporter.intensity.31,776,19.09,PDAC,Reporter.intensity.31,B3,9.2805354213349,dAL_1k_Proto29_27,B3,1.0,27.0
B31Reporter.intensity.32,777,29.4,PDAC,Reporter.intensity.32,B3,10.7184065462233,dAL_1k_Proto29_27,B3,1.0,27.0
B31Reporter.intensity.4,778,26.09,Melanoma,Reporter.intensity.4,B3,10.0976131440505,dAL_1k_Proto29_27,B3,1.0,27.0
B31Reporter.intensity.5,779,25.78,Monocyte,Reporter.intensity.5,B3,10.7299929023287,dAL_1k_Proto29_27,B3,1.0,27.0
B31Reporter.intensity.8,782,23.23,PDAC,Reporter.intensity.8,B3,9.72067858005394,dAL_1k_Proto29_27,B3,1.0,27.0
B31Reporter.intensity.9,783,23.03,Melanoma,Reporter.intensity.9,B3,10.2017102899975,dAL_1k_Proto29_27,B3,1.0,27.0
B41Reporter.intensity.10,784,18.6,Monocyte,Reporter.intensity.10,B4,9.80843739142772,dAL_1k_Proto29_28,B4,1.0,28.0
B41Reporter.intensity.11,785,18.38,Monocyte,Reporter.intensity.11,B4,9.34798306775241,dAL_1k_Proto29_28,B4,1.0,28.0
B41Reporter.intensity.12,786,22.95,PDAC,Reporter.intensity.12,B4,10.0099738842165,dAL_1k_Proto29_28,B4,1.0,28.0
B41Reporter.intensity.13,787,24.91,Melanoma,Reporter.intensity.13,B4,10.2180496015208,dAL_1k_Proto29_28,B4,1.0,28.0
B41Reporter.intensity.14,788,24.82,Melanoma,Reporter.intensity.14,B4,10.5606362009277,dAL_1k_Proto29_28,B4,1.0,28.0
B41Reporter.intensity.15,789,22.55,Melanoma,Reporter.intensity.15,B4,9.61950493497555,dAL_1k_Proto29_28,B4,1.0,28.0
B41Reporter.intensity.16,790,19.5,Monocyte,Reporter.intensity.16,B4,9.69503328492706,dAL_1k_Proto29_28,B4,1.0,28.0
B41Reporter.intensity.17,791,18.26,Monocyte,Reporter.intensity.17,B4,9.35598111693686,dAL_1k_Proto29_28,B4,1.0,28.0
B41Reporter.intensity.18,792,26.77,PDAC,Reporter.intensity.18,B4,10.264908891959,dAL_1k_Proto29_28,B4,1.0,28.0
B41Reporter.intensity.19,793,20.6,PDAC,Reporter.intensity.19,B4,9.6917648052952,dAL_1k_Proto29_28,B4,1.0,28.0
B41Reporter.intensity.21,795,28.63,Melanoma,Reporter.intensity.21,B4,9.76534504781392,dAL_1k_Proto29_28,B4,1.0,28.0
B41Reporter.intensity.22,796,17.55,Monocyte,Reporter.intensity.22,B4,9.14820455457193,dAL_1k_Proto29_28,B4,1.0,28.0
B41Reporter.intensity.23,797,21.02,Monocyte,Reporter.intensity.23,B4,9.65593447688273,dAL_1k_Proto29_28,B4,1.0,28.0
B41Reporter.intensity.24,798,22.99,PDAC,Reporter.intensity.24,B4,9.76760281664395,dAL_1k_Proto29_28,B4,1.0,28.0
B41Reporter.intensity.25,799,24.44,Melanoma,Reporter.intensity.25,B4,10.0062719604025,dAL_1k_Proto29_28,B4,1.0,28.0
B41Reporter.intensity.27,801,21.17,Monocyte,Reporter.intensity.27,B4,9.61542335442214,dAL_1k_Proto29_28,B4,1.0,28.0
B41Reporter.intensity.28,802,18.99,PDAC,Reporter.intensity.28,B4,9.33112893927147,dAL_1k_Proto29_28,B4,1.0,28.0
B41Reporter.intensity.29,803,23.74,PDAC,Reporter.intensity.29,B4,9.83026414432685,dAL_1k_Proto29_28,B4,1.0,28.0
B41Reporter.intensity.30,804,23.76,PDAC,Reporter.intensity.30,B4,9.75890108218387,dAL_1k_Proto29_28,B4,1.0,28.0
B41Reporter.intensity.31,805,30.83,Melanoma,Reporter.intensity.31,B4,10.2108379572247,dAL_1k_Proto29_28,B4,1.0,28.0
B41Reporter.intensity.32,806,19.71,Monocyte,Reporter.intensity.32,B4,9.60434126045968,dAL_1k_Proto29_28,B4,1.0,28.0
B41Reporter.intensity.4,807,18.49,Monocyte,Reporter.intensity.4,B4,8.99600512672837,dAL_1k_Proto29_28,B4,1.0,28.0
B41Reporter.intensity.5,808,20.09,PDAC,Reporter.intensity.5,B4,10.2806968051831,dAL_1k_Proto29_28,B4,1.0,28.0
B41Reporter.intensity.7,810,23.28,Melanoma,Reporter.intensity.7,B4,10.3480797667279,dAL_1k_Proto29_28,B4,1.0,28.0
B41Reporter.intensity.8,811,24.52,Melanoma,Reporter.intensity.8,B4,9.97199810628663,dAL_1k_Proto29_28,B4,1.0,28.0
B41Reporter.intensity.9,812,18.96,Monocyte,Reporter.intensity.9,B4,9.81021175186788,dAL_1k_Proto29_28,B4,1.0,28.0
B51Reporter.intensity.10,813,20.15,Monocyte,Reporter.intensity.10,B5,9.92928317616595,dAL_1k_Proto29_29,B5,1.0,29.0
B51Reporter.intensity.11,814,24.16,PDAC,Reporter.intensity.11,B5,9.85062370790356,dAL_1k_Proto29_29,B5,1.0,29.0
B51Reporter.intensity.12,815,22.57,PDAC,Reporter.intensity.12,B5,9.7440969801954,dAL_1k_Proto29_29,B5,1.0,29.0
B51Reporter.intensity.13,816,23.33,Melanoma,Reporter.intensity.13,B5,9.5453914441354,dAL_1k_Proto29_29,B5,1.0,29.0
B51Reporter.intensity.15,818,17.43,Monocyte,Reporter.intensity.15,B5,9.45934116342464,dAL_1k_Proto29_29,B5,1.0,29.0
B51Reporter.intensity.16,819,25.18,Monocyte,Reporter.intensity.16,B5,9.99839009221736,dAL_1k_Proto29_29,B5,1.0,29.0
B51Reporter.intensity.17,820,18.51,Monocyte,Reporter.intensity.17,B5,9.49863580000197,dAL_1k_Proto29_29,B5,1.0,29.0
B51Reporter.intensity.18,821,21.08,PDAC,Reporter.intensity.18,B5,9.78508982820642,dAL_1k_Proto29_29,B5,1.0,29.0
B51Reporter.intensity.20,823,25.54,Melanoma,Reporter.intensity.20,B5,9.98979349834439,dAL_1k_Proto29_29,B5,1.0,29.0
B51Reporter.intensity.22,825,22.58,Monocyte,Reporter.intensity.22,B5,9.57041476119732,dAL_1k_Proto29_29,B5,1.0,29.0
B51Reporter.intensity.23,826,20.64,Monocyte,Reporter.intensity.23,B5,9.54578382117736,dAL_1k_Proto29_29,B5,1.0,29.0
B51Reporter.intensity.24,827,21.08,PDAC,Reporter.intensity.24,B5,9.34180861832158,dAL_1k_Proto29_29,B5,1.0,29.0
B51Reporter.intensity.25,828,24.24,PDAC,Reporter.intensity.25,B5,9.89043173483069,dAL_1k_Proto29_29,B5,1.0,29.0
B51Reporter.intensity.28,831,24.36,Monocyte,Reporter.intensity.28,B5,9.53264388839599,dAL_1k_Proto29_29,B5,1.0,29.0
B51Reporter.intensity.29,832,19.96,Monocyte,Reporter.intensity.29,B5,9.68712386655067,dAL_1k_Proto29_29,B5,1.0,29.0
B51Reporter.intensity.31,834,21.7,Melanoma,Reporter.intensity.31,B5,9.32323338169995,dAL_1k_Proto29_29,B5,1.0,29.0
B51Reporter.intensity.32,835,23.16,Melanoma,Reporter.intensity.32,B5,9.80924984451269,dAL_1k_Proto29_29,B5,1.0,29.0
B51Reporter.intensity.4,836,22.66,Monocyte,Reporter.intensity.4,B5,9.74842940812111,dAL_1k_Proto29_29,B5,1.0,29.0
B51Reporter.intensity.5,837,22.98,PDAC,Reporter.intensity.5,B5,10.3001852133611,dAL_1k_Proto29_29,B5,1.0,29.0
B51Reporter.intensity.6,838,23.14,PDAC,Reporter.intensity.6,B5,9.4330425995567,dAL_1k_Proto29_29,B5,1.0,29.0
B51Reporter.intensity.7,839,20.85,PDAC,Reporter.intensity.7,B5,10.2000363293913,dAL_1k_Proto29_29,B5,1.0,29.0
B51Reporter.intensity.8,840,22.71,Melanoma,Reporter.intensity.8,B5,9.12942473189401,dAL_1k_Proto29_29,B5,1.0,29.0
B51Reporter.intensity.9,841,23.93,Monocyte,Reporter.intensity.9,B5,10.3774226230042,dAL_1k_Proto29_29,B5,1.0,29.0
B61Reporter.intensity.10,842,28.01,PDAC,Reporter.intensity.10,B6,10.5661306169665,dAL_1k_Proto29_30,B6,1.0,30.0
B61Reporter.intensity.12,844,32.55,Melanoma,Reporter.intensity.12,B6,10.1844713719881,dAL_1k_Proto29_30,B6,1.0,30.0
B61Reporter.intensity.15,847,21.73,Monocyte,Reporter.intensity.15,B6,9.9462519290407,dAL_1k_Proto29_30,B6,1.0,30.0
B61Reporter.intensity.16,848,18.38,PDAC,Reporter.intensity.16,B6,9.60589185343338,dAL_1k_Proto29_30,B6,1.0,30.0
B61Reporter.intensity.17,849,24.79,Melanoma,Reporter.intensity.17,B6,10.1221299185686,dAL_1k_Proto29_30,B6,1.0,30.0
B61Reporter.intensity.18,850,24.78,Melanoma,Reporter.intensity.18,B6,9.55704870079423,dAL_1k_Proto29_30,B6,1.0,30.0
B61Reporter.intensity.20,852,22.59,Monocyte,Reporter.intensity.20,B6,9.974246831884,dAL_1k_Proto29_30,B6,1.0,30.0
B61Reporter.intensity.22,854,25.96,PDAC,Reporter.intensity.22,B6,9.91195742343341,dAL_1k_Proto29_30,B6,1.0,30.0
B61Reporter.intensity.23,855,23.15,PDAC,Reporter.intensity.23,B6,9.16723142476926,dAL_1k_Proto29_30,B6,1.0,30.0
B61Reporter.intensity.24,856,21.52,Melanoma,Reporter.intensity.24,B6,9.44510365945396,dAL_1k_Proto29_30,B6,1.0,30.0
B61Reporter.intensity.25,857,22.96,Melanoma,Reporter.intensity.25,B6,9.93936842381038,dAL_1k_Proto29_30,B6,1.0,30.0
B61Reporter.intensity.26,858,19.23,Monocyte,Reporter.intensity.26,B6,9.48409606860406,dAL_1k_Proto29_30,B6,1.0,30.0
B61Reporter.intensity.27,859,24.1,Monocyte,Reporter.intensity.27,B6,10.0557991782674,dAL_1k_Proto29_30,B6,1.0,30.0
B61Reporter.intensity.28,860,24.39,PDAC,Reporter.intensity.28,B6,9.73986804665875,dAL_1k_Proto29_30,B6,1.0,30.0
B61Reporter.intensity.29,861,23.87,Melanoma,Reporter.intensity.29,B6,10.0324033450655,dAL_1k_Proto29_30,B6,1.0,30.0
B61Reporter.intensity.30,862,26.93,Melanoma,Reporter.intensity.30,B6,10.1993186937752,dAL_1k_Proto29_30,B6,1.0,30.0
B61Reporter.intensity.31,863,20.89,Monocyte,Reporter.intensity.31,B6,9.69600015068884,dAL_1k_Proto29_30,B6,1.0,30.0
B61Reporter.intensity.32,864,26.52,PDAC,Reporter.intensity.32,B6,10.1390389281299,dAL_1k_Proto29_30,B6,1.0,30.0
B61Reporter.intensity.4,865,25.69,PDAC,Reporter.intensity.4,B6,9.383718695838,dAL_1k_Proto29_30,B6,1.0,30.0
B61Reporter.intensity.5,866,20.39,PDAC,Reporter.intensity.5,B6,10.5472698883006,dAL_1k_Proto29_30,B6,1.0,30.0
B61Reporter.intensity.8,869,20.05,Monocyte,Reporter.intensity.8,B6,9.7517133802106,dAL_1k_Proto29_30,B6,1.0,30.0
B61Reporter.intensity.9,870,23.72,PDAC,Reporter.intensity.9,B6,10.5102290975118,dAL_1k_Proto29_30,B6,1.0,30.0
B71Reporter.intensity.11,872,26.35,Monocyte,Reporter.intensity.11,B7,10.0694486523435,dAL_1k_Proto29_31,B7,1.0,31.0
B71Reporter.intensity.12,873,18.54,Monocyte,Reporter.intensity.12,B7,9.35982544504014,dAL_1k_Proto29_31,B7,1.0,31.0
B71Reporter.intensity.13,874,18.52,Monocyte,Reporter.intensity.13,B7,9.37447172481237,dAL_1k_Proto29_31,B7,1.0,31.0
B71Reporter.intensity.14,875,24.56,PDAC,Reporter.intensity.14,B7,10.3433487888321,dAL_1k_Proto29_31,B7,1.0,31.0
B71Reporter.intensity.15,876,25.13,Melanoma,Reporter.intensity.15,B7,10.1922091286539,dAL_1k_Proto29_31,B7,1.0,31.0
B71Reporter.intensity.16,877,27.77,Melanoma,Reporter.intensity.16,B7,10.1979579701901,dAL_1k_Proto29_31,B7,1.0,31.0
B71Reporter.intensity.17,878,23.73,Melanoma,Reporter.intensity.17,B7,9.32548606674442,dAL_1k_Proto29_31,B7,1.0,31.0
B71Reporter.intensity.18,879,17.97,Monocyte,Reporter.intensity.18,B7,9.2670556047883,dAL_1k_Proto29_31,B7,1.0,31.0
B71Reporter.intensity.19,880,20.06,Monocyte,Reporter.intensity.19,B7,9.6518577051295,dAL_1k_Proto29_31,B7,1.0,31.0
B71Reporter.intensity.20,881,21.39,PDAC,Reporter.intensity.20,B7,9.55314627910041,dAL_1k_Proto29_31,B7,1.0,31.0
B71Reporter.intensity.21,882,22.63,PDAC,Reporter.intensity.21,B7,9.07436052607563,dAL_1k_Proto29_31,B7,1.0,31.0
B71Reporter.intensity.22,883,27.34,Melanoma,Reporter.intensity.22,B7,9.51109376610104,dAL_1k_Proto29_31,B7,1.0,31.0
B71Reporter.intensity.23,884,23.85,Melanoma,Reporter.intensity.23,B7,9.77001441963199,dAL_1k_Proto29_31,B7,1.0,31.0
B71Reporter.intensity.25,886,17.84,Monocyte,Reporter.intensity.25,B7,9.2252187333589,dAL_1k_Proto29_31,B7,1.0,31.0
B71Reporter.intensity.26,887,19.94,PDAC,Reporter.intensity.26,B7,9.80448829347917,dAL_1k_Proto29_31,B7,1.0,31.0
B71Reporter.intensity.28,889,30.11,Melanoma,Reporter.intensity.28,B7,9.76818998893115,dAL_1k_Proto29_31,B7,1.0,31.0
B71Reporter.intensity.29,890,20.86,Monocyte,Reporter.intensity.29,B7,9.65105102133139,dAL_1k_Proto29_31,B7,1.0,31.0
B71Reporter.intensity.30,891,31.98,PDAC,Reporter.intensity.30,B7,10.2190406973181,dAL_1k_Proto29_31,B7,1.0,31.0
B71Reporter.intensity.31,892,23.46,PDAC,Reporter.intensity.31,B7,9.54810409671046,dAL_1k_Proto29_31,B7,1.0,31.0
B71Reporter.intensity.32,893,25.55,PDAC,Reporter.intensity.32,B7,10.1130355495683,dAL_1k_Proto29_31,B7,1.0,31.0
B71Reporter.intensity.4,894,22.24,Melanoma,Reporter.intensity.4,B7,9.37362904628108,dAL_1k_Proto29_31,B7,1.0,31.0
B71Reporter.intensity.5,895,20.12,Monocyte,Reporter.intensity.5,B7,10.3459051166784,dAL_1k_Proto29_31,B7,1.0,31.0
B71Reporter.intensity.6,896,19.09,Monocyte,Reporter.intensity.6,B7,9.41884313978117,dAL_1k_Proto29_31,B7,1.0,31.0
B71Reporter.intensity.7,897,21.35,PDAC,Reporter.intensity.7,B7,10.1183843650295,dAL_1k_Proto29_31,B7,1.0,31.0
B71Reporter.intensity.8,898,28.22,PDAC,Reporter.intensity.8,B7,9.87482674580887,dAL_1k_Proto29_31,B7,1.0,31.0
B71Reporter.intensity.9,899,26.3,Melanoma,Reporter.intensity.9,B7,10.3800173567751,dAL_1k_Proto29_31,B7,1.0,31.0
B81Reporter.intensity.11,901,20.18,Monocyte,Reporter.intensity.11,B8,9.4698563140244,dAL_1k_Proto29_32,B8,1.0,32.0
B81Reporter.intensity.12,902,25.68,PDAC,Reporter.intensity.12,B8,10.1496198042551,dAL_1k_Proto29_32,B8,1.0,32.0
B81Reporter.intensity.13,903,22.17,Melanoma,Reporter.intensity.13,B8,9.90833848785895,dAL_1k_Proto29_32,B8,1.0,32.0
B81Reporter.intensity.14,904,24.27,Melanoma,Reporter.intensity.14,B8,10.5558307928934,dAL_1k_Proto29_32,B8,1.0,32.0
B81Reporter.intensity.16,906,18.75,Monocyte,Reporter.intensity.16,B8,9.41020171719667,dAL_1k_Proto29_32,B8,1.0,32.0
B81Reporter.intensity.17,907,18.39,Monocyte,Reporter.intensity.17,B8,9.37931605885809,dAL_1k_Proto29_32,B8,1.0,32.0
B81Reporter.intensity.18,908,22.32,PDAC,Reporter.intensity.18,B8,9.48004327730098,dAL_1k_Proto29_32,B8,1.0,32.0
B81Reporter.intensity.19,909,22.44,PDAC,Reporter.intensity.19,B8,9.58381108875784,dAL_1k_Proto29_32,B8,1.0,32.0
B81Reporter.intensity.22,912,19.5,Monocyte,Reporter.intensity.22,B8,9.393109094771,dAL_1k_Proto29_32,B8,1.0,32.0
B81Reporter.intensity.23,913,21.95,Monocyte,Reporter.intensity.23,B8,9.64465465771314,dAL_1k_Proto29_32,B8,1.0,32.0
B81Reporter.intensity.24,914,23.78,PDAC,Reporter.intensity.24,B8,9.76918462142488,dAL_1k_Proto29_32,B8,1.0,32.0
B81Reporter.intensity.26,916,25.47,Melanoma,Reporter.intensity.26,B8,10.2522517036581,dAL_1k_Proto29_32,B8,1.0,32.0
B81Reporter.intensity.27,917,20.03,Monocyte,Reporter.intensity.27,B8,9.5468923924309,dAL_1k_Proto29_32,B8,1.0,32.0
B81Reporter.intensity.28,918,25.57,PDAC,Reporter.intensity.28,B8,9.70062598617242,dAL_1k_Proto29_32,B8,1.0,32.0
B81Reporter.intensity.29,919,32.88,PDAC,Reporter.intensity.29,B8,10.4002973350888,dAL_1k_Proto29_32,B8,1.0,32.0
B81Reporter.intensity.30,920,27.56,PDAC,Reporter.intensity.30,B8,9.97271625231195,dAL_1k_Proto29_32,B8,1.0,32.0
B81Reporter.intensity.31,921,23.5,Melanoma,Reporter.intensity.31,B8,9.80467450306669,dAL_1k_Proto29_32,B8,1.0,32.0
B81Reporter.intensity.32,922,22.63,Monocyte,Reporter.intensity.32,B8,9.93569328296819,dAL_1k_Proto29_32,B8,1.0,32.0
B81Reporter.intensity.4,923,22.32,Monocyte,Reporter.intensity.4,B8,9.82382037421855,dAL_1k_Proto29_32,B8,1.0,32.0
B81Reporter.intensity.5,924,21.29,PDAC,Reporter.intensity.5,B8,10.3937527313659,dAL_1k_Proto29_32,B8,1.0,32.0
B81Reporter.intensity.6,925,20.2,PDAC,Reporter.intensity.6,B8,9.2220573910704,dAL_1k_Proto29_32,B8,1.0,32.0
B81Reporter.intensity.7,926,27.23,Melanoma,Reporter.intensity.7,B8,10.4937075665737,dAL_1k_Proto29_32,B8,1.0,32.0
B81Reporter.intensity.8,927,33.73,Melanoma,Reporter.intensity.8,B8,10.661948832966,dAL_1k_Proto29_32,B8,1.0,32.0
B81Reporter.intensity.9,928,20.7,Monocyte,Reporter.intensity.9,B8,9.8494481104323,dAL_1k_Proto29_32,B8,1.0,32.0
C101Reporter.intensity.10,929,24.55,Melanoma,Reporter.intensity.10,C10,9.05147530252486,dAL_1k_Proto29_42,C10,1.0,42.0
C101Reporter.intensity.11,930,27.57,Melanoma,Reporter.intensity.11,C10,8.70812885970898,dAL_1k_Proto29_42,C10,1.0,42.0
C101Reporter.intensity.12,931,22.96,Monocyte,Reporter.intensity.12,C10,8.78566094162388,dAL_1k_Proto29_42,C10,1.0,42.0
C101Reporter.intensity.13,932,24.39,Monocyte,Reporter.intensity.13,C10,9.01176998829387,dAL_1k_Proto29_42,C10,1.0,42.0
C101Reporter.intensity.14,933,18.11,Monocyte,Reporter.intensity.14,C10,8.7375711489877,dAL_1k_Proto29_42,C10,1.0,42.0
C101Reporter.intensity.15,934,27.22,PDAC,Reporter.intensity.15,C10,8.95939728756456,dAL_1k_Proto29_42,C10,1.0,42.0
C101Reporter.intensity.16,935,23.67,Melanoma,Reporter.intensity.16,C10,8.68227848818376,dAL_1k_Proto29_42,C10,1.0,42.0
C101Reporter.intensity.18,937,26.94,Melanoma,Reporter.intensity.18,C10,8.98515778287522,dAL_1k_Proto29_42,C10,1.0,42.0
C101Reporter.intensity.19,938,23.25,Monocyte,Reporter.intensity.19,C10,8.6363173685215,dAL_1k_Proto29_42,C10,1.0,42.0
C101Reporter.intensity.20,939,20.72,Monocyte,Reporter.intensity.20,C10,8.32535223179652,dAL_1k_Proto29_42,C10,1.0,42.0
C101Reporter.intensity.21,940,22.51,PDAC,Reporter.intensity.21,C10,8.23873401056842,dAL_1k_Proto29_42,C10,1.0,42.0
C101Reporter.intensity.22,941,25.44,PDAC,Reporter.intensity.22,C10,8.77701556757129,dAL_1k_Proto29_42,C10,1.0,42.0
C101Reporter.intensity.24,943,24.35,Melanoma,Reporter.intensity.24,C10,8.72636467805217,dAL_1k_Proto29_42,C10,1.0,42.0
C101Reporter.intensity.25,944,26.63,Monocyte,Reporter.intensity.25,C10,9.0933429254942,dAL_1k_Proto29_42,C10,1.0,42.0
C101Reporter.intensity.26,945,18.77,Monocyte,Reporter.intensity.26,C10,8.21833977277852,dAL_1k_Proto29_42,C10,1.0,42.0
C101Reporter.intensity.27,946,21.56,PDAC,Reporter.intensity.27,C10,8.4465728233227,dAL_1k_Proto29_42,C10,1.0,42.0
C101Reporter.intensity.28,947,25.41,Melanoma,Reporter.intensity.28,C10,8.7047295087853,dAL_1k_Proto29_42,C10,1.0,42.0
C101Reporter.intensity.29,948,29.88,Melanoma,Reporter.intensity.29,C10,9.59828117745763,dAL_1k_Proto29_42,C10,1.0,42.0
C101Reporter.intensity.30,949,21.05,Monocyte,Reporter.intensity.30,C10,7.95110060271017,dAL_1k_Proto29_42,C10,1.0,42.0
C101Reporter.intensity.31,950,21.11,PDAC,Reporter.intensity.31,C10,8.2050253597365,dAL_1k_Proto29_42,C10,1.0,42.0
C101Reporter.intensity.32,951,26.44,PDAC,Reporter.intensity.32,C10,8.92184121462833,dAL_1k_Proto29_42,C10,1.0,42.0
C101Reporter.intensity.4,952,23.56,PDAC,Reporter.intensity.4,C10,8.62426422553835,dAL_1k_Proto29_42,C10,1.0,42.0
C101Reporter.intensity.5,953,25.5,Melanoma,Reporter.intensity.5,C10,9.63561560027796,dAL_1k_Proto29_42,C10,1.0,42.0
C101Reporter.intensity.6,954,27.41,Monocyte,Reporter.intensity.6,C10,8.75889194290828,dAL_1k_Proto29_42,C10,1.0,42.0
C101Reporter.intensity.7,955,19.06,Monocyte,Reporter.intensity.7,C10,8.85820369679035,dAL_1k_Proto29_42,C10,1.0,42.0
C101Reporter.intensity.8,956,20.27,PDAC,Reporter.intensity.8,C10,8.42462595082306,dAL_1k_Proto29_42,C10,1.0,42.0
C101Reporter.intensity.9,957,22.04,PDAC,Reporter.intensity.9,C10,8.53801457525982,dAL_1k_Proto29_42,C10,1.0,42.0
C111Reporter.intensity.10,958,23.86,Monocyte,Reporter.intensity.10,C11,8.95213125752772,dAL_1k_Proto29_43,C11,1.0,43.0
C111Reporter.intensity.11,959,19.28,Monocyte,Reporter.intensity.11,C11,8.20298701312851,dAL_1k_Proto29_43,C11,1.0,43.0
C111Reporter.intensity.12,960,19.31,Monocyte,Reporter.intensity.12,C11,8.30004992149124,dAL_1k_Proto29_43,C11,1.0,43.0
C111Reporter.intensity.13,961,20.64,PDAC,Reporter.intensity.13,C11,8.30650142159963,dAL_1k_Proto29_43,C11,1.0,43.0
C111Reporter.intensity.14,962,27.61,Melanoma,Reporter.intensity.14,C11,9.1280682717318,dAL_1k_Proto29_43,C11,1.0,43.0
C111Reporter.intensity.16,964,23.28,Melanoma,Reporter.intensity.16,C11,7.97223650301327,dAL_1k_Proto29_43,C11,1.0,43.0
C111Reporter.intensity.17,965,18.99,Monocyte,Reporter.intensity.17,C11,8.09710373030347,dAL_1k_Proto29_43,C11,1.0,43.0
C111Reporter.intensity.18,966,20.8,Monocyte,Reporter.intensity.18,C11,8.4732617610021,dAL_1k_Proto29_43,C11,1.0,43.0
C111Reporter.intensity.19,967,28.5,PDAC,Reporter.intensity.19,C11,8.98837737111755,dAL_1k_Proto29_43,C11,1.0,43.0
C111Reporter.intensity.20,968,25.34,PDAC,Reporter.intensity.20,C11,8.45188942258508,dAL_1k_Proto29_43,C11,1.0,43.0
C111Reporter.intensity.21,969,24.93,Melanoma,Reporter.intensity.21,C11,8.13583723513276,dAL_1k_Proto29_43,C11,1.0,43.0
C111Reporter.intensity.22,970,26.56,Melanoma,Reporter.intensity.22,C11,9.0975521629038,dAL_1k_Proto29_43,C11,1.0,43.0
C111Reporter.intensity.23,971,20.15,Monocyte,Reporter.intensity.23,C11,8.03967949490428,dAL_1k_Proto29_43,C11,1.0,43.0
C111Reporter.intensity.24,972,23.69,Monocyte,Reporter.intensity.24,C11,8.39021263900143,dAL_1k_Proto29_43,C11,1.0,43.0
C111Reporter.intensity.25,973,21.56,PDAC,Reporter.intensity.25,C11,8.22091579101764,dAL_1k_Proto29_43,C11,1.0,43.0
C111Reporter.intensity.26,974,27.81,Melanoma,Reporter.intensity.26,C11,9.04668822698226,dAL_1k_Proto29_43,C11,1.0,43.0
C111Reporter.intensity.27,975,23.58,Melanoma,Reporter.intensity.27,C11,8.69910387217553,dAL_1k_Proto29_43,C11,1.0,43.0
C111Reporter.intensity.30,978,24.0,PDAC,Reporter.intensity.30,C11,8.30891566966709,dAL_1k_Proto29_43,C11,1.0,43.0
C111Reporter.intensity.31,979,26.09,PDAC,Reporter.intensity.31,C11,8.71360986449844,dAL_1k_Proto29_43,C11,1.0,43.0
C111Reporter.intensity.4,981,20.17,Monocyte,Reporter.intensity.4,C11,8.18165354481923,dAL_1k_Proto29_43,C11,1.0,43.0
C111Reporter.intensity.5,982,18.9,Monocyte,Reporter.intensity.5,C11,9.16768624607428,dAL_1k_Proto29_43,C11,1.0,43.0
C111Reporter.intensity.6,983,23.79,PDAC,Reporter.intensity.6,C11,8.33937314674593,dAL_1k_Proto29_43,C11,1.0,43.0
C111Reporter.intensity.7,984,32.49,PDAC,Reporter.intensity.7,C11,9.80242454895118,dAL_1k_Proto29_43,C11,1.0,43.0
C111Reporter.intensity.8,985,24.61,Melanoma,Reporter.intensity.8,C11,8.8286167637893,dAL_1k_Proto29_43,C11,1.0,43.0
C111Reporter.intensity.9,986,27.8,Melanoma,Reporter.intensity.9,C11,9.27878355373672,dAL_1k_Proto29_43,C11,1.0,43.0
C121Reporter.intensity.10,987,23.93,Monocyte,Reporter.intensity.10,C12,8.73095282944432,dAL_1k_Proto29_44,C12,1.0,44.0
C121Reporter.intensity.11,988,28.35,PDAC,Reporter.intensity.11,C12,9.1587385889109,dAL_1k_Proto29_44,C12,1.0,44.0
C121Reporter.intensity.13,990,25.47,Melanoma,Reporter.intensity.13,C12,8.97102854849139,dAL_1k_Proto29_44,C12,1.0,44.0
C121Reporter.intensity.15,992,20.02,Monocyte,Reporter.intensity.15,C12,8.55453485648841,dAL_1k_Proto29_44,C12,1.0,44.0
C121Reporter.intensity.17,994,28.56,PDAC,Reporter.intensity.17,C12,9.11795339333608,dAL_1k_Proto29_44,C12,1.0,44.0
C121Reporter.intensity.18,995,22.9,PDAC,Reporter.intensity.18,C12,8.65671647923538,dAL_1k_Proto29_44,C12,1.0,44.0
C121Reporter.intensity.19,996,34.52,Melanoma,Reporter.intensity.19,C12,8.90758795555594,dAL_1k_Proto29_44,C12,1.0,44.0
C121Reporter.intensity.20,997,24.14,Melanoma,Reporter.intensity.20,C12,8.63369487850543,dAL_1k_Proto29_44,C12,1.0,44.0
C121Reporter.intensity.21,998,22.51,Monocyte,Reporter.intensity.21,C12,8.4986087217098,dAL_1k_Proto29_44,C12,1.0,44.0
C121Reporter.intensity.22,999,22.4,Monocyte,Reporter.intensity.22,C12,8.51275295494665,dAL_1k_Proto29_44,C12,1.0,44.0
C121Reporter.intensity.23,1000,20.29,PDAC,Reporter.intensity.23,C12,8.13813396204798,dAL_1k_Proto29_44,C12,1.0,44.0
C121Reporter.intensity.24,1001,23.74,Melanoma,Reporter.intensity.24,C12,8.47188265048385,dAL_1k_Proto29_44,C12,1.0,44.0
C121Reporter.intensity.25,1002,23.74,Melanoma,Reporter.intensity.25,C12,8.08788317661967,dAL_1k_Proto29_44,C12,1.0,44.0
C121Reporter.intensity.26,1003,23.56,Monocyte,Reporter.intensity.26,C12,8.8583529561325,dAL_1k_Proto29_44,C12,1.0,44.0
C121Reporter.intensity.27,1004,23.21,PDAC,Reporter.intensity.27,C12,8.6229762782192,dAL_1k_Proto29_44,C12,1.0,44.0
C121Reporter.intensity.28,1005,22.42,PDAC,Reporter.intensity.28,C12,8.08294599676895,dAL_1k_Proto29_44,C12,1.0,44.0
C121Reporter.intensity.29,1006,24.2,PDAC,Reporter.intensity.29,C12,8.83028124711021,dAL_1k_Proto29_44,C12,1.0,44.0
C121Reporter.intensity.31,1008,24.96,Monocyte,Reporter.intensity.31,C12,8.5238742892214,dAL_1k_Proto29_44,C12,1.0,44.0
C121Reporter.intensity.32,1009,19.01,Monocyte,Reporter.intensity.32,C12,8.24657924379803,dAL_1k_Proto29_44,C12,1.0,44.0
C121Reporter.intensity.5,1011,20.61,PDAC,Reporter.intensity.5,C12,9.41543383289457,dAL_1k_Proto29_44,C12,1.0,44.0
C121Reporter.intensity.6,1012,24.04,Melanoma,Reporter.intensity.6,C12,8.50781935117051,dAL_1k_Proto29_44,C12,1.0,44.0
C121Reporter.intensity.7,1013,22.24,Melanoma,Reporter.intensity.7,C12,9.02080511291636,dAL_1k_Proto29_44,C12,1.0,44.0
C121Reporter.intensity.8,1014,17.43,Monocyte,Reporter.intensity.8,C12,7.88345756954911,dAL_1k_Proto29_44,C12,1.0,44.0
C121Reporter.intensity.9,1015,22.15,Monocyte,Reporter.intensity.9,C12,8.87907785914772,dAL_1k_Proto29_44,C12,1.0,44.0
C131Reporter.intensity.11,1017,31.43,PDAC,Reporter.intensity.11,C13,9.32105090207028,dAL_1k_Proto29_45,C13,1.0,45.0
C131Reporter.intensity.12,1018,28.2,Melanoma,Reporter.intensity.12,C13,9.20870455636392,dAL_1k_Proto29_45,C13,1.0,45.0
C131Reporter.intensity.13,1019,23.44,Melanoma,Reporter.intensity.13,C13,8.52393279685955,dAL_1k_Proto29_45,C13,1.0,45.0
C131Reporter.intensity.14,1020,23.24,Monocyte,Reporter.intensity.14,C13,9.09542299234213,dAL_1k_Proto29_45,C13,1.0,45.0
C131Reporter.intensity.15,1021,21.55,Monocyte,Reporter.intensity.15,C13,8.55319763445312,dAL_1k_Proto29_45,C13,1.0,45.0
C131Reporter.intensity.16,1022,19.7,Monocyte,Reporter.intensity.16,C13,8.43949214643999,dAL_1k_Proto29_45,C13,1.0,45.0
C131Reporter.intensity.17,1023,25.72,PDAC,Reporter.intensity.17,C13,8.83310946392969,dAL_1k_Proto29_45,C13,1.0,45.0
C131Reporter.intensity.18,1024,27.67,Melanoma,Reporter.intensity.18,C13,9.26195464706523,dAL_1k_Proto29_45,C13,1.0,45.0
C131Reporter.intensity.19,1025,26.09,Melanoma,Reporter.intensity.19,C13,8.83078773027372,dAL_1k_Proto29_45,C13,1.0,45.0
C131Reporter.intensity.20,1026,22.46,Melanoma,Reporter.intensity.20,C13,8.5719306088224,dAL_1k_Proto29_45,C13,1.0,45.0
C131Reporter.intensity.21,1027,22.08,Monocyte,Reporter.intensity.21,C13,8.59199726156299,dAL_1k_Proto29_45,C13,1.0,45.0
C131Reporter.intensity.22,1028,17.67,Monocyte,Reporter.intensity.22,C13,8.02016126480118,dAL_1k_Proto29_45,C13,1.0,45.0
C131Reporter.intensity.23,1029,19.82,PDAC,Reporter.intensity.23,C13,8.38400103755671,dAL_1k_Proto29_45,C13,1.0,45.0
C131Reporter.intensity.24,1030,20.33,PDAC,Reporter.intensity.24,C13,8.16438207086216,dAL_1k_Proto29_45,C13,1.0,45.0
C131Reporter.intensity.25,1031,26.48,Melanoma,Reporter.intensity.25,C13,9.06134764240043,dAL_1k_Proto29_45,C13,1.0,45.0
C131Reporter.intensity.26,1032,21.81,Melanoma,Reporter.intensity.26,C13,7.99098311403142,dAL_1k_Proto29_45,C13,1.0,45.0
C131Reporter.intensity.27,1033,22.89,Monocyte,Reporter.intensity.27,C13,8.76364377101095,dAL_1k_Proto29_45,C13,1.0,45.0
C131Reporter.intensity.28,1034,20.7,Monocyte,Reporter.intensity.28,C13,8.10656343009891,dAL_1k_Proto29_45,C13,1.0,45.0
C131Reporter.intensity.29,1035,26.73,PDAC,Reporter.intensity.29,C13,8.36205369246233,dAL_1k_Proto29_45,C13,1.0,45.0
C131Reporter.intensity.30,1036,26.46,Melanoma,Reporter.intensity.30,C13,8.12484661113947,dAL_1k_Proto29_45,C13,1.0,45.0
C131Reporter.intensity.32,1038,23.86,Monocyte,Reporter.intensity.32,C13,8.68509042769106,dAL_1k_Proto29_45,C13,1.0,45.0
C131Reporter.intensity.4,1039,27.49,PDAC,Reporter.intensity.4,C13,8.95734584262197,dAL_1k_Proto29_45,C13,1.0,45.0
C131Reporter.intensity.5,1040,22.99,PDAC,Reporter.intensity.5,C13,9.49429072822546,dAL_1k_Proto29_45,C13,1.0,45.0
C131Reporter.intensity.6,1041,28.39,PDAC,Reporter.intensity.6,C13,8.95791746503316,dAL_1k_Proto29_45,C13,1.0,45.0
C131Reporter.intensity.7,1042,21.79,Melanoma,Reporter.intensity.7,C13,9.00582208310451,dAL_1k_Proto29_45,C13,1.0,45.0
C131Reporter.intensity.8,1043,15.69,Monocyte,Reporter.intensity.8,C13,7.7895691305172,dAL_1k_Proto29_45,C13,1.0,45.0
C131Reporter.intensity.9,1044,20.75,Monocyte,Reporter.intensity.9,C13,8.83617159556119,dAL_1k_Proto29_45,C13,1.0,45.0
C141Reporter.intensity.10,1045,27.44,Melanoma,Reporter.intensity.10,C14,9.4474480700453,dAL_1k_Proto29_46,C14,1.0,46.0
C141Reporter.intensity.11,1046,29.66,Melanoma,Reporter.intensity.11,C14,9.58024001568097,dAL_1k_Proto29_46,C14,1.0,46.0
C141Reporter.intensity.12,1047,22.05,Monocyte,Reporter.intensity.12,C14,8.48085453357611,dAL_1k_Proto29_46,C14,1.0,46.0
C141Reporter.intensity.14,1049,21.88,Monocyte,Reporter.intensity.14,C14,9.08615685979342,dAL_1k_Proto29_46,C14,1.0,46.0
C141Reporter.intensity.15,1050,25.11,PDAC,Reporter.intensity.15,C14,8.80532916421621,dAL_1k_Proto29_46,C14,1.0,46.0
C141Reporter.intensity.16,1051,29.46,Melanoma,Reporter.intensity.16,C14,9.39779778246476,dAL_1k_Proto29_46,C14,1.0,46.0
C141Reporter.intensity.17,1052,25.02,Melanoma,Reporter.intensity.17,C14,8.99737217017077,dAL_1k_Proto29_46,C14,1.0,46.0
C141Reporter.intensity.18,1053,24.65,Melanoma,Reporter.intensity.18,C14,8.78501503042802,dAL_1k_Proto29_46,C14,1.0,46.0
C141Reporter.intensity.19,1054,21.65,Monocyte,Reporter.intensity.19,C14,8.44595913550084,dAL_1k_Proto29_46,C14,1.0,46.0
C141Reporter.intensity.20,1055,18.04,Monocyte,Reporter.intensity.20,C14,8.1122236980417,dAL_1k_Proto29_46,C14,1.0,46.0
C141Reporter.intensity.21,1056,22.73,PDAC,Reporter.intensity.21,C14,8.42652972616388,dAL_1k_Proto29_46,C14,1.0,46.0
C141Reporter.intensity.22,1057,20.86,PDAC,Reporter.intensity.22,C14,8.27059573024288,dAL_1k_Proto29_46,C14,1.0,46.0
C141Reporter.intensity.23,1058,31.9,Melanoma,Reporter.intensity.23,C14,9.42849079697504,dAL_1k_Proto29_46,C14,1.0,46.0
C141Reporter.intensity.24,1059,24.71,Melanoma,Reporter.intensity.24,C14,8.57777744227524,dAL_1k_Proto29_46,C14,1.0,46.0
C141Reporter.intensity.25,1060,18.54,Monocyte,Reporter.intensity.25,C14,8.21342336302122,dAL_1k_Proto29_46,C14,1.0,46.0
C141Reporter.intensity.26,1061,24.98,Monocyte,Reporter.intensity.26,C14,8.93121946633915,dAL_1k_Proto29_46,C14,1.0,46.0
C141Reporter.intensity.27,1062,22.82,PDAC,Reporter.intensity.27,C14,8.67610263260562,dAL_1k_Proto29_46,C14,1.0,46.0
C141Reporter.intensity.28,1063,22.02,Melanoma,Reporter.intensity.28,C14,8.317225015797,dAL_1k_Proto29_46,C14,1.0,46.0
C141Reporter.intensity.29,1064,32.33,Melanoma,Reporter.intensity.29,C14,10.0004308613233,dAL_1k_Proto29_46,C14,1.0,46.0
C141Reporter.intensity.31,1066,28.42,PDAC,Reporter.intensity.31,C14,9.00095775900886,dAL_1k_Proto29_46,C14,1.0,46.0
C141Reporter.intensity.32,1067,28.63,PDAC,Reporter.intensity.32,C14,8.99556224380709,dAL_1k_Proto29_46,C14,1.0,46.0
C141Reporter.intensity.4,1068,25.18,PDAC,Reporter.intensity.4,C14,8.67705034755397,dAL_1k_Proto29_46,C14,1.0,46.0
C141Reporter.intensity.5,1069,25.46,Melanoma,Reporter.intensity.5,C14,9.68057076194534,dAL_1k_Proto29_46,C14,1.0,46.0
C141Reporter.intensity.6,1070,21.32,Monocyte,Reporter.intensity.6,C14,8.21331810369423,dAL_1k_Proto29_46,C14,1.0,46.0
C141Reporter.intensity.7,1071,21.41,Monocyte,Reporter.intensity.7,C14,9.17516096678068,dAL_1k_Proto29_46,C14,1.0,46.0
C141Reporter.intensity.8,1072,24.12,PDAC,Reporter.intensity.8,C14,8.76549285244574,dAL_1k_Proto29_46,C14,1.0,46.0
C141Reporter.intensity.9,1073,18.96,PDAC,Reporter.intensity.9,C14,8.69711101750595,dAL_1k_Proto29_46,C14,1.0,46.0
C151Reporter.intensity.11,1075,19.34,Monocyte,Reporter.intensity.11,C15,8.3692421271745,dAL_1k_Proto29_47,C15,1.0,47.0
C151Reporter.intensity.12,1076,23.93,Monocyte,Reporter.intensity.12,C15,8.63491994518294,dAL_1k_Proto29_47,C15,1.0,47.0
C151Reporter.intensity.13,1077,21.94,PDAC,Reporter.intensity.13,C15,8.79673100598397,dAL_1k_Proto29_47,C15,1.0,47.0
C151Reporter.intensity.14,1078,34.23,Melanoma,Reporter.intensity.14,C15,9.75298846558171,dAL_1k_Proto29_47,C15,1.0,47.0
C151Reporter.intensity.15,1079,22.47,Melanoma,Reporter.intensity.15,C15,8.42069966142442,dAL_1k_Proto29_47,C15,1.0,47.0
C151Reporter.intensity.16,1080,23.96,Melanoma,Reporter.intensity.16,C15,8.54642510114816,dAL_1k_Proto29_47,C15,1.0,47.0
C151Reporter.intensity.17,1081,19.4,Monocyte,Reporter.intensity.17,C15,8.35529323535581,dAL_1k_Proto29_47,C15,1.0,47.0
C151Reporter.intensity.18,1082,19.09,Monocyte,Reporter.intensity.18,C15,8.3020135470138,dAL_1k_Proto29_47,C15,1.0,47.0
C151Reporter.intensity.19,1083,21.97,PDAC,Reporter.intensity.19,C15,8.48778230350311,dAL_1k_Proto29_47,C15,1.0,47.0
C151Reporter.intensity.20,1084,22.5,PDAC,Reporter.intensity.20,C15,8.24691902875328,dAL_1k_Proto29_47,C15,1.0,47.0
C151Reporter.intensity.21,1085,23.36,Melanoma,Reporter.intensity.21,C15,8.61018046051905,dAL_1k_Proto29_47,C15,1.0,47.0
C151Reporter.intensity.22,1086,25.06,Melanoma,Reporter.intensity.22,C15,8.65681586525194,dAL_1k_Proto29_47,C15,1.0,47.0
C151Reporter.intensity.23,1087,18.14,Monocyte,Reporter.intensity.23,C15,8.03534638484244,dAL_1k_Proto29_47,C15,1.0,47.0
C151Reporter.intensity.24,1088,21.59,Monocyte,Reporter.intensity.24,C15,8.29788911540932,dAL_1k_Proto29_47,C15,1.0,47.0
C151Reporter.intensity.25,1089,25.25,PDAC,Reporter.intensity.25,C15,8.55638556738178,dAL_1k_Proto29_47,C15,1.0,47.0
C151Reporter.intensity.26,1090,22.25,Melanoma,Reporter.intensity.26,C15,8.56974144071796,dAL_1k_Proto29_47,C15,1.0,47.0
C151Reporter.intensity.27,1091,22.96,Melanoma,Reporter.intensity.27,C15,8.93886839459013,dAL_1k_Proto29_47,C15,1.0,47.0
C151Reporter.intensity.28,1092,19.99,Monocyte,Reporter.intensity.28,C15,7.9780908309151,dAL_1k_Proto29_47,C15,1.0,47.0
C151Reporter.intensity.29,1093,22.1,PDAC,Reporter.intensity.29,C15,8.75466357490093,dAL_1k_Proto29_47,C15,1.0,47.0
C151Reporter.intensity.30,1094,30.04,PDAC,Reporter.intensity.30,C15,9.08103871061694,dAL_1k_Proto29_47,C15,1.0,47.0
C151Reporter.intensity.31,1095,22.17,PDAC,Reporter.intensity.31,C15,8.41789229337619,dAL_1k_Proto29_47,C15,1.0,47.0
C151Reporter.intensity.32,1096,26.52,Melanoma,Reporter.intensity.32,C15,9.039559795383,dAL_1k_Proto29_47,C15,1.0,47.0
C151Reporter.intensity.4,1097,19.79,Monocyte,Reporter.intensity.4,C15,8.26798634803414,dAL_1k_Proto29_47,C15,1.0,47.0
C151Reporter.intensity.5,1098,24.72,Monocyte,Reporter.intensity.5,C15,9.46947206738726,dAL_1k_Proto29_47,C15,1.0,47.0
C151Reporter.intensity.6,1099,23.18,PDAC,Reporter.intensity.6,C15,8.32997361278336,dAL_1k_Proto29_47,C15,1.0,47.0
C151Reporter.intensity.7,1100,22.71,PDAC,Reporter.intensity.7,C15,9.06344999423533,dAL_1k_Proto29_47,C15,1.0,47.0
C151Reporter.intensity.9,1102,23.45,Melanoma,Reporter.intensity.9,C15,9.03281744186122,dAL_1k_Proto29_47,C15,1.0,47.0
C161Reporter.intensity.10,1103,21.66,Monocyte,Reporter.intensity.10,C16,8.89250502933401,dAL_1k_Proto29_48,C16,1.0,48.0
C161Reporter.intensity.11,1104,25.05,PDAC,Reporter.intensity.11,C16,8.88374017416213,dAL_1k_Proto29_48,C16,1.0,48.0
C161Reporter.intensity.12,1105,22.7,Melanoma,Reporter.intensity.12,C16,8.64141084369049,dAL_1k_Proto29_48,C16,1.0,48.0
C161Reporter.intensity.13,1106,22.15,Melanoma,Reporter.intensity.13,C16,8.49554178431131,dAL_1k_Proto29_48,C16,1.0,48.0
C161Reporter.intensity.14,1107,30.82,Melanoma,Reporter.intensity.14,C16,9.57557308575958,dAL_1k_Proto29_48,C16,1.0,48.0
C161Reporter.intensity.15,1108,19.53,Monocyte,Reporter.intensity.15,C16,8.3115604912088,dAL_1k_Proto29_48,C16,1.0,48.0
C161Reporter.intensity.16,1109,19.43,Monocyte,Reporter.intensity.16,C16,8.09365323187287,dAL_1k_Proto29_48,C16,1.0,48.0
C161Reporter.intensity.17,1110,25.48,PDAC,Reporter.intensity.17,C16,8.82920975358351,dAL_1k_Proto29_48,C16,1.0,48.0
C161Reporter.intensity.18,1111,20.82,PDAC,Reporter.intensity.18,C16,8.27527022444715,dAL_1k_Proto29_48,C16,1.0,48.0
C161Reporter.intensity.19,1112,28.66,Melanoma,Reporter.intensity.19,C16,9.30916565462208,dAL_1k_Proto29_48,C16,1.0,48.0
C161Reporter.intensity.20,1113,22.59,Melanoma,Reporter.intensity.20,C16,8.21588485505046,dAL_1k_Proto29_48,C16,1.0,48.0
C161Reporter.intensity.21,1114,22.4,Monocyte,Reporter.intensity.21,C16,8.59113507564342,dAL_1k_Proto29_48,C16,1.0,48.0
C161Reporter.intensity.22,1115,22.5,Monocyte,Reporter.intensity.22,C16,8.34284858190834,dAL_1k_Proto29_48,C16,1.0,48.0
C161Reporter.intensity.23,1116,29.51,PDAC,Reporter.intensity.23,C16,9.0474627002464,dAL_1k_Proto29_48,C16,1.0,48.0
C161Reporter.intensity.24,1117,28.69,Melanoma,Reporter.intensity.24,C16,9.24532433675966,dAL_1k_Proto29_48,C16,1.0,48.0
C161Reporter.intensity.25,1118,27.75,Melanoma,Reporter.intensity.25,C16,9.15622646206161,dAL_1k_Proto29_48,C16,1.0,48.0
C161Reporter.intensity.26,1119,19.79,Monocyte,Reporter.intensity.26,C16,8.13200247514142,dAL_1k_Proto29_48,C16,1.0,48.0
C161Reporter.intensity.27,1120,24.25,PDAC,Reporter.intensity.27,C16,8.75480815698143,dAL_1k_Proto29_48,C16,1.0,48.0
C161Reporter.intensity.29,1122,22.06,PDAC,Reporter.intensity.29,C16,8.43445223910215,dAL_1k_Proto29_48,C16,1.0,48.0
C161Reporter.intensity.31,1124,21.12,Monocyte,Reporter.intensity.31,C16,8.18470147422246,dAL_1k_Proto29_48,C16,1.0,48.0
C161Reporter.intensity.32,1125,20.58,Monocyte,Reporter.intensity.32,C16,8.23701975008181,dAL_1k_Proto29_48,C16,1.0,48.0
C161Reporter.intensity.4,1126,28.55,PDAC,Reporter.intensity.4,C16,9.03657783199082,dAL_1k_Proto29_48,C16,1.0,48.0
C161Reporter.intensity.5,1127,28.3,PDAC,Reporter.intensity.5,C16,9.64863426024785,dAL_1k_Proto29_48,C16,1.0,48.0
C161Reporter.intensity.6,1128,25.34,Melanoma,Reporter.intensity.6,C16,8.5252329534972,dAL_1k_Proto29_48,C16,1.0,48.0
C161Reporter.intensity.7,1129,22.74,Melanoma,Reporter.intensity.7,C16,8.99460440147586,dAL_1k_Proto29_48,C16,1.0,48.0
C161Reporter.intensity.8,1130,19.28,Monocyte,Reporter.intensity.8,C16,8.21909961066104,dAL_1k_Proto29_48,C16,1.0,48.0
C161Reporter.intensity.9,1131,19.07,Monocyte,Reporter.intensity.9,C16,8.4436111629989,dAL_1k_Proto29_48,C16,1.0,48.0
C171Reporter.intensity.10,1132,28.72,PDAC,Reporter.intensity.10,C17,9.20028055871106,dAL_1k_Proto29_49,C17,1.0,49.0
C171Reporter.intensity.11,1133,20.58,PDAC,Reporter.intensity.11,C17,8.2519377199181,dAL_1k_Proto29_49,C17,1.0,49.0
C171Reporter.intensity.12,1134,26.07,Melanoma,Reporter.intensity.12,C17,9.01396091561072,dAL_1k_Proto29_49,C17,1.0,49.0
C171Reporter.intensity.13,1135,28.44,Melanoma,Reporter.intensity.13,C17,8.71616746034463,dAL_1k_Proto29_49,C17,1.0,49.0
C171Reporter.intensity.14,1136,22.44,Monocyte,Reporter.intensity.14,C17,9.12562977435188,dAL_1k_Proto29_49,C17,1.0,49.0
C171Reporter.intensity.15,1137,25.11,Monocyte,Reporter.intensity.15,C17,8.86911010018425,dAL_1k_Proto29_49,C17,1.0,49.0
C171Reporter.intensity.16,1138,20.76,Monocyte,Reporter.intensity.16,C17,7.7298427626578,dAL_1k_Proto29_49,C17,1.0,49.0
C171Reporter.intensity.17,1139,22.17,PDAC,Reporter.intensity.17,C17,8.18239185551207,dAL_1k_Proto29_49,C17,1.0,49.0
C171Reporter.intensity.18,1140,22.06,Melanoma,Reporter.intensity.18,C17,8.19919636382276,dAL_1k_Proto29_49,C17,1.0,49.0
C171Reporter.intensity.19,1141,24.45,Melanoma,Reporter.intensity.19,C17,8.42536786050958,dAL_1k_Proto29_49,C17,1.0,49.0
C171Reporter.intensity.20,1142,27.58,Melanoma,Reporter.intensity.20,C17,9.1716897558607,dAL_1k_Proto29_49,C17,1.0,49.0
C171Reporter.intensity.21,1143,17.46,Monocyte,Reporter.intensity.21,C17,7.94604348919697,dAL_1k_Proto29_49,C17,1.0,49.0
C171Reporter.intensity.22,1144,20.82,Monocyte,Reporter.intensity.22,C17,7.66281115874461,dAL_1k_Proto29_49,C17,1.0,49.0
C171Reporter.intensity.23,1145,27.03,PDAC,Reporter.intensity.23,C17,8.71215807911348,dAL_1k_Proto29_49,C17,1.0,49.0
C171Reporter.intensity.24,1146,22.54,PDAC,Reporter.intensity.24,C17,8.38694737054425,dAL_1k_Proto29_49,C17,1.0,49.0
C171Reporter.intensity.25,1147,25.72,Melanoma,Reporter.intensity.25,C17,8.92052114462512,dAL_1k_Proto29_49,C17,1.0,49.0
C171Reporter.intensity.26,1148,26.47,Melanoma,Reporter.intensity.26,C17,8.94979424414561,dAL_1k_Proto29_49,C17,1.0,49.0
C171Reporter.intensity.27,1149,19.88,Monocyte,Reporter.intensity.27,C17,8.15735200228602,dAL_1k_Proto29_49,C17,1.0,49.0
C171Reporter.intensity.29,1151,23.69,PDAC,Reporter.intensity.29,C17,8.64035821961076,dAL_1k_Proto29_49,C17,1.0,49.0
C171Reporter.intensity.31,1153,24.73,Melanoma,Reporter.intensity.31,C17,8.10050398178519,dAL_1k_Proto29_49,C17,1.0,49.0
C171Reporter.intensity.32,1154,18.59,Monocyte,Reporter.intensity.32,C17,7.98019586348778,dAL_1k_Proto29_49,C17,1.0,49.0
C171Reporter.intensity.4,1155,19.65,PDAC,Reporter.intensity.4,C17,7.82359499082854,dAL_1k_Proto29_49,C17,1.0,49.0
C171Reporter.intensity.5,1156,24.14,PDAC,Reporter.intensity.5,C17,9.43811341673353,dAL_1k_Proto29_49,C17,1.0,49.0
C171Reporter.intensity.6,1157,22.54,PDAC,Reporter.intensity.6,C17,8.17527864628807,dAL_1k_Proto29_49,C17,1.0,49.0
C171Reporter.intensity.7,1158,25.65,Melanoma,Reporter.intensity.7,C17,9.40604826711661,dAL_1k_Proto29_49,C17,1.0,49.0
C171Reporter.intensity.8,1159,21.6,Monocyte,Reporter.intensity.8,C17,8.22170566301601,dAL_1k_Proto29_49,C17,1.0,49.0
C171Reporter.intensity.9,1160,20.86,Monocyte,Reporter.intensity.9,C17,8.54024986545285,dAL_1k_Proto29_49,C17,1.0,49.0
C181Reporter.intensity.10,1161,35.48,Melanoma,Reporter.intensity.10,C18,9.53988418157158,dAL_1k_Proto29_50,C18,1.0,50.0
C181Reporter.intensity.12,1163,26.07,Monocyte,Reporter.intensity.12,C18,9.01184705897376,dAL_1k_Proto29_50,C18,1.0,50.0
C181Reporter.intensity.13,1164,20.7,Monocyte,Reporter.intensity.13,C18,8.4678715272575,dAL_1k_Proto29_50,C18,1.0,50.0
C181Reporter.intensity.14,1165,23.77,Monocyte,Reporter.intensity.14,C18,9.01892112730078,dAL_1k_Proto29_50,C18,1.0,50.0
C181Reporter.intensity.15,1166,20.08,PDAC,Reporter.intensity.15,C18,8.43782727940882,dAL_1k_Proto29_50,C18,1.0,50.0
C181Reporter.intensity.16,1167,24.37,Melanoma,Reporter.intensity.16,C18,8.70275722309975,dAL_1k_Proto29_50,C18,1.0,50.0
C181Reporter.intensity.17,1168,21.8,Melanoma,Reporter.intensity.17,C18,8.17007738253005,dAL_1k_Proto29_50,C18,1.0,50.0
C181Reporter.intensity.18,1169,27.24,Melanoma,Reporter.intensity.18,C18,9.2295359435872,dAL_1k_Proto29_50,C18,1.0,50.0
C181Reporter.intensity.19,1170,21.06,Monocyte,Reporter.intensity.19,C18,8.84845746826169,dAL_1k_Proto29_50,C18,1.0,50.0
C181Reporter.intensity.20,1171,20.94,Monocyte,Reporter.intensity.20,C18,8.2897645968731,dAL_1k_Proto29_50,C18,1.0,50.0
C181Reporter.intensity.21,1172,22.81,PDAC,Reporter.intensity.21,C18,8.49142971858559,dAL_1k_Proto29_50,C18,1.0,50.0
C181Reporter.intensity.22,1173,23.0,PDAC,Reporter.intensity.22,C18,8.50094772693426,dAL_1k_Proto29_50,C18,1.0,50.0
C181Reporter.intensity.24,1175,36.78,Melanoma,Reporter.intensity.24,C18,10.3494169843315,dAL_1k_Proto29_50,C18,1.0,50.0
C181Reporter.intensity.25,1176,18.28,Monocyte,Reporter.intensity.25,C18,7.91965371169865,dAL_1k_Proto29_50,C18,1.0,50.0
C181Reporter.intensity.26,1177,19.79,Monocyte,Reporter.intensity.26,C18,8.30378213256264,dAL_1k_Proto29_50,C18,1.0,50.0
C181Reporter.intensity.27,1178,26.28,PDAC,Reporter.intensity.27,C18,8.9613615038134,dAL_1k_Proto29_50,C18,1.0,50.0
C181Reporter.intensity.28,1179,24.45,Melanoma,Reporter.intensity.28,C18,8.63265235701828,dAL_1k_Proto29_50,C18,1.0,50.0
C181Reporter.intensity.29,1180,21.53,Melanoma,Reporter.intensity.29,C18,8.46349509139875,dAL_1k_Proto29_50,C18,1.0,50.0
C181Reporter.intensity.31,1182,28.69,PDAC,Reporter.intensity.31,C18,9.1689401772711,dAL_1k_Proto29_50,C18,1.0,50.0
C181Reporter.intensity.32,1183,30.46,PDAC,Reporter.intensity.32,C18,8.94102935511525,dAL_1k_Proto29_50,C18,1.0,50.0
C181Reporter.intensity.4,1184,23.69,PDAC,Reporter.intensity.4,C18,8.29374798867749,dAL_1k_Proto29_50,C18,1.0,50.0
C181Reporter.intensity.5,1185,26.57,Melanoma,Reporter.intensity.5,C18,9.5257304999934,dAL_1k_Proto29_50,C18,1.0,50.0
C181Reporter.intensity.6,1186,24.66,Monocyte,Reporter.intensity.6,C18,8.5040659374969,dAL_1k_Proto29_50,C18,1.0,50.0
C181Reporter.intensity.7,1187,22.73,Monocyte,Reporter.intensity.7,C18,9.10489189649976,dAL_1k_Proto29_50,C18,1.0,50.0
C181Reporter.intensity.8,1188,22.58,PDAC,Reporter.intensity.8,C18,8.33621850676718,dAL_1k_Proto29_50,C18,1.0,50.0
C181Reporter.intensity.9,1189,24.31,PDAC,Reporter.intensity.9,C18,9.02268032715048,dAL_1k_Proto29_50,C18,1.0,50.0
C191Reporter.intensity.10,1190,20.73,Monocyte,Reporter.intensity.10,C19,8.74019295045736,dAL_1k_Proto29_51,C19,1.0,51.0
C191Reporter.intensity.11,1191,21.7,Monocyte,Reporter.intensity.11,C19,8.62953765612013,dAL_1k_Proto29_51,C19,1.0,51.0
C191Reporter.intensity.12,1192,17.02,Monocyte,Reporter.intensity.12,C19,7.94236140610298,dAL_1k_Proto29_51,C19,1.0,51.0
C191Reporter.intensity.15,1195,26.87,Melanoma,Reporter.intensity.15,C19,9.04945448075221,dAL_1k_Proto29_51,C19,1.0,51.0
C191Reporter.intensity.17,1197,24.1,Monocyte,Reporter.intensity.17,C19,8.87470251074395,dAL_1k_Proto29_51,C19,1.0,51.0
C191Reporter.intensity.18,1198,22.55,Monocyte,Reporter.intensity.18,C19,8.61637817612797,dAL_1k_Proto29_51,C19,1.0,51.0
C191Reporter.intensity.19,1199,27.56,PDAC,Reporter.intensity.19,C19,8.66177934404723,dAL_1k_Proto29_51,C19,1.0,51.0
C191Reporter.intensity.20,1200,24.78,PDAC,Reporter.intensity.20,C19,8.98127033489802,dAL_1k_Proto29_51,C19,1.0,51.0
C191Reporter.intensity.21,1201,24.56,Melanoma,Reporter.intensity.21,C19,8.83710858188802,dAL_1k_Proto29_51,C19,1.0,51.0
C191Reporter.intensity.22,1202,25.99,Melanoma,Reporter.intensity.22,C19,8.95838660488341,dAL_1k_Proto29_51,C19,1.0,51.0
C191Reporter.intensity.24,1204,18.18,Monocyte,Reporter.intensity.24,C19,8.24538706846909,dAL_1k_Proto29_51,C19,1.0,51.0
C191Reporter.intensity.25,1205,28.6,PDAC,Reporter.intensity.25,C19,9.08146357459876,dAL_1k_Proto29_51,C19,1.0,51.0
C191Reporter.intensity.26,1206,26.67,Melanoma,Reporter.intensity.26,C19,8.89132316758826,dAL_1k_Proto29_51,C19,1.0,51.0
C191Reporter.intensity.28,1208,23.07,Monocyte,Reporter.intensity.28,C19,8.49584610106895,dAL_1k_Proto29_51,C19,1.0,51.0
C191Reporter.intensity.29,1209,25.92,PDAC,Reporter.intensity.29,C19,8.84336804149367,dAL_1k_Proto29_51,C19,1.0,51.0
C191Reporter.intensity.30,1210,27.32,PDAC,Reporter.intensity.30,C19,8.73177372173238,dAL_1k_Proto29_51,C19,1.0,51.0
C191Reporter.intensity.31,1211,23.64,PDAC,Reporter.intensity.31,C19,8.47542976074646,dAL_1k_Proto29_51,C19,1.0,51.0
C191Reporter.intensity.32,1212,24.24,Melanoma,Reporter.intensity.32,C19,8.74538518581366,dAL_1k_Proto29_51,C19,1.0,51.0
C191Reporter.intensity.4,1213,20.75,Monocyte,Reporter.intensity.4,C19,8.30907637820467,dAL_1k_Proto29_51,C19,1.0,51.0
C191Reporter.intensity.5,1214,19.43,Monocyte,Reporter.intensity.5,C19,9.27442770231491,dAL_1k_Proto29_51,C19,1.0,51.0
C191Reporter.intensity.6,1215,20.27,PDAC,Reporter.intensity.6,C19,8.00985869014521,dAL_1k_Proto29_51,C19,1.0,51.0
C191Reporter.intensity.7,1216,23.4,PDAC,Reporter.intensity.7,C19,8.97293011871896,dAL_1k_Proto29_51,C19,1.0,51.0
C191Reporter.intensity.9,1218,24.52,Melanoma,Reporter.intensity.9,C19,9.04331223370516,dAL_1k_Proto29_51,C19,1.0,51.0
C201Reporter.intensity.10,1219,19.37,Monocyte,Reporter.intensity.10,C20,8.74802002552156,dAL_1k_Proto29_52,C20,1.0,52.0
C201Reporter.intensity.11,1220,28.48,PDAC,Reporter.intensity.11,C20,9.28334992638623,dAL_1k_Proto29_52,C20,1.0,52.0
C201Reporter.intensity.12,1221,30.4,Melanoma,Reporter.intensity.12,C20,9.24501295799161,dAL_1k_Proto29_52,C20,1.0,52.0
C201Reporter.intensity.13,1222,30.24,Melanoma,Reporter.intensity.13,C20,9.68849646127448,dAL_1k_Proto29_52,C20,1.0,52.0
C201Reporter.intensity.15,1224,21.76,Monocyte,Reporter.intensity.15,C20,8.57967469188182,dAL_1k_Proto29_52,C20,1.0,52.0
C201Reporter.intensity.16,1225,19.93,Monocyte,Reporter.intensity.16,C20,8.42610265843649,dAL_1k_Proto29_52,C20,1.0,52.0
C201Reporter.intensity.17,1226,20.56,PDAC,Reporter.intensity.17,C20,7.9498647252773,dAL_1k_Proto29_52,C20,1.0,52.0
C201Reporter.intensity.19,1228,27.09,Melanoma,Reporter.intensity.19,C20,9.47867365928856,dAL_1k_Proto29_52,C20,1.0,52.0
C201Reporter.intensity.20,1229,21.58,Melanoma,Reporter.intensity.20,C20,8.32784288936588,dAL_1k_Proto29_52,C20,1.0,52.0
C201Reporter.intensity.22,1231,19.64,Monocyte,Reporter.intensity.22,C20,8.3160985909671,dAL_1k_Proto29_52,C20,1.0,52.0
C201Reporter.intensity.23,1232,20.73,PDAC,Reporter.intensity.23,C20,8.37993310743717,dAL_1k_Proto29_52,C20,1.0,52.0
C201Reporter.intensity.24,1233,24.68,Melanoma,Reporter.intensity.24,C20,8.97489810600746,dAL_1k_Proto29_52,C20,1.0,52.0
C201Reporter.intensity.25,1234,35.37,Melanoma,Reporter.intensity.25,C20,10.0075923201752,dAL_1k_Proto29_52,C20,1.0,52.0
C201Reporter.intensity.26,1235,17.96,Monocyte,Reporter.intensity.26,C20,8.12713177725252,dAL_1k_Proto29_52,C20,1.0,52.0
C201Reporter.intensity.27,1236,23.63,PDAC,Reporter.intensity.27,C20,8.54749099423175,dAL_1k_Proto29_52,C20,1.0,52.0
C201Reporter.intensity.28,1237,24.94,PDAC,Reporter.intensity.28,C20,8.25203222332295,dAL_1k_Proto29_52,C20,1.0,52.0
C201Reporter.intensity.29,1238,22.96,PDAC,Reporter.intensity.29,C20,8.66957373691975,dAL_1k_Proto29_52,C20,1.0,52.0
C201Reporter.intensity.30,1239,28.91,Melanoma,Reporter.intensity.30,C20,9.18339203719927,dAL_1k_Proto29_52,C20,1.0,52.0
C201Reporter.intensity.31,1240,21.27,Monocyte,Reporter.intensity.31,C20,8.34819304107532,dAL_1k_Proto29_52,C20,1.0,52.0
C201Reporter.intensity.32,1241,20.18,Monocyte,Reporter.intensity.32,C20,8.39430156800459,dAL_1k_Proto29_52,C20,1.0,52.0
C201Reporter.intensity.4,1242,22.01,PDAC,Reporter.intensity.4,C20,8.45231250301069,dAL_1k_Proto29_52,C20,1.0,52.0
C201Reporter.intensity.5,1243,26.69,PDAC,Reporter.intensity.5,C20,9.38231296599814,dAL_1k_Proto29_52,C20,1.0,52.0
C201Reporter.intensity.6,1244,25.16,Melanoma,Reporter.intensity.6,C20,8.972749313823,dAL_1k_Proto29_52,C20,1.0,52.0
C201Reporter.intensity.7,1245,22.98,Melanoma,Reporter.intensity.7,C20,9.37654906264185,dAL_1k_Proto29_52,C20,1.0,52.0
C201Reporter.intensity.8,1246,21.67,Monocyte,Reporter.intensity.8,C20,8.43629057283639,dAL_1k_Proto29_52,C20,1.0,52.0
C201Reporter.intensity.9,1247,22.12,Monocyte,Reporter.intensity.9,C20,8.86578359809754,dAL_1k_Proto29_52,C20,1.0,52.0
C211Reporter.intensity.10,1248,26.93,PDAC,Reporter.intensity.10,C21,9.36531472278243,dAL_1k_Proto29_53,C21,1.0,53.0
C211Reporter.intensity.11,1249,19.1,PDAC,Reporter.intensity.11,C21,8.09191019168762,dAL_1k_Proto29_53,C21,1.0,53.0
C211Reporter.intensity.12,1250,24.11,Melanoma,Reporter.intensity.12,C21,7.96872583486791,dAL_1k_Proto29_53,C21,1.0,53.0
C211Reporter.intensity.13,1251,25.23,Melanoma,Reporter.intensity.13,C21,9.1906809513639,dAL_1k_Proto29_53,C21,1.0,53.0
C211Reporter.intensity.14,1252,18.91,Monocyte,Reporter.intensity.14,C21,8.88420856273322,dAL_1k_Proto29_53,C21,1.0,53.0
C211Reporter.intensity.16,1254,19.54,Monocyte,Reporter.intensity.16,C21,8.00800286859442,dAL_1k_Proto29_53,C21,1.0,53.0
C211Reporter.intensity.17,1255,21.51,PDAC,Reporter.intensity.17,C21,8.40869915091781,dAL_1k_Proto29_53,C21,1.0,53.0
C211Reporter.intensity.18,1256,31.57,Melanoma,Reporter.intensity.18,C21,9.62390878446583,dAL_1k_Proto29_53,C21,1.0,53.0
C211Reporter.intensity.20,1258,24.5,Melanoma,Reporter.intensity.20,C21,8.89434799283892,dAL_1k_Proto29_53,C21,1.0,53.0
C211Reporter.intensity.22,1260,19.32,Monocyte,Reporter.intensity.22,C21,7.73383409675955,dAL_1k_Proto29_53,C21,1.0,53.0
C211Reporter.intensity.23,1261,21.83,PDAC,Reporter.intensity.23,C21,8.58063158837302,dAL_1k_Proto29_53,C21,1.0,53.0
C211Reporter.intensity.24,1262,23.18,PDAC,Reporter.intensity.24,C21,8.49515909117886,dAL_1k_Proto29_53,C21,1.0,53.0
C211Reporter.intensity.25,1263,24.68,Melanoma,Reporter.intensity.25,C21,9.11887665155719,dAL_1k_Proto29_53,C21,1.0,53.0
C211Reporter.intensity.26,1264,24.24,Melanoma,Reporter.intensity.26,C21,8.28299357188643,dAL_1k_Proto29_53,C21,1.0,53.0
C211Reporter.intensity.27,1265,19.87,Monocyte,Reporter.intensity.27,C21,8.34734029480761,dAL_1k_Proto29_53,C21,1.0,53.0
C211Reporter.intensity.28,1266,18.86,Monocyte,Reporter.intensity.28,C21,7.67606904002049,dAL_1k_Proto29_53,C21,1.0,53.0
C211Reporter.intensity.29,1267,27.83,PDAC,Reporter.intensity.29,C21,8.93892104578022,dAL_1k_Proto29_53,C21,1.0,53.0
C211Reporter.intensity.30,1268,24.07,Melanoma,Reporter.intensity.30,C21,8.62426542667427,dAL_1k_Proto29_53,C21,1.0,53.0
C211Reporter.intensity.31,1269,23.41,Melanoma,Reporter.intensity.31,C21,8.70351509252876,dAL_1k_Proto29_53,C21,1.0,53.0
C211Reporter.intensity.32,1270,18.26,Monocyte,Reporter.intensity.32,C21,8.22005135470539,dAL_1k_Proto29_53,C21,1.0,53.0
C211Reporter.intensity.4,1271,25.52,PDAC,Reporter.intensity.4,C21,8.68453613361654,dAL_1k_Proto29_53,C21,1.0,53.0
C211Reporter.intensity.5,1272,27.02,PDAC,Reporter.intensity.5,C21,9.73849362868679,dAL_1k_Proto29_53,C21,1.0,53.0
C211Reporter.intensity.6,1273,23.15,PDAC,Reporter.intensity.6,C21,8.62838119006517,dAL_1k_Proto29_53,C21,1.0,53.0
C211Reporter.intensity.7,1274,27.65,Melanoma,Reporter.intensity.7,C21,9.55288302851105,dAL_1k_Proto29_53,C21,1.0,53.0
C211Reporter.intensity.8,1275,17.97,Monocyte,Reporter.intensity.8,C21,7.98886642532205,dAL_1k_Proto29_53,C21,1.0,53.0
C21Reporter.intensity.10,1277,23.71,Melanoma,Reporter.intensity.10,C2,10.2835350520778,dAL_1k_Proto29_34,C2,1.0,34.0
C21Reporter.intensity.12,1279,21.48,Monocyte,Reporter.intensity.12,C2,9.97163112525624,dAL_1k_Proto29_34,C2,1.0,34.0
C21Reporter.intensity.13,1280,19.93,Monocyte,Reporter.intensity.13,C2,9.6351553784807,dAL_1k_Proto29_34,C2,1.0,34.0
C21Reporter.intensity.14,1281,18.73,Monocyte,Reporter.intensity.14,C2,9.98384598929504,dAL_1k_Proto29_34,C2,1.0,34.0
C21Reporter.intensity.15,1282,27.56,PDAC,Reporter.intensity.15,C2,10.1331637308313,dAL_1k_Proto29_34,C2,1.0,34.0
C21Reporter.intensity.16,1283,26.1,Melanoma,Reporter.intensity.16,C2,10.4967627879822,dAL_1k_Proto29_34,C2,1.0,34.0
C21Reporter.intensity.18,1285,25.32,Melanoma,Reporter.intensity.18,C2,10.5551442483272,dAL_1k_Proto29_34,C2,1.0,34.0
C21Reporter.intensity.19,1286,19.07,Monocyte,Reporter.intensity.19,C2,9.53990315169137,dAL_1k_Proto29_34,C2,1.0,34.0
C21Reporter.intensity.20,1287,22.28,Monocyte,Reporter.intensity.20,C2,9.91337913635906,dAL_1k_Proto29_34,C2,1.0,34.0
C21Reporter.intensity.21,1288,21.45,PDAC,Reporter.intensity.21,C2,9.57833062231433,dAL_1k_Proto29_34,C2,1.0,34.0
C21Reporter.intensity.22,1289,21.77,PDAC,Reporter.intensity.22,C2,9.59345550449227,dAL_1k_Proto29_34,C2,1.0,34.0
C21Reporter.intensity.23,1290,27.92,Melanoma,Reporter.intensity.23,C2,10.5889118020995,dAL_1k_Proto29_34,C2,1.0,34.0
C21Reporter.intensity.25,1292,21.05,Monocyte,Reporter.intensity.25,C2,9.77134415483119,dAL_1k_Proto29_34,C2,1.0,34.0
C21Reporter.intensity.26,1293,18.86,Monocyte,Reporter.intensity.26,C2,9.35560255633991,dAL_1k_Proto29_34,C2,1.0,34.0
C21Reporter.intensity.29,1296,26.15,Melanoma,Reporter.intensity.29,C2,10.3889927022119,dAL_1k_Proto29_34,C2,1.0,34.0
C21Reporter.intensity.30,1297,23.29,Monocyte,Reporter.intensity.30,C2,9.85759344283357,dAL_1k_Proto29_34,C2,1.0,34.0
C21Reporter.intensity.31,1298,20.5,PDAC,Reporter.intensity.31,C2,9.45658992901553,dAL_1k_Proto29_34,C2,1.0,34.0
C21Reporter.intensity.32,1299,30.82,PDAC,Reporter.intensity.32,C2,10.7085444283974,dAL_1k_Proto29_34,C2,1.0,34.0
C21Reporter.intensity.5,1301,27.71,Melanoma,Reporter.intensity.5,C2,10.9255331925314,dAL_1k_Proto29_34,C2,1.0,34.0
C21Reporter.intensity.6,1302,19.82,Monocyte,Reporter.intensity.6,C2,9.31266694430733,dAL_1k_Proto29_34,C2,1.0,34.0
C21Reporter.intensity.7,1303,18.29,Monocyte,Reporter.intensity.7,C2,9.74375720824466,dAL_1k_Proto29_34,C2,1.0,34.0
C21Reporter.intensity.8,1304,23.92,PDAC,Reporter.intensity.8,C2,9.52124243524288,dAL_1k_Proto29_34,C2,1.0,34.0
C21Reporter.intensity.9,1305,26.01,PDAC,Reporter.intensity.9,C2,10.0329771649789,dAL_1k_Proto29_34,C2,1.0,34.0
C221Reporter.intensity.10,1306,25.8,Melanoma,Reporter.intensity.10,C22,9.3918629918522,dAL_1k_Proto29_54,C22,1.0,54.0
C221Reporter.intensity.11,1307,28.75,Melanoma,Reporter.intensity.11,C22,8.82952119506908,dAL_1k_Proto29_54,C22,1.0,54.0
C221Reporter.intensity.12,1308,23.0,Monocyte,Reporter.intensity.12,C22,8.53969765157761,dAL_1k_Proto29_54,C22,1.0,54.0
C221Reporter.intensity.14,1310,19.54,Monocyte,Reporter.intensity.14,C22,8.86861408600945,dAL_1k_Proto29_54,C22,1.0,54.0
C221Reporter.intensity.15,1311,18.54,PDAC,Reporter.intensity.15,C22,8.3562145723833,dAL_1k_Proto29_54,C22,1.0,54.0
C221Reporter.intensity.17,1313,23.67,Melanoma,Reporter.intensity.17,C22,8.63136509764887,dAL_1k_Proto29_54,C22,1.0,54.0
C221Reporter.intensity.18,1314,25.53,Melanoma,Reporter.intensity.18,C22,9.06880653917798,dAL_1k_Proto29_54,C22,1.0,54.0
C221Reporter.intensity.19,1315,25.69,Monocyte,Reporter.intensity.19,C22,8.68689125351062,dAL_1k_Proto29_54,C22,1.0,54.0
C221Reporter.intensity.20,1316,20.61,Monocyte,Reporter.intensity.20,C22,8.18960419867181,dAL_1k_Proto29_54,C22,1.0,54.0
C221Reporter.intensity.21,1317,23.18,PDAC,Reporter.intensity.21,C22,8.25215197770758,dAL_1k_Proto29_54,C22,1.0,54.0
C221Reporter.intensity.22,1318,28.91,PDAC,Reporter.intensity.22,C22,9.02645932318865,dAL_1k_Proto29_54,C22,1.0,54.0
C221Reporter.intensity.23,1319,22.05,Melanoma,Reporter.intensity.23,C22,7.84655417102067,dAL_1k_Proto29_54,C22,1.0,54.0
C221Reporter.intensity.25,1321,19.21,Monocyte,Reporter.intensity.25,C22,8.05676145982156,dAL_1k_Proto29_54,C22,1.0,54.0
C221Reporter.intensity.26,1322,22.01,Monocyte,Reporter.intensity.26,C22,8.57782079358127,dAL_1k_Proto29_54,C22,1.0,54.0
C221Reporter.intensity.27,1323,18.56,PDAC,Reporter.intensity.27,C22,8.25515307170754,dAL_1k_Proto29_54,C22,1.0,54.0
C221Reporter.intensity.29,1325,27.46,Melanoma,Reporter.intensity.29,C22,8.83089230286627,dAL_1k_Proto29_54,C22,1.0,54.0
C221Reporter.intensity.30,1326,17.89,Monocyte,Reporter.intensity.30,C22,7.68939655166482,dAL_1k_Proto29_54,C22,1.0,54.0
C221Reporter.intensity.31,1327,23.18,PDAC,Reporter.intensity.31,C22,8.28196310744907,dAL_1k_Proto29_54,C22,1.0,54.0
C221Reporter.intensity.32,1328,19.83,PDAC,Reporter.intensity.32,C22,8.49372328409011,dAL_1k_Proto29_54,C22,1.0,54.0
C221Reporter.intensity.4,1329,27.97,PDAC,Reporter.intensity.4,C22,8.83568291336638,dAL_1k_Proto29_54,C22,1.0,54.0
C221Reporter.intensity.5,1330,29.53,Melanoma,Reporter.intensity.5,C22,10.0586751366518,dAL_1k_Proto29_54,C22,1.0,54.0
C221Reporter.intensity.6,1331,18.86,Monocyte,Reporter.intensity.6,C22,7.84917397865886,dAL_1k_Proto29_54,C22,1.0,54.0
C221Reporter.intensity.7,1332,19.2,Monocyte,Reporter.intensity.7,C22,8.81111762163314,dAL_1k_Proto29_54,C22,1.0,54.0
C221Reporter.intensity.8,1333,27.76,PDAC,Reporter.intensity.8,C22,8.92336617103427,dAL_1k_Proto29_54,C22,1.0,54.0
C221Reporter.intensity.9,1334,24.65,PDAC,Reporter.intensity.9,C22,8.86749320261685,dAL_1k_Proto29_54,C22,1.0,54.0
C231Reporter.intensity.10,1335,18.69,Monocyte,Reporter.intensity.10,C23,8.76879938634486,dAL_1k_Proto29_55,C23,1.0,55.0
C231Reporter.intensity.11,1336,17.91,Monocyte,Reporter.intensity.11,C23,8.23656534346963,dAL_1k_Proto29_55,C23,1.0,55.0
C231Reporter.intensity.12,1337,21.18,Monocyte,Reporter.intensity.12,C23,8.47435735213903,dAL_1k_Proto29_55,C23,1.0,55.0
C231Reporter.intensity.13,1338,29.43,PDAC,Reporter.intensity.13,C23,9.19658734394167,dAL_1k_Proto29_55,C23,1.0,55.0
C231Reporter.intensity.14,1339,23.93,Melanoma,Reporter.intensity.14,C23,9.12655723249595,dAL_1k_Proto29_55,C23,1.0,55.0
C231Reporter.intensity.15,1340,30.05,Melanoma,Reporter.intensity.15,C23,8.73020379042129,dAL_1k_Proto29_55,C23,1.0,55.0
C231Reporter.intensity.17,1342,17.55,Monocyte,Reporter.intensity.17,C23,8.19355006437044,dAL_1k_Proto29_55,C23,1.0,55.0
C231Reporter.intensity.18,1343,19.34,Monocyte,Reporter.intensity.18,C23,8.38347213228248,dAL_1k_Proto29_55,C23,1.0,55.0
C231Reporter.intensity.19,1344,29.1,PDAC,Reporter.intensity.19,C23,9.2415161697477,dAL_1k_Proto29_55,C23,1.0,55.0
C231Reporter.intensity.20,1345,25.05,PDAC,Reporter.intensity.20,C23,8.71260641302212,dAL_1k_Proto29_55,C23,1.0,55.0
C231Reporter.intensity.21,1346,29.35,Melanoma,Reporter.intensity.21,C23,9.35243730638937,dAL_1k_Proto29_55,C23,1.0,55.0
C231Reporter.intensity.22,1347,26.94,Melanoma,Reporter.intensity.22,C23,8.32603821729979,dAL_1k_Proto29_55,C23,1.0,55.0
C231Reporter.intensity.23,1348,18.73,Monocyte,Reporter.intensity.23,C23,8.02656033263909,dAL_1k_Proto29_55,C23,1.0,55.0
C231Reporter.intensity.24,1349,20.7,Monocyte,Reporter.intensity.24,C23,8.44385255222874,dAL_1k_Proto29_55,C23,1.0,55.0
C231Reporter.intensity.25,1350,25.88,PDAC,Reporter.intensity.25,C23,8.91082883111111,dAL_1k_Proto29_55,C23,1.0,55.0
C231Reporter.intensity.26,1351,28.44,Melanoma,Reporter.intensity.26,C23,9.22149393206486,dAL_1k_Proto29_55,C23,1.0,55.0
C231Reporter.intensity.27,1352,23.07,Melanoma,Reporter.intensity.27,C23,8.60137407277418,dAL_1k_Proto29_55,C23,1.0,55.0
C231Reporter.intensity.28,1353,18.7,Monocyte,Reporter.intensity.28,C23,7.71738246668006,dAL_1k_Proto29_55,C23,1.0,55.0
C231Reporter.intensity.29,1354,27.56,PDAC,Reporter.intensity.29,C23,9.21131679124973,dAL_1k_Proto29_55,C23,1.0,55.0
C231Reporter.intensity.30,1355,19.64,PDAC,Reporter.intensity.30,C23,8.25348967339104,dAL_1k_Proto29_55,C23,1.0,55.0
C231Reporter.intensity.31,1356,27.15,PDAC,Reporter.intensity.31,C23,8.99737613477325,dAL_1k_Proto29_55,C23,1.0,55.0
C231Reporter.intensity.32,1357,27.86,Melanoma,Reporter.intensity.32,C23,9.34886248771206,dAL_1k_Proto29_55,C23,1.0,55.0
C231Reporter.intensity.5,1359,17.92,Monocyte,Reporter.intensity.5,C23,9.18523931449057,dAL_1k_Proto29_55,C23,1.0,55.0
C231Reporter.intensity.6,1360,31.61,PDAC,Reporter.intensity.6,C23,9.36284087698079,dAL_1k_Proto29_55,C23,1.0,55.0
C231Reporter.intensity.7,1361,32.1,PDAC,Reporter.intensity.7,C23,9.10907894055456,dAL_1k_Proto29_55,C23,1.0,55.0
C231Reporter.intensity.8,1362,28.59,Melanoma,Reporter.intensity.8,C23,8.59598148297825,dAL_1k_Proto29_55,C23,1.0,55.0
C231Reporter.intensity.9,1363,25.95,Melanoma,Reporter.intensity.9,C23,9.12979448121184,dAL_1k_Proto29_55,C23,1.0,55.0
C241Reporter.intensity.10,1364,28.42,Monocyte,Reporter.intensity.10,C24,8.91266339292675,dAL_1k_Proto29_56,C24,1.0,56.0
C241Reporter.intensity.11,1365,21.55,PDAC,Reporter.intensity.11,C24,8.25476666091403,dAL_1k_Proto29_56,C24,1.0,56.0
C241Reporter.intensity.12,1366,31.01,Melanoma,Reporter.intensity.12,C24,9.67038851318472,dAL_1k_Proto29_56,C24,1.0,56.0
C241Reporter.intensity.13,1367,23.63,Melanoma,Reporter.intensity.13,C24,8.23314517672851,dAL_1k_Proto29_56,C24,1.0,56.0
C241Reporter.intensity.14,1368,26.94,Melanoma,Reporter.intensity.14,C24,9.44239712666063,dAL_1k_Proto29_56,C24,1.0,56.0
C241Reporter.intensity.15,1369,19.54,Monocyte,Reporter.intensity.15,C24,8.27363028836587,dAL_1k_Proto29_56,C24,1.0,56.0
C241Reporter.intensity.16,1370,18.33,Monocyte,Reporter.intensity.16,C24,8.18487299266993,dAL_1k_Proto29_56,C24,1.0,56.0
C241Reporter.intensity.17,1371,26.54,PDAC,Reporter.intensity.17,C24,9.05544194909741,dAL_1k_Proto29_56,C24,1.0,56.0
C241Reporter.intensity.18,1372,23.97,PDAC,Reporter.intensity.18,C24,8.37107620107869,dAL_1k_Proto29_56,C24,1.0,56.0
C241Reporter.intensity.19,1373,24.15,Melanoma,Reporter.intensity.19,C24,8.94369404602129,dAL_1k_Proto29_56,C24,1.0,56.0
C241Reporter.intensity.21,1375,19.9,Monocyte,Reporter.intensity.21,C24,8.25407633707761,dAL_1k_Proto29_56,C24,1.0,56.0
C241Reporter.intensity.22,1376,19.83,Monocyte,Reporter.intensity.22,C24,8.25206049525154,dAL_1k_Proto29_56,C24,1.0,56.0
C241Reporter.intensity.23,1377,27.49,PDAC,Reporter.intensity.23,C24,8.85328255208812,dAL_1k_Proto29_56,C24,1.0,56.0
C241Reporter.intensity.24,1378,22.01,Melanoma,Reporter.intensity.24,C24,8.41049581471473,dAL_1k_Proto29_56,C24,1.0,56.0
C241Reporter.intensity.25,1379,27.12,Melanoma,Reporter.intensity.25,C24,9.16815689564619,dAL_1k_Proto29_56,C24,1.0,56.0
C241Reporter.intensity.26,1380,20.54,Monocyte,Reporter.intensity.26,C24,8.46465934279097,dAL_1k_Proto29_56,C24,1.0,56.0
C241Reporter.intensity.27,1381,22.53,PDAC,Reporter.intensity.27,C24,8.40566934397776,dAL_1k_Proto29_56,C24,1.0,56.0
C241Reporter.intensity.28,1382,29.01,PDAC,Reporter.intensity.28,C24,8.86208822760217,dAL_1k_Proto29_56,C24,1.0,56.0
C241Reporter.intensity.29,1383,24.05,PDAC,Reporter.intensity.29,C24,8.43881897754757,dAL_1k_Proto29_56,C24,1.0,56.0
C241Reporter.intensity.30,1384,30.37,Melanoma,Reporter.intensity.30,C24,9.88704796783278,dAL_1k_Proto29_56,C24,1.0,56.0
C241Reporter.intensity.31,1385,21.14,Monocyte,Reporter.intensity.31,C24,7.94427710825597,dAL_1k_Proto29_56,C24,1.0,56.0
C241Reporter.intensity.4,1387,21.8,PDAC,Reporter.intensity.4,C24,8.17999839648452,dAL_1k_Proto29_56,C24,1.0,56.0
C241Reporter.intensity.5,1388,22.83,PDAC,Reporter.intensity.5,C24,9.45173771248022,dAL_1k_Proto29_56,C24,1.0,56.0
C241Reporter.intensity.6,1389,23.98,Melanoma,Reporter.intensity.6,C24,8.66250354944095,dAL_1k_Proto29_56,C24,1.0,56.0
C241Reporter.intensity.7,1390,22.87,Melanoma,Reporter.intensity.7,C24,9.02606169376158,dAL_1k_Proto29_56,C24,1.0,56.0
C241Reporter.intensity.8,1391,22.54,Monocyte,Reporter.intensity.8,C24,8.59168036802271,dAL_1k_Proto29_56,C24,1.0,56.0
C31Reporter.intensity.10,1393,21.36,Monocyte,Reporter.intensity.10,C3,9.51315418866488,dAL_1k_Proto29_35,C3,1.0,35.0
C31Reporter.intensity.12,1395,20.3,Monocyte,Reporter.intensity.12,C3,9.27116707218797,dAL_1k_Proto29_35,C3,1.0,35.0
C31Reporter.intensity.14,1397,26.02,Melanoma,Reporter.intensity.14,C3,10.3266399385965,dAL_1k_Proto29_35,C3,1.0,35.0
C31Reporter.intensity.16,1399,23.51,Melanoma,Reporter.intensity.16,C3,9.77274447406529,dAL_1k_Proto29_35,C3,1.0,35.0
C31Reporter.intensity.17,1400,18.85,Monocyte,Reporter.intensity.17,C3,9.11538024486469,dAL_1k_Proto29_35,C3,1.0,35.0
C31Reporter.intensity.18,1401,19.65,Monocyte,Reporter.intensity.18,C3,9.35014455322617,dAL_1k_Proto29_35,C3,1.0,35.0
C31Reporter.intensity.19,1402,26.3,PDAC,Reporter.intensity.19,C3,10.1924874532563,dAL_1k_Proto29_35,C3,1.0,35.0
C31Reporter.intensity.20,1403,24.83,PDAC,Reporter.intensity.20,C3,9.39947337987668,dAL_1k_Proto29_35,C3,1.0,35.0
C31Reporter.intensity.23,1406,21.01,Monocyte,Reporter.intensity.23,C3,9.2677757044505,dAL_1k_Proto29_35,C3,1.0,35.0
C31Reporter.intensity.24,1407,21.65,Monocyte,Reporter.intensity.24,C3,9.28144318967933,dAL_1k_Proto29_35,C3,1.0,35.0
C31Reporter.intensity.25,1408,28.4,PDAC,Reporter.intensity.25,C3,10.1054419949322,dAL_1k_Proto29_35,C3,1.0,35.0
C31Reporter.intensity.26,1409,23.87,Melanoma,Reporter.intensity.26,C3,9.80834197250087,dAL_1k_Proto29_35,C3,1.0,35.0
C31Reporter.intensity.28,1411,19.28,Monocyte,Reporter.intensity.28,C3,8.75028691272677,dAL_1k_Proto29_35,C3,1.0,35.0
C31Reporter.intensity.29,1412,25.29,PDAC,Reporter.intensity.29,C3,9.64042059289372,dAL_1k_Proto29_35,C3,1.0,35.0
C31Reporter.intensity.30,1413,25.22,PDAC,Reporter.intensity.30,C3,9.50856763380225,dAL_1k_Proto29_35,C3,1.0,35.0
C31Reporter.intensity.32,1415,25.28,Melanoma,Reporter.intensity.32,C3,9.99227529325611,dAL_1k_Proto29_35,C3,1.0,35.0
C31Reporter.intensity.4,1416,23.44,Monocyte,Reporter.intensity.4,C3,9.66341225012427,dAL_1k_Proto29_35,C3,1.0,35.0
C31Reporter.intensity.5,1417,18.77,Monocyte,Reporter.intensity.5,C3,9.81385153352718,dAL_1k_Proto29_35,C3,1.0,35.0
C31Reporter.intensity.6,1418,22.89,PDAC,Reporter.intensity.6,C3,9.27315494488351,dAL_1k_Proto29_35,C3,1.0,35.0
C31Reporter.intensity.7,1419,24.41,PDAC,Reporter.intensity.7,C3,10.0159069529527,dAL_1k_Proto29_35,C3,1.0,35.0
C31Reporter.intensity.8,1420,25.76,Melanoma,Reporter.intensity.8,C3,9.93048928232745,dAL_1k_Proto29_35,C3,1.0,35.0
C31Reporter.intensity.9,1421,24.15,Melanoma,Reporter.intensity.9,C3,10.0417990176414,dAL_1k_Proto29_35,C3,1.0,35.0
C51Reporter.intensity.10,1422,23.54,PDAC,Reporter.intensity.10,C5,9.81732918124124,dAL_1k_Proto29_37,C5,1.0,37.0
C51Reporter.intensity.11,1423,28.1,PDAC,Reporter.intensity.11,C5,10.2586470700022,dAL_1k_Proto29_37,C5,1.0,37.0
C51Reporter.intensity.12,1424,26.46,Melanoma,Reporter.intensity.12,C5,9.68068656441815,dAL_1k_Proto29_37,C5,1.0,37.0
C51Reporter.intensity.13,1425,24.87,Melanoma,Reporter.intensity.13,C5,10.1643899843593,dAL_1k_Proto29_37,C5,1.0,37.0
C51Reporter.intensity.15,1427,18.98,Monocyte,Reporter.intensity.15,C5,9.49671612913043,dAL_1k_Proto29_37,C5,1.0,37.0
C51Reporter.intensity.16,1428,19.79,Monocyte,Reporter.intensity.16,C5,8.78447709899848,dAL_1k_Proto29_37,C5,1.0,37.0
C51Reporter.intensity.17,1429,22.15,PDAC,Reporter.intensity.17,C5,9.39120667102164,dAL_1k_Proto29_37,C5,1.0,37.0
C51Reporter.intensity.20,1432,24.39,Melanoma,Reporter.intensity.20,C5,10.139250520454,dAL_1k_Proto29_37,C5,1.0,37.0
C51Reporter.intensity.22,1434,18.39,Monocyte,Reporter.intensity.22,C5,9.08611104009253,dAL_1k_Proto29_37,C5,1.0,37.0
C51Reporter.intensity.23,1435,19.06,PDAC,Reporter.intensity.23,C5,9.36396219976271,dAL_1k_Proto29_37,C5,1.0,37.0
C51Reporter.intensity.24,1436,21.99,PDAC,Reporter.intensity.24,C5,9.53802449375895,dAL_1k_Proto29_37,C5,1.0,37.0
C51Reporter.intensity.25,1437,24.56,Melanoma,Reporter.intensity.25,C5,9.59844015458689,dAL_1k_Proto29_37,C5,1.0,37.0
C51Reporter.intensity.26,1438,26.02,Melanoma,Reporter.intensity.26,C5,10.2519664659509,dAL_1k_Proto29_37,C5,1.0,37.0
C51Reporter.intensity.27,1439,21.58,Monocyte,Reporter.intensity.27,C5,9.6628835547094,dAL_1k_Proto29_37,C5,1.0,37.0
C51Reporter.intensity.28,1440,20.24,Monocyte,Reporter.intensity.28,C5,9.15519623046276,dAL_1k_Proto29_37,C5,1.0,37.0
C51Reporter.intensity.30,1442,23.12,Melanoma,Reporter.intensity.30,C5,9.24607774531269,dAL_1k_Proto29_37,C5,1.0,37.0
C51Reporter.intensity.31,1443,34.34,Melanoma,Reporter.intensity.31,C5,11.4830863516006,dAL_1k_Proto29_37,C5,1.0,37.0
C51Reporter.intensity.32,1444,20.12,Monocyte,Reporter.intensity.32,C5,9.36296471421146,dAL_1k_Proto29_37,C5,1.0,37.0
C51Reporter.intensity.4,1445,22.1,PDAC,Reporter.intensity.4,C5,9.32212165402715,dAL_1k_Proto29_37,C5,1.0,37.0
C51Reporter.intensity.5,1446,24.5,PDAC,Reporter.intensity.5,C5,10.522654134185,dAL_1k_Proto29_37,C5,1.0,37.0
C51Reporter.intensity.6,1447,18.65,PDAC,Reporter.intensity.6,C5,8.77850585857382,dAL_1k_Proto29_37,C5,1.0,37.0
C51Reporter.intensity.7,1448,24.21,Melanoma,Reporter.intensity.7,C5,9.8114076591052,dAL_1k_Proto29_37,C5,1.0,37.0
C51Reporter.intensity.8,1449,25.82,Monocyte,Reporter.intensity.8,C5,9.98565073625098,dAL_1k_Proto29_37,C5,1.0,37.0
C51Reporter.intensity.9,1450,19.29,Monocyte,Reporter.intensity.9,C5,9.6026990731471,dAL_1k_Proto29_37,C5,1.0,37.0
C61Reporter.intensity.10,1451,28.78,Melanoma,Reporter.intensity.10,C6,10.700972375929,dAL_1k_Proto29_38,C6,1.0,38.0
C61Reporter.intensity.12,1453,18.14,Monocyte,Reporter.intensity.12,C6,8.98105349061058,dAL_1k_Proto29_38,C6,1.0,38.0
C61Reporter.intensity.13,1454,23.68,Monocyte,Reporter.intensity.13,C6,9.80878545459302,dAL_1k_Proto29_38,C6,1.0,38.0
C61Reporter.intensity.14,1455,18.73,Monocyte,Reporter.intensity.14,C6,9.82691651051865,dAL_1k_Proto29_38,C6,1.0,38.0
C61Reporter.intensity.15,1456,20.57,PDAC,Reporter.intensity.15,C6,9.70278436058483,dAL_1k_Proto29_38,C6,1.0,38.0
C61Reporter.intensity.17,1458,23.79,Melanoma,Reporter.intensity.17,C6,9.31572688137444,dAL_1k_Proto29_38,C6,1.0,38.0
C61Reporter.intensity.20,1461,19.83,Monocyte,Reporter.intensity.20,C6,9.32943080279872,dAL_1k_Proto29_38,C6,1.0,38.0
C61Reporter.intensity.21,1462,22.09,PDAC,Reporter.intensity.21,C6,9.52130404190041,dAL_1k_Proto29_38,C6,1.0,38.0
C61Reporter.intensity.22,1463,25.29,PDAC,Reporter.intensity.22,C6,9.9000341196932,dAL_1k_Proto29_38,C6,1.0,38.0
C61Reporter.intensity.23,1464,26.53,Melanoma,Reporter.intensity.23,C6,10.2493826205752,dAL_1k_Proto29_38,C6,1.0,38.0
C61Reporter.intensity.24,1465,23.18,Melanoma,Reporter.intensity.24,C6,9.7641294008844,dAL_1k_Proto29_38,C6,1.0,38.0
C61Reporter.intensity.25,1466,21.66,Monocyte,Reporter.intensity.25,C6,9.64157038038868,dAL_1k_Proto29_38,C6,1.0,38.0
C61Reporter.intensity.26,1467,23.37,Monocyte,Reporter.intensity.26,C6,9.82329506104676,dAL_1k_Proto29_38,C6,1.0,38.0
C61Reporter.intensity.27,1468,22.34,PDAC,Reporter.intensity.27,C6,9.62900571272927,dAL_1k_Proto29_38,C6,1.0,38.0
C61Reporter.intensity.28,1469,23.64,Melanoma,Reporter.intensity.28,C6,9.21882233412157,dAL_1k_Proto29_38,C6,1.0,38.0
C61Reporter.intensity.29,1470,28.31,Melanoma,Reporter.intensity.29,C6,10.5523500197997,dAL_1k_Proto29_38,C6,1.0,38.0
C61Reporter.intensity.31,1472,22.63,PDAC,Reporter.intensity.31,C6,9.84316369423548,dAL_1k_Proto29_38,C6,1.0,38.0
C61Reporter.intensity.32,1473,22.66,PDAC,Reporter.intensity.32,C6,9.74738905860671,dAL_1k_Proto29_38,C6,1.0,38.0
C61Reporter.intensity.4,1474,23.82,PDAC,Reporter.intensity.4,C6,9.77502428893649,dAL_1k_Proto29_38,C6,1.0,38.0
C61Reporter.intensity.6,1476,22.2,Monocyte,Reporter.intensity.6,C6,9.66514761162903,dAL_1k_Proto29_38,C6,1.0,38.0
C61Reporter.intensity.7,1477,18.06,Monocyte,Reporter.intensity.7,C6,9.72806516419267,dAL_1k_Proto29_38,C6,1.0,38.0
C61Reporter.intensity.8,1478,23.72,PDAC,Reporter.intensity.8,C6,9.20705048586105,dAL_1k_Proto29_38,C6,1.0,38.0
C61Reporter.intensity.9,1479,27.23,PDAC,Reporter.intensity.9,C6,10.3763055535072,dAL_1k_Proto29_38,C6,1.0,38.0
C71Reporter.intensity.10,1480,19.74,Monocyte,Reporter.intensity.10,C7,8.38896126896758,dAL_1k_Proto29_39,C7,1.0,39.0
C71Reporter.intensity.11,1481,19.26,Monocyte,Reporter.intensity.11,C7,8.11215893626303,dAL_1k_Proto29_39,C7,1.0,39.0
C71Reporter.intensity.12,1482,22.99,Monocyte,Reporter.intensity.12,C7,8.34020465655279,dAL_1k_Proto29_39,C7,1.0,39.0
C71Reporter.intensity.13,1483,19.85,PDAC,Reporter.intensity.13,C7,8.16516809239583,dAL_1k_Proto29_39,C7,1.0,39.0
C71Reporter.intensity.14,1484,26.23,Melanoma,Reporter.intensity.14,C7,9.10182794077089,dAL_1k_Proto29_39,C7,1.0,39.0
C71Reporter.intensity.15,1485,23.81,Melanoma,Reporter.intensity.15,C7,8.70981740162875,dAL_1k_Proto29_39,C7,1.0,39.0
C71Reporter.intensity.16,1486,26.11,Melanoma,Reporter.intensity.16,C7,8.05707409474444,dAL_1k_Proto29_39,C7,1.0,39.0
C71Reporter.intensity.17,1487,19.56,Monocyte,Reporter.intensity.17,C7,8.0094795280708,dAL_1k_Proto29_39,C7,1.0,39.0
C71Reporter.intensity.18,1488,19.62,Monocyte,Reporter.intensity.18,C7,8.08565531448349,dAL_1k_Proto29_39,C7,1.0,39.0
C71Reporter.intensity.19,1489,21.79,PDAC,Reporter.intensity.19,C7,8.38886571954508,dAL_1k_Proto29_39,C7,1.0,39.0
C71Reporter.intensity.20,1490,23.86,PDAC,Reporter.intensity.20,C7,8.38258520415197,dAL_1k_Proto29_39,C7,1.0,39.0
C71Reporter.intensity.21,1491,24.66,Melanoma,Reporter.intensity.21,C7,8.65639790853321,dAL_1k_Proto29_39,C7,1.0,39.0
C71Reporter.intensity.22,1492,26.14,Melanoma,Reporter.intensity.22,C7,8.8228294421689,dAL_1k_Proto29_39,C7,1.0,39.0
C71Reporter.intensity.23,1493,19.34,Monocyte,Reporter.intensity.23,C7,7.95556300882376,dAL_1k_Proto29_39,C7,1.0,39.0
C71Reporter.intensity.24,1494,22.34,Monocyte,Reporter.intensity.24,C7,8.21316037433923,dAL_1k_Proto29_39,C7,1.0,39.0
C71Reporter.intensity.25,1495,20.0,PDAC,Reporter.intensity.25,C7,7.96761976577559,dAL_1k_Proto29_39,C7,1.0,39.0
C71Reporter.intensity.27,1497,24.61,Melanoma,Reporter.intensity.27,C7,8.74368630668258,dAL_1k_Proto29_39,C7,1.0,39.0
C71Reporter.intensity.28,1498,21.27,Monocyte,Reporter.intensity.28,C7,7.81521785757277,dAL_1k_Proto29_39,C7,1.0,39.0
C71Reporter.intensity.29,1499,29.55,PDAC,Reporter.intensity.29,C7,9.12582904047123,dAL_1k_Proto29_39,C7,1.0,39.0
C71Reporter.intensity.31,1501,21.77,PDAC,Reporter.intensity.31,C7,8.10853981949336,dAL_1k_Proto29_39,C7,1.0,39.0
C71Reporter.intensity.32,1502,26.45,Melanoma,Reporter.intensity.32,C7,9.06081897685304,dAL_1k_Proto29_39,C7,1.0,39.0
C71Reporter.intensity.4,1503,18.16,Monocyte,Reporter.intensity.4,C7,7.84300307151055,dAL_1k_Proto29_39,C7,1.0,39.0
C71Reporter.intensity.5,1504,22.71,Monocyte,Reporter.intensity.5,C7,9.23834857153529,dAL_1k_Proto29_39,C7,1.0,39.0
C71Reporter.intensity.6,1505,20.89,PDAC,Reporter.intensity.6,C7,8.20818785132795,dAL_1k_Proto29_39,C7,1.0,39.0
C71Reporter.intensity.7,1506,22.66,PDAC,Reporter.intensity.7,C7,8.78737897364426,dAL_1k_Proto29_39,C7,1.0,39.0
C71Reporter.intensity.8,1507,27.13,Melanoma,Reporter.intensity.8,C7,8.88007757288343,dAL_1k_Proto29_39,C7,1.0,39.0
C71Reporter.intensity.9,1508,23.53,Melanoma,Reporter.intensity.9,C7,8.91353917173111,dAL_1k_Proto29_39,C7,1.0,39.0
C81Reporter.intensity.10,1509,22.17,Monocyte,Reporter.intensity.10,C8,8.72822211047547,dAL_1k_Proto29_40,C8,1.0,40.0
C81Reporter.intensity.11,1510,29.29,PDAC,Reporter.intensity.11,C8,9.08088070322205,dAL_1k_Proto29_40,C8,1.0,40.0
C81Reporter.intensity.12,1511,23.06,Melanoma,Reporter.intensity.12,C8,8.34182056189077,dAL_1k_Proto29_40,C8,1.0,40.0
C81Reporter.intensity.13,1512,25.94,Melanoma,Reporter.intensity.13,C8,9.16685978433265,dAL_1k_Proto29_40,C8,1.0,40.0
C81Reporter.intensity.16,1515,23.06,Monocyte,Reporter.intensity.16,C8,8.47311617200471,dAL_1k_Proto29_40,C8,1.0,40.0
C81Reporter.intensity.17,1516,18.51,PDAC,Reporter.intensity.17,C8,8.03247132452458,dAL_1k_Proto29_40,C8,1.0,40.0
C81Reporter.intensity.18,1517,22.59,PDAC,Reporter.intensity.18,C8,8.37880426068559,dAL_1k_Proto29_40,C8,1.0,40.0
C81Reporter.intensity.21,1520,18.82,Monocyte,Reporter.intensity.21,C8,7.80705750026757,dAL_1k_Proto29_40,C8,1.0,40.0
C81Reporter.intensity.22,1521,20.12,Monocyte,Reporter.intensity.22,C8,8.06264409912909,dAL_1k_Proto29_40,C8,1.0,40.0
C81Reporter.intensity.23,1522,21.62,PDAC,Reporter.intensity.23,C8,8.1198989715313,dAL_1k_Proto29_40,C8,1.0,40.0
C81Reporter.intensity.24,1523,22.93,Melanoma,Reporter.intensity.24,C8,8.24890563869505,dAL_1k_Proto29_40,C8,1.0,40.0
C81Reporter.intensity.26,1525,24.89,Monocyte,Reporter.intensity.26,C8,8.68393313812174,dAL_1k_Proto29_40,C8,1.0,40.0
C81Reporter.intensity.27,1526,28.29,PDAC,Reporter.intensity.27,C8,8.99192354073478,dAL_1k_Proto29_40,C8,1.0,40.0
C81Reporter.intensity.28,1527,18.56,PDAC,Reporter.intensity.28,C8,7.35714063484076,dAL_1k_Proto29_40,C8,1.0,40.0
C81Reporter.intensity.29,1528,27.72,PDAC,Reporter.intensity.29,C8,8.88942661925415,dAL_1k_Proto29_40,C8,1.0,40.0
C81Reporter.intensity.30,1529,27.78,Melanoma,Reporter.intensity.30,C8,8.9066765225791,dAL_1k_Proto29_40,C8,1.0,40.0
C81Reporter.intensity.31,1530,17.92,Monocyte,Reporter.intensity.31,C8,7.8812269526065,dAL_1k_Proto29_40,C8,1.0,40.0
C81Reporter.intensity.32,1531,19.9,Monocyte,Reporter.intensity.32,C8,8.2137749644126,dAL_1k_Proto29_40,C8,1.0,40.0
C81Reporter.intensity.4,1532,27.12,PDAC,Reporter.intensity.4,C8,8.72497174107296,dAL_1k_Proto29_40,C8,1.0,40.0
C81Reporter.intensity.5,1533,21.67,PDAC,Reporter.intensity.5,C8,9.21255740421141,dAL_1k_Proto29_40,C8,1.0,40.0
C81Reporter.intensity.6,1534,23.96,Melanoma,Reporter.intensity.6,C8,8.51760179050737,dAL_1k_Proto29_40,C8,1.0,40.0
C81Reporter.intensity.7,1535,27.91,Melanoma,Reporter.intensity.7,C8,9.48193879866512,dAL_1k_Proto29_40,C8,1.0,40.0
C81Reporter.intensity.8,1536,21.27,Monocyte,Reporter.intensity.8,C8,8.0697970124562,dAL_1k_Proto29_40,C8,1.0,40.0
C81Reporter.intensity.9,1537,21.63,Monocyte,Reporter.intensity.9,C8,8.61084876685234,dAL_1k_Proto29_40,C8,1.0,40.0
C91Reporter.intensity.11,1539,20.91,PDAC,Reporter.intensity.11,C9,8.28464858660822,dAL_1k_Proto29_41,C9,1.0,41.0
C91Reporter.intensity.12,1540,27.63,Melanoma,Reporter.intensity.12,C9,8.89965110594174,dAL_1k_Proto29_41,C9,1.0,41.0
C91Reporter.intensity.13,1541,22.58,Melanoma,Reporter.intensity.13,C9,8.5685355165816,dAL_1k_Proto29_41,C9,1.0,41.0
C91Reporter.intensity.14,1542,20.67,Monocyte,Reporter.intensity.14,C9,8.92531965978999,dAL_1k_Proto29_41,C9,1.0,41.0
C91Reporter.intensity.15,1543,20.53,Monocyte,Reporter.intensity.15,C9,8.28090758207926,dAL_1k_Proto29_41,C9,1.0,41.0
C91Reporter.intensity.16,1544,22.75,Monocyte,Reporter.intensity.16,C9,8.23159080793932,dAL_1k_Proto29_41,C9,1.0,41.0
C91Reporter.intensity.17,1545,20.44,PDAC,Reporter.intensity.17,C9,7.98146581555256,dAL_1k_Proto29_41,C9,1.0,41.0
C91Reporter.intensity.18,1546,25.05,Melanoma,Reporter.intensity.18,C9,8.56634612227502,dAL_1k_Proto29_41,C9,1.0,41.0
C91Reporter.intensity.20,1548,22.59,Melanoma,Reporter.intensity.20,C9,8.36541804327909,dAL_1k_Proto29_41,C9,1.0,41.0
C91Reporter.intensity.21,1549,22.25,Monocyte,Reporter.intensity.21,C9,8.41513993472788,dAL_1k_Proto29_41,C9,1.0,41.0
C91Reporter.intensity.22,1550,21.73,Monocyte,Reporter.intensity.22,C9,8.16077248450908,dAL_1k_Proto29_41,C9,1.0,41.0
C91Reporter.intensity.23,1551,21.06,PDAC,Reporter.intensity.23,C9,8.14059903568497,dAL_1k_Proto29_41,C9,1.0,41.0
C91Reporter.intensity.26,1554,27.41,Melanoma,Reporter.intensity.26,C9,8.94342024625017,dAL_1k_Proto29_41,C9,1.0,41.0
C91Reporter.intensity.27,1555,22.95,Monocyte,Reporter.intensity.27,C9,8.51388788502896,dAL_1k_Proto29_41,C9,1.0,41.0
C91Reporter.intensity.28,1556,21.08,Monocyte,Reporter.intensity.28,C9,8.07852667275563,dAL_1k_Proto29_41,C9,1.0,41.0
C91Reporter.intensity.29,1557,21.19,PDAC,Reporter.intensity.29,C9,8.20073533493892,dAL_1k_Proto29_41,C9,1.0,41.0
C91Reporter.intensity.30,1558,26.82,Melanoma,Reporter.intensity.30,C9,8.96142992304774,dAL_1k_Proto29_41,C9,1.0,41.0
C91Reporter.intensity.32,1560,18.65,Monocyte,Reporter.intensity.32,C9,7.97696488264215,dAL_1k_Proto29_41,C9,1.0,41.0
C91Reporter.intensity.4,1561,20.39,PDAC,Reporter.intensity.4,C9,8.01519752491478,dAL_1k_Proto29_41,C9,1.0,41.0
C91Reporter.intensity.5,1562,24.51,PDAC,Reporter.intensity.5,C9,9.44216809493011,dAL_1k_Proto29_41,C9,1.0,41.0
C91Reporter.intensity.6,1563,21.77,PDAC,Reporter.intensity.6,C9,7.99534591259287,dAL_1k_Proto29_41,C9,1.0,41.0
C91Reporter.intensity.7,1564,30.41,Melanoma,Reporter.intensity.7,C9,9.49442103915152,dAL_1k_Proto29_41,C9,1.0,41.0
C91Reporter.intensity.8,1565,20.39,Monocyte,Reporter.intensity.8,C9,8.07755615683846,dAL_1k_Proto29_41,C9,1.0,41.0
C91Reporter.intensity.9,1566,21.09,Monocyte,Reporter.intensity.9,C9,8.47126145835195,dAL_1k_Proto29_41,C9,1.0,41.0
D11Reporter.intensity.10,1567,32.06,PDAC,Reporter.intensity.10,D1,9.76337891362898,dAL_1k_Proto29_57,D1,1.0,57.0
D11Reporter.intensity.11,1568,20.92,PDAC,Reporter.intensity.11,D1,8.55493361210538,dAL_1k_Proto29_57,D1,1.0,57.0
D11Reporter.intensity.13,1570,26.61,Melanoma,Reporter.intensity.13,D1,9.1519508882239,dAL_1k_Proto29_57,D1,1.0,57.0
D11Reporter.intensity.14,1571,18.54,Monocyte,Reporter.intensity.14,D1,8.96186474986185,dAL_1k_Proto29_57,D1,1.0,57.0
D11Reporter.intensity.15,1572,21.15,Monocyte,Reporter.intensity.15,D1,8.69066388240494,dAL_1k_Proto29_57,D1,1.0,57.0
D11Reporter.intensity.16,1573,19.93,Monocyte,Reporter.intensity.16,D1,8.26108038406272,dAL_1k_Proto29_57,D1,1.0,57.0
D11Reporter.intensity.17,1574,19.71,PDAC,Reporter.intensity.17,D1,8.64444778455753,dAL_1k_Proto29_57,D1,1.0,57.0
D11Reporter.intensity.18,1575,22.58,Melanoma,Reporter.intensity.18,D1,8.39640555556665,dAL_1k_Proto29_57,D1,1.0,57.0
D11Reporter.intensity.19,1576,32.66,Melanoma,Reporter.intensity.19,D1,9.08205000874769,dAL_1k_Proto29_57,D1,1.0,57.0
D11Reporter.intensity.20,1577,22.96,Melanoma,Reporter.intensity.20,D1,8.66619173965173,dAL_1k_Proto29_57,D1,1.0,57.0
D11Reporter.intensity.21,1578,22.94,Monocyte,Reporter.intensity.21,D1,8.71901445435286,dAL_1k_Proto29_57,D1,1.0,57.0
D11Reporter.intensity.22,1579,21.48,Monocyte,Reporter.intensity.22,D1,8.61615717487751,dAL_1k_Proto29_57,D1,1.0,57.0
D11Reporter.intensity.23,1580,29.26,PDAC,Reporter.intensity.23,D1,9.14103081774605,dAL_1k_Proto29_57,D1,1.0,57.0
D11Reporter.intensity.24,1581,26.43,PDAC,Reporter.intensity.24,D1,8.85538042254221,dAL_1k_Proto29_57,D1,1.0,57.0
D11Reporter.intensity.25,1582,23.97,Melanoma,Reporter.intensity.25,D1,8.97344272036505,dAL_1k_Proto29_57,D1,1.0,57.0
D11Reporter.intensity.26,1583,24.27,Melanoma,Reporter.intensity.26,D1,8.3310963833289,dAL_1k_Proto29_57,D1,1.0,57.0
D11Reporter.intensity.27,1584,20.17,Monocyte,Reporter.intensity.27,D1,8.52242650039162,dAL_1k_Proto29_57,D1,1.0,57.0
D11Reporter.intensity.28,1585,19.48,Monocyte,Reporter.intensity.28,D1,7.87446139235596,dAL_1k_Proto29_57,D1,1.0,57.0
D11Reporter.intensity.29,1586,31.28,PDAC,Reporter.intensity.29,D1,9.68493581932601,dAL_1k_Proto29_57,D1,1.0,57.0
D11Reporter.intensity.30,1587,22.9,Melanoma,Reporter.intensity.30,D1,7.91400034056188,dAL_1k_Proto29_57,D1,1.0,57.0
D11Reporter.intensity.31,1588,24.67,Melanoma,Reporter.intensity.31,D1,9.01994672036304,dAL_1k_Proto29_57,D1,1.0,57.0
D11Reporter.intensity.32,1589,24.53,Monocyte,Reporter.intensity.32,D1,9.1071232481346,dAL_1k_Proto29_57,D1,1.0,57.0
D11Reporter.intensity.4,1590,27.19,PDAC,Reporter.intensity.4,D1,8.51975226405073,dAL_1k_Proto29_57,D1,1.0,57.0
D11Reporter.intensity.5,1591,25.68,PDAC,Reporter.intensity.5,D1,9.77519953782774,dAL_1k_Proto29_57,D1,1.0,57.0
D11Reporter.intensity.7,1593,31.08,Melanoma,Reporter.intensity.7,D1,9.4097431013599,dAL_1k_Proto29_57,D1,1.0,57.0
D11Reporter.intensity.8,1594,19.65,Monocyte,Reporter.intensity.8,D1,8.54517056691143,dAL_1k_Proto29_57,D1,1.0,57.0
D11Reporter.intensity.9,1595,19.51,Monocyte,Reporter.intensity.9,D1,8.45112114458839,dAL_1k_Proto29_57,D1,1.0,57.0
D31Reporter.intensity.10,1596,21.24,Monocyte,Reporter.intensity.10,D3,8.8872770867503,dAL_1k_Proto29_59,D3,1.0,59.0
D31Reporter.intensity.11,1597,18.42,Monocyte,Reporter.intensity.11,D3,8.44627710935511,dAL_1k_Proto29_59,D3,1.0,59.0
D31Reporter.intensity.13,1599,28.81,PDAC,Reporter.intensity.13,D3,9.39304430346271,dAL_1k_Proto29_59,D3,1.0,59.0
D31Reporter.intensity.15,1601,25.06,Melanoma,Reporter.intensity.15,D3,8.92102660118611,dAL_1k_Proto29_59,D3,1.0,59.0
D31Reporter.intensity.16,1602,22.53,Melanoma,Reporter.intensity.16,D3,7.93829825738191,dAL_1k_Proto29_59,D3,1.0,59.0
D31Reporter.intensity.17,1603,24.17,Monocyte,Reporter.intensity.17,D3,9.09226510191587,dAL_1k_Proto29_59,D3,1.0,59.0
D31Reporter.intensity.18,1604,23.5,Monocyte,Reporter.intensity.18,D3,8.52856784392948,dAL_1k_Proto29_59,D3,1.0,59.0
D31Reporter.intensity.20,1606,26.52,PDAC,Reporter.intensity.20,D3,8.83937243644963,dAL_1k_Proto29_59,D3,1.0,59.0
D31Reporter.intensity.21,1607,24.89,Melanoma,Reporter.intensity.21,D3,8.88582298780022,dAL_1k_Proto29_59,D3,1.0,59.0
D31Reporter.intensity.22,1608,28.5,Melanoma,Reporter.intensity.22,D3,8.43202770320062,dAL_1k_Proto29_59,D3,1.0,59.0
D31Reporter.intensity.24,1610,21.7,Monocyte,Reporter.intensity.24,D3,8.67475141797534,dAL_1k_Proto29_59,D3,1.0,59.0
D31Reporter.intensity.25,1611,29.09,PDAC,Reporter.intensity.25,D3,9.16141941539808,dAL_1k_Proto29_59,D3,1.0,59.0
D31Reporter.intensity.27,1613,25.3,Melanoma,Reporter.intensity.27,D3,9.0343810166185,dAL_1k_Proto29_59,D3,1.0,59.0
D31Reporter.intensity.28,1614,18.56,Monocyte,Reporter.intensity.28,D3,7.77927293619429,dAL_1k_Proto29_59,D3,1.0,59.0
D31Reporter.intensity.29,1615,25.88,PDAC,Reporter.intensity.29,D3,8.89126601043547,dAL_1k_Proto29_59,D3,1.0,59.0
D31Reporter.intensity.30,1616,26.41,PDAC,Reporter.intensity.30,D3,8.80424177926594,dAL_1k_Proto29_59,D3,1.0,59.0
D31Reporter.intensity.31,1617,24.69,PDAC,Reporter.intensity.31,D3,8.20606635865994,dAL_1k_Proto29_59,D3,1.0,59.0
D31Reporter.intensity.4,1619,18.39,Monocyte,Reporter.intensity.4,D3,8.18734418897034,dAL_1k_Proto29_59,D3,1.0,59.0
D31Reporter.intensity.5,1620,18.6,Monocyte,Reporter.intensity.5,D3,9.25598049334213,dAL_1k_Proto29_59,D3,1.0,59.0
D31Reporter.intensity.6,1621,25.47,PDAC,Reporter.intensity.6,D3,8.59479575272075,dAL_1k_Proto29_59,D3,1.0,59.0
D31Reporter.intensity.8,1623,23.2,Melanoma,Reporter.intensity.8,D3,8.08689839146024,dAL_1k_Proto29_59,D3,1.0,59.0
D31Reporter.intensity.9,1624,27.97,Melanoma,Reporter.intensity.9,D3,9.53750767061963,dAL_1k_Proto29_59,D3,1.0,59.0
D41Reporter.intensity.10,1625,22.2,Monocyte,Reporter.intensity.10,D4,8.9942020603214,dAL_1k_Proto29_60,D4,1.0,60.0
D41Reporter.intensity.11,1626,25.59,PDAC,Reporter.intensity.11,D4,8.9031874703877,dAL_1k_Proto29_60,D4,1.0,60.0
D41Reporter.intensity.13,1628,24.87,Melanoma,Reporter.intensity.13,D4,9.07065499078944,dAL_1k_Proto29_60,D4,1.0,60.0
D41Reporter.intensity.14,1629,23.37,Melanoma,Reporter.intensity.14,D4,9.27148047034563,dAL_1k_Proto29_60,D4,1.0,60.0
D41Reporter.intensity.16,1631,25.55,Monocyte,Reporter.intensity.16,D4,9.11522321518685,dAL_1k_Proto29_60,D4,1.0,60.0
D41Reporter.intensity.17,1632,32.0,PDAC,Reporter.intensity.17,D4,9.61608673519036,dAL_1k_Proto29_60,D4,1.0,60.0
D41Reporter.intensity.19,1634,25.47,Melanoma,Reporter.intensity.19,D4,8.52191352314819,dAL_1k_Proto29_60,D4,1.0,60.0
D41Reporter.intensity.21,1636,17.46,Monocyte,Reporter.intensity.21,D4,8.2235946212691,dAL_1k_Proto29_60,D4,1.0,60.0
D41Reporter.intensity.22,1637,22.44,Monocyte,Reporter.intensity.22,D4,8.4177731844482,dAL_1k_Proto29_60,D4,1.0,60.0
D41Reporter.intensity.23,1638,26.78,PDAC,Reporter.intensity.23,D4,8.74978127332758,dAL_1k_Proto29_60,D4,1.0,60.0
D41Reporter.intensity.24,1639,24.57,Melanoma,Reporter.intensity.24,D4,8.82163336113046,dAL_1k_Proto29_60,D4,1.0,60.0
D41Reporter.intensity.25,1640,23.67,Melanoma,Reporter.intensity.25,D4,8.82004156235512,dAL_1k_Proto29_60,D4,1.0,60.0
D41Reporter.intensity.26,1641,19.29,Monocyte,Reporter.intensity.26,D4,8.2077803830878,dAL_1k_Proto29_60,D4,1.0,60.0
D41Reporter.intensity.27,1642,23.9,PDAC,Reporter.intensity.27,D4,8.24689705090052,dAL_1k_Proto29_60,D4,1.0,60.0
D41Reporter.intensity.28,1643,20.41,PDAC,Reporter.intensity.28,D4,8.3834498355898,dAL_1k_Proto29_60,D4,1.0,60.0
D41Reporter.intensity.29,1644,26.77,PDAC,Reporter.intensity.29,D4,8.96489713111904,dAL_1k_Proto29_60,D4,1.0,60.0
D41Reporter.intensity.30,1645,21.58,Melanoma,Reporter.intensity.30,D4,8.10026882795455,dAL_1k_Proto29_60,D4,1.0,60.0
D41Reporter.intensity.31,1646,20.03,Monocyte,Reporter.intensity.31,D4,8.21974311852061,dAL_1k_Proto29_60,D4,1.0,60.0
D41Reporter.intensity.32,1647,20.94,Monocyte,Reporter.intensity.32,D4,8.57396906563415,dAL_1k_Proto29_60,D4,1.0,60.0
D41Reporter.intensity.4,1648,24.71,PDAC,Reporter.intensity.4,D4,8.6857058218091,dAL_1k_Proto29_60,D4,1.0,60.0
D41Reporter.intensity.5,1649,20.41,PDAC,Reporter.intensity.5,D4,9.43973236171823,dAL_1k_Proto29_60,D4,1.0,60.0
D41Reporter.intensity.6,1650,21.67,Melanoma,Reporter.intensity.6,D4,8.18138849670168,dAL_1k_Proto29_60,D4,1.0,60.0
D41Reporter.intensity.7,1651,24.05,Melanoma,Reporter.intensity.7,D4,9.10674931022004,dAL_1k_Proto29_60,D4,1.0,60.0
D41Reporter.intensity.8,1652,24.82,Monocyte,Reporter.intensity.8,D4,8.73859624000354,dAL_1k_Proto29_60,D4,1.0,60.0
D41Reporter.intensity.9,1653,18.41,Monocyte,Reporter.intensity.9,D4,8.8029151960039,dAL_1k_Proto29_60,D4,1.0,60.0
D51Reporter.intensity.10,1654,30.21,PDAC,Reporter.intensity.10,D5,9.72579808022922,dAL_1k_Proto29_61,D5,1.0,61.0
D51Reporter.intensity.11,1655,23.95,PDAC,Reporter.intensity.11,D5,8.93737822399762,dAL_1k_Proto29_61,D5,1.0,61.0
D51Reporter.intensity.12,1656,29.04,Melanoma,Reporter.intensity.12,D5,9.55755733235051,dAL_1k_Proto29_61,D5,1.0,61.0
D51Reporter.intensity.13,1657,25.02,Melanoma,Reporter.intensity.13,D5,8.82799934660617,dAL_1k_Proto29_61,D5,1.0,61.0
D51Reporter.intensity.15,1659,21.08,Monocyte,Reporter.intensity.15,D5,8.77475616770717,dAL_1k_Proto29_61,D5,1.0,61.0
D51Reporter.intensity.17,1661,23.73,PDAC,Reporter.intensity.17,D5,8.78956756407817,dAL_1k_Proto29_61,D5,1.0,61.0
D51Reporter.intensity.18,1662,23.0,Melanoma,Reporter.intensity.18,D5,8.66081662031385,dAL_1k_Proto29_61,D5,1.0,61.0
D51Reporter.intensity.20,1664,24.17,Melanoma,Reporter.intensity.20,D5,8.82808828802055,dAL_1k_Proto29_61,D5,1.0,61.0
D51Reporter.intensity.21,1665,21.52,Monocyte,Reporter.intensity.21,D5,8.66583391241444,dAL_1k_Proto29_61,D5,1.0,61.0
D51Reporter.intensity.22,1666,22.81,Monocyte,Reporter.intensity.22,D5,8.82185546423498,dAL_1k_Proto29_61,D5,1.0,61.0
D51Reporter.intensity.23,1667,19.43,PDAC,Reporter.intensity.23,D5,8.42454413703644,dAL_1k_Proto29_61,D5,1.0,61.0
D51Reporter.intensity.24,1668,28.16,PDAC,Reporter.intensity.24,D5,9.25781669638805,dAL_1k_Proto29_61,D5,1.0,61.0
D51Reporter.intensity.25,1669,24.99,Melanoma,Reporter.intensity.25,D5,8.47463605109776,dAL_1k_Proto29_61,D5,1.0,61.0
D51Reporter.intensity.26,1670,28.68,Melanoma,Reporter.intensity.26,D5,9.63396713763806,dAL_1k_Proto29_61,D5,1.0,61.0
D51Reporter.intensity.28,1672,21.22,Monocyte,Reporter.intensity.28,D5,8.37933599229047,dAL_1k_Proto29_61,D5,1.0,61.0
D51Reporter.intensity.29,1673,22.66,PDAC,Reporter.intensity.29,D5,8.73207264118655,dAL_1k_Proto29_61,D5,1.0,61.0
D51Reporter.intensity.31,1675,24.04,Melanoma,Reporter.intensity.31,D5,8.98448556756424,dAL_1k_Proto29_61,D5,1.0,61.0
D51Reporter.intensity.32,1676,24.34,Monocyte,Reporter.intensity.32,D5,8.90560762981896,dAL_1k_Proto29_61,D5,1.0,61.0
D51Reporter.intensity.4,1677,23.72,PDAC,Reporter.intensity.4,D5,8.02371505161973,dAL_1k_Proto29_61,D5,1.0,61.0
D51Reporter.intensity.5,1678,26.65,PDAC,Reporter.intensity.5,D5,9.85144647370771,dAL_1k_Proto29_61,D5,1.0,61.0
D51Reporter.intensity.6,1679,24.1,PDAC,Reporter.intensity.6,D5,8.95946738092766,dAL_1k_Proto29_61,D5,1.0,61.0
D51Reporter.intensity.8,1681,18.88,Monocyte,Reporter.intensity.8,D5,8.53478969199832,dAL_1k_Proto29_61,D5,1.0,61.0
D51Reporter.intensity.9,1682,20.83,Monocyte,Reporter.intensity.9,D5,9.01340313052054,dAL_1k_Proto29_61,D5,1.0,61.0
D61Reporter.intensity.10,1683,23.62,Melanoma,Reporter.intensity.10,D6,9.62559751936879,dAL_1k_Proto29_62,D6,1.0,62.0
D61Reporter.intensity.11,1684,26.97,Melanoma,Reporter.intensity.11,D6,9.49952945198277,dAL_1k_Proto29_62,D6,1.0,62.0
D61Reporter.intensity.12,1685,22.4,Monocyte,Reporter.intensity.12,D6,9.00811818063763,dAL_1k_Proto29_62,D6,1.0,62.0
D61Reporter.intensity.13,1686,21.77,Monocyte,Reporter.intensity.13,D6,9.25698592198332,dAL_1k_Proto29_62,D6,1.0,62.0
D61Reporter.intensity.15,1688,25.12,PDAC,Reporter.intensity.15,D6,9.45075416111904,dAL_1k_Proto29_62,D6,1.0,62.0
D61Reporter.intensity.17,1690,27.35,Melanoma,Reporter.intensity.17,D6,9.76331481997688,dAL_1k_Proto29_62,D6,1.0,62.0
D61Reporter.intensity.18,1691,24.58,Melanoma,Reporter.intensity.18,D6,8.68026742665944,dAL_1k_Proto29_62,D6,1.0,62.0
D61Reporter.intensity.19,1692,22.58,Monocyte,Reporter.intensity.19,D6,9.17125106325144,dAL_1k_Proto29_62,D6,1.0,62.0
D61Reporter.intensity.20,1693,19.46,Monocyte,Reporter.intensity.20,D6,8.8297375280632,dAL_1k_Proto29_62,D6,1.0,62.0
D61Reporter.intensity.21,1694,25.56,PDAC,Reporter.intensity.21,D6,9.28725452598791,dAL_1k_Proto29_62,D6,1.0,62.0
D61Reporter.intensity.22,1695,21.48,PDAC,Reporter.intensity.22,D6,8.58257146761684,dAL_1k_Proto29_62,D6,1.0,62.0
D61Reporter.intensity.23,1696,23.46,Melanoma,Reporter.intensity.23,D6,8.87063770573388,dAL_1k_Proto29_62,D6,1.0,62.0
D61Reporter.intensity.24,1697,27.13,Melanoma,Reporter.intensity.24,D6,9.6677344197411,dAL_1k_Proto29_62,D6,1.0,62.0
D61Reporter.intensity.25,1698,21.02,Monocyte,Reporter.intensity.25,D6,8.90745589477727,dAL_1k_Proto29_62,D6,1.0,62.0
D61Reporter.intensity.26,1699,21.31,Monocyte,Reporter.intensity.26,D6,8.92829274008481,dAL_1k_Proto29_62,D6,1.0,62.0
D61Reporter.intensity.27,1700,24.58,PDAC,Reporter.intensity.27,D6,9.30344917561253,dAL_1k_Proto29_62,D6,1.0,62.0
D61Reporter.intensity.28,1701,26.02,Melanoma,Reporter.intensity.28,D6,9.37911988359691,dAL_1k_Proto29_62,D6,1.0,62.0
D61Reporter.intensity.29,1702,27.86,Melanoma,Reporter.intensity.29,D6,9.1216579931499,dAL_1k_Proto29_62,D6,1.0,62.0
D61Reporter.intensity.30,1703,17.96,Monocyte,Reporter.intensity.30,D6,8.43603849378011,dAL_1k_Proto29_62,D6,1.0,62.0
D61Reporter.intensity.31,1704,28.39,PDAC,Reporter.intensity.31,D6,9.58562942001434,dAL_1k_Proto29_62,D6,1.0,62.0
D61Reporter.intensity.32,1705,22.05,PDAC,Reporter.intensity.32,D6,8.94739402974613,dAL_1k_Proto29_62,D6,1.0,62.0
D61Reporter.intensity.4,1706,20.7,PDAC,Reporter.intensity.4,D6,8.80973560690931,dAL_1k_Proto29_62,D6,1.0,62.0
D61Reporter.intensity.5,1707,28.1,Melanoma,Reporter.intensity.5,D6,10.175625930662,dAL_1k_Proto29_62,D6,1.0,62.0
D61Reporter.intensity.6,1708,28.72,Monocyte,Reporter.intensity.6,D6,9.65087149996778,dAL_1k_Proto29_62,D6,1.0,62.0
D61Reporter.intensity.7,1709,17.94,Monocyte,Reporter.intensity.7,D6,9.34853837358817,dAL_1k_Proto29_62,D6,1.0,62.0
D61Reporter.intensity.8,1710,22.59,PDAC,Reporter.intensity.8,D6,8.93364115156853,dAL_1k_Proto29_62,D6,1.0,62.0
D61Reporter.intensity.9,1711,26.03,PDAC,Reporter.intensity.9,D6,9.75626413457261,dAL_1k_Proto29_62,D6,1.0,62.0
D71Reporter.intensity.12,1714,21.02,Monocyte,Reporter.intensity.12,D7,9.55364577892384,dAL_1k_Proto29_63,D7,1.0,63.0
D71Reporter.intensity.13,1715,22.89,PDAC,Reporter.intensity.13,D7,9.65836399747545,dAL_1k_Proto29_63,D7,1.0,63.0
D71Reporter.intensity.14,1716,33.36,Melanoma,Reporter.intensity.14,D7,10.3136379330513,dAL_1k_Proto29_63,D7,1.0,63.0
D71Reporter.intensity.15,1717,25.38,Melanoma,Reporter.intensity.15,D7,10.1015956806101,dAL_1k_Proto29_63,D7,1.0,63.0
D71Reporter.intensity.16,1718,27.74,Melanoma,Reporter.intensity.16,D7,10.2232871640057,dAL_1k_Proto29_63,D7,1.0,63.0
D71Reporter.intensity.17,1719,22.81,Monocyte,Reporter.intensity.17,D7,9.75353044712835,dAL_1k_Proto29_63,D7,1.0,63.0
D71Reporter.intensity.18,1720,21.02,Monocyte,Reporter.intensity.18,D7,9.60497584028087,dAL_1k_Proto29_63,D7,1.0,63.0
D71Reporter.intensity.19,1721,30.85,PDAC,Reporter.intensity.19,D7,10.334953918888,dAL_1k_Proto29_63,D7,1.0,63.0
D71Reporter.intensity.20,1722,23.95,PDAC,Reporter.intensity.20,D7,9.55726445933599,dAL_1k_Proto29_63,D7,1.0,63.0
D71Reporter.intensity.21,1723,33.83,Melanoma,Reporter.intensity.21,D7,10.1285923224531,dAL_1k_Proto29_63,D7,1.0,63.0
D71Reporter.intensity.22,1724,26.36,Melanoma,Reporter.intensity.22,D7,9.82463767887454,dAL_1k_Proto29_63,D7,1.0,63.0
D71Reporter.intensity.23,1725,20.32,Monocyte,Reporter.intensity.23,D7,9.22200306276797,dAL_1k_Proto29_63,D7,1.0,63.0
D71Reporter.intensity.24,1726,20.02,Monocyte,Reporter.intensity.24,D7,9.42778629809584,dAL_1k_Proto29_63,D7,1.0,63.0
D71Reporter.intensity.25,1727,21.67,PDAC,Reporter.intensity.25,D7,9.57255849303515,dAL_1k_Proto29_63,D7,1.0,63.0
D71Reporter.intensity.26,1728,25.87,Melanoma,Reporter.intensity.26,D7,9.74500620706217,dAL_1k_Proto29_63,D7,1.0,63.0
D71Reporter.intensity.27,1729,22.25,Melanoma,Reporter.intensity.27,D7,9.7652045075181,dAL_1k_Proto29_63,D7,1.0,63.0
D71Reporter.intensity.28,1730,24.34,Monocyte,Reporter.intensity.28,D7,9.65842145640046,dAL_1k_Proto29_63,D7,1.0,63.0
D71Reporter.intensity.29,1731,24.37,PDAC,Reporter.intensity.29,D7,9.83138072997886,dAL_1k_Proto29_63,D7,1.0,63.0
D71Reporter.intensity.30,1732,20.67,PDAC,Reporter.intensity.30,D7,9.13387147988431,dAL_1k_Proto29_63,D7,1.0,63.0
D71Reporter.intensity.31,1733,28.59,PDAC,Reporter.intensity.31,D7,10.2038303525716,dAL_1k_Proto29_63,D7,1.0,63.0
D71Reporter.intensity.32,1734,32.53,Melanoma,Reporter.intensity.32,D7,10.8002115365019,dAL_1k_Proto29_63,D7,1.0,63.0
D71Reporter.intensity.4,1735,27.91,Monocyte,Reporter.intensity.4,D7,9.63806484989874,dAL_1k_Proto29_63,D7,1.0,63.0
D71Reporter.intensity.5,1736,19.79,Monocyte,Reporter.intensity.5,D7,10.1719654851111,dAL_1k_Proto29_63,D7,1.0,63.0
D71Reporter.intensity.6,1737,22.79,PDAC,Reporter.intensity.6,D7,9.30056206075237,dAL_1k_Proto29_63,D7,1.0,63.0
D71Reporter.intensity.7,1738,23.79,PDAC,Reporter.intensity.7,D7,9.86567257957734,dAL_1k_Proto29_63,D7,1.0,63.0
D71Reporter.intensity.8,1739,25.18,Melanoma,Reporter.intensity.8,D7,9.96538523006125,dAL_1k_Proto29_63,D7,1.0,63.0
D71Reporter.intensity.9,1740,26.43,Melanoma,Reporter.intensity.9,D7,9.69754086119032,dAL_1k_Proto29_63,D7,1.0,63.0
D81Reporter.intensity.10,1741,19.15,Monocyte,Reporter.intensity.10,D8,10.132843598976,dAL_1k_Proto29_64,D8,1.0,64.0
D81Reporter.intensity.11,1742,23.04,PDAC,Reporter.intensity.11,D8,10.5762058007466,dAL_1k_Proto29_64,D8,1.0,64.0
D81Reporter.intensity.12,1743,22.04,Melanoma,Reporter.intensity.12,D8,9.43234752151511,dAL_1k_Proto29_64,D8,1.0,64.0
D81Reporter.intensity.13,1744,22.99,Melanoma,Reporter.intensity.13,D8,9.85999287210091,dAL_1k_Proto29_64,D8,1.0,64.0
D81Reporter.intensity.15,1746,21.62,Monocyte,Reporter.intensity.15,D8,10.1000411139229,dAL_1k_Proto29_64,D8,1.0,64.0
D81Reporter.intensity.16,1747,21.31,Monocyte,Reporter.intensity.16,D8,10.1786682304712,dAL_1k_Proto29_64,D8,1.0,64.0
D81Reporter.intensity.17,1748,21.48,PDAC,Reporter.intensity.17,D8,9.86750678382378,dAL_1k_Proto29_64,D8,1.0,64.0
D81Reporter.intensity.18,1749,25.47,PDAC,Reporter.intensity.18,D8,10.32237494106,dAL_1k_Proto29_64,D8,1.0,64.0
D81Reporter.intensity.19,1750,23.67,Melanoma,Reporter.intensity.19,D8,10.5476959616782,dAL_1k_Proto29_64,D8,1.0,64.0
D81Reporter.intensity.20,1751,24.79,Melanoma,Reporter.intensity.20,D8,9.84117058720418,dAL_1k_Proto29_64,D8,1.0,64.0
D81Reporter.intensity.21,1752,24.26,Monocyte,Reporter.intensity.21,D8,10.1579156089691,dAL_1k_Proto29_64,D8,1.0,64.0
D81Reporter.intensity.22,1753,26.35,Monocyte,Reporter.intensity.22,D8,10.2642442439548,dAL_1k_Proto29_64,D8,1.0,64.0
D81Reporter.intensity.23,1754,27.84,PDAC,Reporter.intensity.23,D8,10.3515742163507,dAL_1k_Proto29_64,D8,1.0,64.0
D81Reporter.intensity.24,1755,28.13,Melanoma,Reporter.intensity.24,D8,10.8538910674434,dAL_1k_Proto29_64,D8,1.0,64.0
D81Reporter.intensity.25,1756,23.71,Melanoma,Reporter.intensity.25,D8,9.63381194971343,dAL_1k_Proto29_64,D8,1.0,64.0
D81Reporter.intensity.26,1757,21.04,Monocyte,Reporter.intensity.26,D8,10.0230660069143,dAL_1k_Proto29_64,D8,1.0,64.0
D81Reporter.intensity.28,1759,30.15,PDAC,Reporter.intensity.28,D8,10.5830689896923,dAL_1k_Proto29_64,D8,1.0,64.0
D81Reporter.intensity.29,1760,29.18,PDAC,Reporter.intensity.29,D8,10.6939579722702,dAL_1k_Proto29_64,D8,1.0,64.0
D81Reporter.intensity.31,1762,18.93,Monocyte,Reporter.intensity.31,D8,9.72985247071791,dAL_1k_Proto29_64,D8,1.0,64.0
D81Reporter.intensity.32,1763,25.69,Monocyte,Reporter.intensity.32,D8,10.4575714419013,dAL_1k_Proto29_64,D8,1.0,64.0
D81Reporter.intensity.4,1764,25.3,PDAC,Reporter.intensity.4,D8,10.3026978280567,dAL_1k_Proto29_64,D8,1.0,64.0
D81Reporter.intensity.5,1765,20.26,PDAC,Reporter.intensity.5,D8,10.3241363393289,dAL_1k_Proto29_64,D8,1.0,64.0
D81Reporter.intensity.8,1768,18.98,Monocyte,Reporter.intensity.8,D8,9.79115073280988,dAL_1k_Proto29_64,D8,1.0,64.0
D81Reporter.intensity.9,1769,20.3,Monocyte,Reporter.intensity.9,D8,10.2849517079345,dAL_1k_Proto29_64,D8,1.0,64.0
