"","UMAP_1","UMAP_2","clust","Condition","prot","ins1","Gcg","ins2","id","Raw.file","celltype","channel","Cell_type"
"1",-0.131365888728843,3.1351619448009,"2","wt",0.0508853154362343,1.52744014586595,0.0508853154362343,NA,"i100","XwAL00318","wt","Reporter.intensity.10","Beta 1"
"2",2.45840836225535,1.82948357718616,"5","ko",0.702525853572043,1.00118629597602,0.702525853572043,-0.13228078972417,"i1000","XwAL00367","ko","Reporter.intensity.10","Beta 1"
"3",-2.82041858972524,-2.13877432686658,"5","ko",-0.798100495323389,-0.178085063246807,-0.798100495323389,0.0192354542167985,"i1001","XwAL00367","ko","Reporter.intensity.11","Beta 1"
"4",-1.79222487749074,-7.72984712464185,"8","wt",-0.130331017445969,-0.444610721271679,-0.130331017445969,-0.0088500188304349,"i1002","XwAL00367","wt","Reporter.intensity.12","Vasculature"
"5",-2.17784106077169,-8.77254312378735,"8","wt",-0.00780890950879566,-0.429336563596768,-0.00780890950879566,-1.10355074162375,"i1003","XwAL00367","wt","Reporter.intensity.13","Vasculature"
"6",-4.36049103082632,-0.801458841985178,"5","wt",-0.0749301293059762,-0.0756945105111064,-0.0749301293059762,-0.281053373361147,"i1005","XwAL00367","wt","Reporter.intensity.15","Beta 1"
"7",1.64583659826304,4.4474018301311,"7","wt",0.0439109991343277,0.0755104688747923,0.0439109991343277,0.172463713881474,"i1006","XwAL00367","wt","Reporter.intensity.16","Beta 1"
"8",-2.00212644876455,-7.54019611222119,"8","wt",0.98373571818483,-3.05309213809934,0.98373571818483,0.129760729586734,"i1007","XwAL00367","wt","Reporter.intensity.17","Vasculature"
"9",-2.08250939191793,-2.46864860398145,"3","wt",-0.697616659715635,0.100787626011832,-0.697616659715635,-1.13082337052323,"i1008","XwAL00367","wt","Reporter.intensity.18","Beta 1"
"10",-3.04691528619741,-6.51883333069653,"9","wt",-0.242975999322279,-2.09134415765963,-0.242975999322279,NA,"i101","XwAL00318","wt","Reporter.intensity.11","Alpha"
"11",-1.55058740915273,-1.00688486439557,"6","wt",-1.00404452900573,-0.390863182182735,-1.00404452900573,0.00865985530150235,"i1013","XwAL00321","wt","Reporter.intensity.5","Beta 1"
"12",-3.68941759408926,-4.00499718529553,"3","wt",3.97285768249913,-1.1063037057678,3.97285768249913,0.638718743564068,"i1014","XwAL00321","wt","Reporter.intensity.6","Beta 1"
"13",-1.26509653867696,5.22086603301196,"4","wt",-0.415124740123397,1.08219280932182,-0.415124740123397,-0.264480594513449,"i1015","XwAL00321","wt","Reporter.intensity.7","Beta 1"
"14",8.08404851614024,-1.31792204720349,"0","wt",1.05153166959256,-1.5233845604221,1.05153166959256,-0.105533672683281,"i1016","XwAL00321","wt","Reporter.intensity.8","Beta 2"
"15",-2.71805500329946,0.602812239104796,"6","wt",-0.529232727602365,0.434348426595509,-0.529232727602365,-0.338469821305315,"i1017","XwAL00321","wt","Reporter.intensity.9","Beta 1"
"16",-3.85319756807302,0.628938385421324,"6","wt",-0.372248036138759,-1.00055011940201,-0.372248036138759,0.250357905425523,"i1018","XwAL00321","wt","Reporter.intensity.10","Beta 1"
"17",7.91855264364268,-0.744937038844537,"6","wt",0.409970891861182,-1.04875097094071,0.409970891861182,NA,"i102","XwAL00318","wt","Reporter.intensity.12","Beta 1"
"18",1.2198447054484,-1.65186791760297,"2","ko",-1.04583777600835,1.74232308582892,-1.04583777600835,-0.0871583433839265,"i1020","XwAL00321","ko","Reporter.intensity.12","Beta 1"
"19",-3.23374747575735,2.69411928313403,"7","ko",-0.318066451285343,-0.357197375185755,-0.318066451285343,0.277620927776311,"i1021","XwAL00321","ko","Reporter.intensity.13","Beta 1"
"20",-2.22008537591909,4.58913309233813,"1","ko",NA,0.259964868971584,NA,-0.601994789680978,"i1023","XwAL00321","ko","Reporter.intensity.15","Beta 1"
"21",-1.78423439802145,1.39350909846454,"4","wt",-1.09423199276263,-0.00746693425597039,-1.09423199276263,-0.290139668542343,"i1026","XwAL00321","wt","Reporter.intensity.18","Beta 1"
"22",-3.03888868631338,-0.654074116474104,"5","wt",-1.29695922269775,-1.38311359129672,-1.29695922269775,1.34984540472748,"i103","XwAL00318","wt","Reporter.intensity.13","Beta 1"
"23",6.28988862691905,1.12219304698138,"0","ko",-0.834616977752365,-0.244309950576687,-0.834616977752365,0.45406613375562,"i1031","XwAL00323","ko","Reporter.intensity.5","Beta 2"
"24",0.222803420410409,2.32393748419909,"2","ko",-1.05227403279374,2.05130630518475,-1.05227403279374,0.00440725940448664,"i1032","XwAL00323","ko","Reporter.intensity.6","Beta 1"
"25",1.92121411024119,1.77535779135852,"2","ko",-1.24106401333422,0.754716107107787,-1.24106401333422,0.655795639515249,"i1034","XwAL00323","ko","Reporter.intensity.8","Beta 1"
"26",6.57433629690196,1.25302238124042,"0","ko",-0.919099517638075,1.33152012024233,-0.919099517638075,-0.192635666340681,"i1035","XwAL00323","ko","Reporter.intensity.9","Beta 2"
"27",-0.654381132661448,3.04209453719287,"4","ko",-1.7205538282712,0.659178821052578,-1.7205538282712,0.829237063320998,"i1036","XwAL00323","ko","Reporter.intensity.10","Beta 1"
"28",-3.10793470682119,-1.57481317860455,"5","wt",-0.295025778633707,-0.881610999409505,-0.295025778633707,0.0236214237315963,"i1037","XwAL00323","wt","Reporter.intensity.11","Beta 1"
"29",-0.423786603822456,4.81149608748584,"1","wt",-0.321628249024465,0.57881548778802,-0.321628249024465,-0.440643537206991,"i1038","XwAL00323","wt","Reporter.intensity.12","Beta 1"
"30",-2.8325245314977,-1.60579018933148,"5","wt",1.07886983704278,-0.895887879579286,1.07886983704278,-0.296924865822767,"i1039","XwAL00323","wt","Reporter.intensity.13","Beta 1"
"31",7.35046983419444,0.143888601237822,"0","ko",-0.591001284683871,-0.766860429735326,-0.591001284683871,NA,"i104","XwAL00318","ko","Reporter.intensity.14","Beta 2"
"32",-2.96937441171621,-6.62695854050488,"9","wt",5.15804688949646,-3.1819150735991,5.15804688949646,NA,"i1041","XwAL00323","wt","Reporter.intensity.15","Alpha"
"33",-3.92945455850576,-3.6415440355,"3","wt",0.0150416360042322,-1.41730427568666,0.0150416360042322,-0.0541821430878652,"i1042","XwAL00323","wt","Reporter.intensity.16","Beta 1"
"34",0.582035667286172,-0.778035542791795,"2","ko",0.132352266994651,1.6255510999084,0.132352266994651,-0.311389635185052,"i1044","XwAL00323","ko","Reporter.intensity.18","Beta 1"
"35",-1.10433306635831,3.06136090415149,"4","ko",-0.621417544971788,0.957738245647747,-0.621417544971788,0.614654168582436,"i105","XwAL00318","ko","Reporter.intensity.15","Beta 1"
"36",-2.08341752828573,-8.19855277878613,"8","wt",0.00752611951450323,-1.20449391370259,0.00752611951450323,-0.425289169471881,"i1050","XwAL00355","wt","Reporter.intensity.6","Vasculature"
"37",-3.05785321535085,4.51325304167895,"6","wt",-0.615158261720399,-0.409919738739015,-0.615158261720399,-0.037088012003696,"i1051","XwAL00355","wt","Reporter.intensity.7","Beta 1"
"38",-2.41910874189352,-3.85346691948743,"4","wt",1.22483484228775,0.433743992315665,1.22483484228775,-0.482613310809524,"i1052","XwAL00355","wt","Reporter.intensity.8","Beta 1"
"39",-4.40747284234975,-2.81687205178113,"3","wt",1.77334922560301,-0.739641627561546,1.77334922560301,-0.077227582958628,"i1053","XwAL00355","wt","Reporter.intensity.9","Beta 1"
"40",-4.81696819604848,-1.36714958292813,"3","wt",-0.216243293633402,-0.979944573708221,-0.216243293633402,-0.127269004979307,"i1054","XwAL00355","wt","Reporter.intensity.10","Beta 1"
"41",-3.73385500253652,-3.49976008278699,"3","wt",-0.861599998962723,-1.38533483595361,-0.861599998962723,0.50705988398184,"i1056","XwAL00355","wt","Reporter.intensity.12","Beta 1"
"42",4.71720004735972,1.59896905081897,"0","ko",1.12661817091202,0.36834432334528,1.12661817091202,0.197901537956921,"i1057","XwAL00355","ko","Reporter.intensity.13","Beta 2"
"43",2.05016446767832,0.951527902061034,"2","ko",-0.488874852611512,1.10286790087735,-0.488874852611512,-0.0727565484172844,"i1058","XwAL00355","ko","Reporter.intensity.14","Beta 1"
"44",1.34243322073008,-0.61894278494091,"2","ko",-0.693722278593548,1.10250696120902,-0.693722278593548,1.11597430200096,"i1059","XwAL00355","ko","Reporter.intensity.15","Beta 1"
"45",-3.30682753862356,-0.647257695769977,"4","ko",0.136468728624764,-1.1157319672952,0.136468728624764,0.4251978321749,"i106","XwAL00318","ko","Reporter.intensity.16","Beta 1"
"46",-2.17277192415212,-2.6270221982655,"3","ko",-0.193987090634605,0.820673009643988,-0.193987090634605,NA,"i1061","XwAL00355","ko","Reporter.intensity.17","Beta 1"
"47",-0.85790600718473,5.57651645796924,"1","ko",-0.994734561208803,0.882879420977766,-0.994734561208803,-0.571536151246328,"i1062","XwAL00355","ko","Reporter.intensity.18","Beta 1"
"48",-1.9387234383962,-7.88044755799146,"8","wt",-0.187108723973277,-0.565252984744944,-0.187108723973277,0.518328391801859,"i1067","XwAL00356","wt","Reporter.intensity.5","Vasculature"
"49",-3.37482809366201,-1.65207045418591,"5","wt",-1.35715369147413,-0.841478554827711,-1.35715369147413,1.30518600017575,"i1068","XwAL00356","wt","Reporter.intensity.6","Beta 1"
"50",-1.96203624547933,-3.50604575020642,"3","wt",-0.0549969746098464,-0.682301336452018,-0.0549969746098464,-0.654720363790721,"i1069","XwAL00356","wt","Reporter.intensity.7","Beta 1"
"51",2.09410811124827,1.43968398230701,"2","ko",0.380235899853646,1.77196612773585,0.380235899853646,0.611649624645067,"i107","XwAL00318","ko","Reporter.intensity.17","Beta 1"
"52",1.77956963239695,5.3696921552959,"7","wt",-0.195650600831586,0.0272994370093415,-0.195650600831586,-0.00498232954995829,"i1070","XwAL00356","wt","Reporter.intensity.8","Beta 1"
"53",-5.11256384195303,0.296587952548552,"7","wt",0.975756394711239,-0.520871410679141,0.975756394711239,-0.208999692193984,"i1072","XwAL00356","wt","Reporter.intensity.10","Beta 1"
"54",1.47326827703501,4.3909733976665,"7","wt",1.0333100977856,-0.180327253970042,1.0333100977856,-0.598915042168243,"i1073","XwAL00356","wt","Reporter.intensity.11","Beta 1"
"55",0.835433489666238,6.29285127776294,"7","ko",0.0315307882692074,0.185055930266779,0.0315307882692074,-0.195507803057765,"i1074","XwAL00356","ko","Reporter.intensity.12","Beta 1"
"56",0.333740836963906,5.34105474608569,"1","ko",0.10312386447983,0.721074957321222,0.10312386447983,1.30748726339406,"i1075","XwAL00356","ko","Reporter.intensity.13","Beta 1"
"57",2.45429111181284,1.42334396498828,"5","ko",1.06420649814646,0.906726097028771,1.06420649814646,0.0682933825454728,"i1076","XwAL00356","ko","Reporter.intensity.14","Beta 1"
"58",-1.95029746831869,-2.93377750260205,"3","ko",-1.11180123239073,0.0553661923107279,-1.11180123239073,-0.548777945336813,"i1077","XwAL00356","ko","Reporter.intensity.15","Beta 1"
"59",4.97884584127451,0.0946548070254806,"3","ko",0.420309529876955,0.797531945407494,0.420309529876955,-1.25802804279724,"i1078","XwAL00356","ko","Reporter.intensity.16","Beta 1"
"60",-1.57224016727422,-8.5364939485249,"8","ko",-0.589003469937677,0.395345513069291,-0.589003469937677,0.492995997198288,"i1079","XwAL00356","ko","Reporter.intensity.17","Vasculature"
"61",0.839305526600136,0.53432447569995,"2","ko",-0.247361937052652,0.432647971272515,-0.247361937052652,0.774175277140166,"i1085","XwAL00360","ko","Reporter.intensity.5","Beta 1"
"62",5.75406766592051,0.919728585654784,"0","ko",-0.302743405874377,-0.516013806510289,-0.302743405874377,-0.337557780426983,"i1086","XwAL00360","ko","Reporter.intensity.6","Beta 2"
"63",1.34166145978953,5.86059076445727,"1","ko",-0.12943002904351,0.125732226528363,-0.12943002904351,-0.0127970001407905,"i1087","XwAL00360","ko","Reporter.intensity.7","Beta 1"
"64",2.27264357267405,3.63050586836963,"7","ko",0.0770699219298766,0.194065467645082,0.0770699219298766,-0.578359142497685,"i1088","XwAL00360","ko","Reporter.intensity.8","Beta 1"
"65",-2.73373531640981,-6.71913688523145,"9","ko",0.412846459335623,-3.13838954361755,0.412846459335623,0.642290831938798,"i1089","XwAL00360","ko","Reporter.intensity.9","Delta"
"66",0.398202902660622,6.2564838613811,"1","wt",-0.217766363762456,0.383211480149149,-0.217766363762456,-0.93747541796125,"i1090","XwAL00360","wt","Reporter.intensity.10","Beta 1"
"67",1.91716981588389,2.49682767050891,"5","wt",-0.195390459217318,0.486618455811652,-0.195390459217318,-0.406291281403915,"i1091","XwAL00360","wt","Reporter.intensity.11","Beta 1"
"68",-3.98743461908315,-0.77169019622178,"5","wt",0.98151243730052,-0.170207428555221,0.98151243730052,0.816769787734805,"i1092","XwAL00360","wt","Reporter.intensity.12","Beta 1"
"69",1.86175180135752,4.50164110320239,"7","wt",0.18761942901668,0.629277271920128,0.18761942901668,0.444174512263716,"i1093","XwAL00360","wt","Reporter.intensity.13","Beta 1"
"70",-1.54131739677404,-2.39282315117688,"3","wt",1.05441901161819,0.527673433267805,1.05441901161819,-0.540656347343129,"i1094","XwAL00360","wt","Reporter.intensity.14","Beta 1"
"71",-1.74407648385976,-8.71468370301099,"8","wt",-0.955783915113745,0.197139221264347,-0.955783915113745,0.424118891210599,"i1095","XwAL00360","wt","Reporter.intensity.15","Vasculature"
"72",-1.93116282762502,-8.6848642144856,"8","wt",0.473540748412974,-0.334552388769999,0.473540748412974,-0.203938994254245,"i1096","XwAL00360","wt","Reporter.intensity.16","Vasculature"
"73",1.88942599950816,3.53698713439136,"1","ko",0.618056832722404,1.10771015112627,0.618056832722404,0.620379862011303,"i1097","XwAL00360","ko","Reporter.intensity.17","Beta 1"
"74",1.66375828443552,2.85000831740527,"7","ko",-1.56458841712225,0.460341528586566,-1.56458841712225,-0.408022659591461,"i1098","XwAL00360","ko","Reporter.intensity.18","Beta 1"
"75",0.243775255069985,0.0131705488505843,"4","ko",-0.986006644251576,0.605433189664074,-0.986006644251576,1.07986018575082,"i11","XwAL00313","ko","Reporter.intensity.11","Beta 1"
"76",-0.6645393576241,3.1590831960979,"1","ko",-0.800434234583378,1.80761913529537,-0.800434234583378,1.49686205326185,"i1104","XwAL00370","ko","Reporter.intensity.6","Beta 1"
"77",1.54018593488718,5.5827892507854,"7","ko",0.0225763035159073,0.172462131971081,0.0225763035159073,0.399585941385303,"i1105","XwAL00370","ko","Reporter.intensity.7","Beta 1"
"78",-0.952101581706748,5.08558828490405,"1","ko",0.221983496265903,0.321142575180747,0.221983496265903,0.3099304809918,"i1106","XwAL00370","ko","Reporter.intensity.8","Beta 1"
"79",-1.68617700876211,1.95050389426379,"6","wt",1.08117864974883,0.694348315972196,1.08117864974883,-0.921744081825083,"i1107","XwAL00370","wt","Reporter.intensity.9","Beta 1"
"80",-4.00795292200063,-3.7347099099812,"3","wt",0.374153218202018,-1.90291571968939,0.374153218202018,-0.224834422876546,"i1108","XwAL00370","wt","Reporter.intensity.10","Beta 1"
"81",-4.31087779344533,-2.75357120377393,"3","wt",1.06211532840193,-0.475864158253103,1.06211532840193,0.184056422501513,"i1109","XwAL00370","wt","Reporter.intensity.11","Beta 1"
"82",8.59199357687022,-1.39914929015012,"0","wt",0.270612119132316,-2.01526490353041,0.270612119132316,-0.0475432175427387,"i1110","XwAL00370","wt","Reporter.intensity.12","Beta 2"
"83",-2.83744811357473,-1.69348245007367,"6","wt",-1.26974195459778,0.286741288900379,-1.26974195459778,-1.24156752902639,"i1111","XwAL00370","wt","Reporter.intensity.13","Beta 1"
"84",-2.91808628381704,-4.12655489785047,"3","wt",-0.782041581362834,-1.07777902593776,-0.782041581362834,0.267768758782969,"i1112","XwAL00370","wt","Reporter.intensity.14","Beta 1"
"85",-1.88558303655599,1.31892735617785,"4","wt",-1.20805091084828,0.149334512588702,-1.20805091084828,-0.26047871859784,"i1113","XwAL00370","wt","Reporter.intensity.15","Beta 1"
"86",1.37696815191294,-0.777948683923196,"2","ko",-0.191584201545672,0.664496112926932,-0.191584201545672,-0.210258505680523,"i1114","XwAL00370","ko","Reporter.intensity.16","Beta 1"
"87",-0.952098154439674,2.3406325067821,"1","ko",1.06242380021024,0.92817718621174,1.06242380021024,-0.0662428662289853,"i1116","XwAL00370","ko","Reporter.intensity.18","Beta 1"
"88",2.54700828252818,1.57179028647571,"2","ko",-1.01044658557849,0.607939702672171,-1.01044658557849,0.90203517912868,"i1121","XwAL00378","ko","Reporter.intensity.5","Beta 1"
"89",1.01142490564372,3.50252849715381,"1","ko",-0.707943971883657,0.942209417065203,-0.707943971883657,-0.271166663051565,"i1122","XwAL00378","ko","Reporter.intensity.6","Beta 1"
"90",2.83901882825877,0.722843119079161,"2","ko",-1.19209152022427,0.587142773369118,-1.19209152022427,-0.156781761126787,"i1123","XwAL00378","ko","Reporter.intensity.7","Beta 1"
"91",-1.63405715764974,-8.61348455292554,"8","ko",-0.397940140933391,0.208055537785493,-0.397940140933391,0.301644463047247,"i1124","XwAL00378","ko","Reporter.intensity.8","Vasculature"
"92",3.52868295370127,1.88462812560229,"2","ko",-0.961178204426827,0.793266783761057,-0.961178204426827,-0.342250916261225,"i1125","XwAL00378","ko","Reporter.intensity.9","Beta 1"
"93",-3.72480677904104,-1.74294333798261,"5","wt",0.228814483488064,-0.475512053416401,0.228814483488064,-0.156788438490703,"i1126","XwAL00378","wt","Reporter.intensity.10","Beta 1"
"94",1.25157380758311,4.13722307341723,"7","wt",0.214043236207365,0.308533002798959,0.214043236207365,0.145829073971288,"i1127","XwAL00378","wt","Reporter.intensity.11","Beta 1"
"95",1.85103750883128,2.79184705870776,"7","wt",-0.184707213894864,-0.213198146466102,-0.184707213894864,0.121979219320018,"i1128","XwAL00378","wt","Reporter.intensity.12","Beta 1"
"96",1.18054962812449,5.79242450850635,"1","wt",-0.10203014429206,0.422783679262019,-0.10203014429206,-0.27033534743019,"i1131","XwAL00378","wt","Reporter.intensity.15","Beta 1"
"97",-1.79399751962637,-8.04543893677564,"8","wt",0.0676053304571809,-0.615758955546065,0.0676053304571809,1.15862925333674,"i1132","XwAL00378","wt","Reporter.intensity.16","Vasculature"
"98",-2.67389559091543,-6.38844602448316,"9","ko",4.31038852675179,-1.92093641527244,4.31038852675179,-0.96218284850358,"i1134","XwAL00378","ko","Reporter.intensity.18","Delta"
"99",1.32784629522349,0.498875090056944,"2","ko",-0.566210971308572,0.168573947260557,-0.566210971308572,1.397363867442,"i1139","XwAL00379","ko","Reporter.intensity.5","Beta 1"
"100",-2.83701156915639,-6.84081333023877,"8","wt",-0.146257725376147,-1.18389046198128,-0.146257725376147,-0.431237257334909,"i114","XwAL00319","wt","Reporter.intensity.6","Vasculature"
"101",-4.04780768693899,-3.83034842354627,"3","ko",2.80908121705857,-2.43920597125987,2.80908121705857,-0.827775287582813,"i1140","XwAL00379","ko","Reporter.intensity.6","Beta 1"
"102",-0.000864141597495371,2.87342030661731,"1","ko",0.0205785689336786,0.0510641606168326,0.0205785689336786,0.274034661899853,"i1141","XwAL00379","ko","Reporter.intensity.7","Beta 1"
"103",2.77881169973399,2.33535868781238,"7","ko",0.408037051906671,1.06837848392764,0.408037051906671,0.451633687033006,"i1142","XwAL00379","ko","Reporter.intensity.8","Beta 1"
"104",-1.54650633872961,-3.29031508309216,"3","wt",-0.440052646649364,-0.138662021579858,-0.440052646649364,0.577977185462908,"i1143","XwAL00379","wt","Reporter.intensity.9","Beta 1"
"105",-4.16689943613027,-1.64659302574964,"6","wt",-0.97079779407005,-0.164798949467341,-0.97079779407005,0.697982559504164,"i1144","XwAL00379","wt","Reporter.intensity.10","Beta 1"
"106",-3.36566185296987,-1.85374813420148,"5","wt",-0.142401682671027,-0.013920191034702,-0.142401682671027,-0.0158506581482449,"i1145","XwAL00379","wt","Reporter.intensity.11","Beta 1"
"107",-3.28008555711721,-1.99313228470654,"5","wt",-0.0869142735182798,0.0410830409932266,-0.0869142735182798,-0.181669398258643,"i1146","XwAL00379","wt","Reporter.intensity.12","Beta 1"
"108",0.77353788076426,2.99653894560962,"1","wt",2.6414403987772,0.652907787697857,2.6414403987772,-0.908729529351336,"i1147","XwAL00379","wt","Reporter.intensity.13","Beta 1"
"109",0.926660901890053,5.41551763671069,"7","wt",-0.604610418608545,0.329360529404923,-0.604610418608545,-0.383838253980144,"i1148","XwAL00379","wt","Reporter.intensity.14","Beta 1"
"110",-0.0928704077145913,4.01264364379077,"7","wt",-0.0970651009617201,0.186561884922314,-0.0970651009617201,0.0430130466489826,"i1149","XwAL00379","wt","Reporter.intensity.15","Beta 1"
"111",-0.0680974656483987,4.18621093886523,"7","wt",-0.501883550443562,0.387917976400372,-0.501883550443562,NA,"i115","XwAL00319","wt","Reporter.intensity.7","Beta 1"
"112",6.82894349752451,-1.42581414324613,"0","ko",-0.630334772116661,1.36225679009355,-0.630334772116661,0.0192057173541991,"i1150","XwAL00379","ko","Reporter.intensity.16","Beta 2"
"113",-2.4386435681722,-9.60316293579907,"8","ko",-1.76631402406051,-0.376633664855452,-1.76631402406051,0.252352594118488,"i1151","XwAL00379","ko","Reporter.intensity.17","Vasculature"
"114",-2.48541676343893,-9.61230771881909,"8","ko",-0.547643380842168,-0.506919927881523,-0.547643380842168,-1.26409779474314,"i1152","XwAL00379","ko","Reporter.intensity.18","Vasculature"
"115",1.161726719723,0.827373095923949,"5","ko",-0.582370720742545,0.527445229216955,-0.582370720742545,0.341401654311162,"i1157","XwAL00381","ko","Reporter.intensity.5","Beta 1"
"116",1.54671788869883,4.6173990454021,"7","wt",-0.260727001734505,-0.0582624686348813,-0.260727001734505,0.139773292367624,"i1159","XwAL00381","wt","Reporter.intensity.7","Beta 1"
"117",-2.13485144914602,-8.48075454575391,"8","wt",-0.285411006733441,-0.0658456994477301,-0.285411006733441,NA,"i116","XwAL00319","wt","Reporter.intensity.8","Vasculature"
"118",0.794195658550515,5.45192939894824,"7","wt",-0.338640790648568,0.980687085944996,-0.338640790648568,-0.366241409150078,"i1160","XwAL00381","wt","Reporter.intensity.8","Beta 1"
"119",-4.13902901948904,-1.36813055617185,"6","wt",-0.0242816976808415,-0.756162757572203,-0.0242816976808415,0.270431494055997,"i1161","XwAL00381","wt","Reporter.intensity.9","Beta 1"
"120",-3.18862056077932,-4.01733606201978,"3","wt",0.732717010966498,-0.913089691491865,0.732717010966498,0.682389808039958,"i1162","XwAL00381","wt","Reporter.intensity.10","Beta 1"
"121",1.98224902807261,1.04427189486651,"5","wt",0.0751290068192619,0.556406917938108,0.0751290068192619,-0.0749473724337528,"i1163","XwAL00381","wt","Reporter.intensity.11","Beta 1"
"122",-2.56623386682485,-9.53251760346265,"8","wt",-0.0175569017564571,-0.362069781302241,-0.0175569017564571,-1.63633125024841,"i1164","XwAL00381","wt","Reporter.intensity.12","Vasculature"
"123",6.14340758977915,-0.219695619171571,"0","wt",-1.2582687235984,-0.137727821081647,-1.2582687235984,-0.201594624465028,"i1165","XwAL00381","wt","Reporter.intensity.13","Beta 2"
"124",-0.467310124053703,-1.17675732714505,"2","ko",0.180412141934697,0.228267449779569,0.180412141934697,-0.195321259783642,"i1166","XwAL00381","ko","Reporter.intensity.14","Beta 1"
"125",-1.66372823060964,3.25925357001452,"1","ko",0.228768014216323,0.639160477714041,0.228768014216323,-0.0496687837405849,"i1167","XwAL00381","ko","Reporter.intensity.15","Beta 1"
"126",8.59489083944346,-1.49110805136533,"0","ko",0.531682368341897,-0.497554741298001,0.531682368341897,0.442391504153608,"i1168","XwAL00381","ko","Reporter.intensity.16","Beta 2"
"127",-0.818481692089782,3.80478031294971,"1","ko",0.827368362615546,0.344220852518241,0.827368362615546,0.487085717095519,"i1169","XwAL00381","ko","Reporter.intensity.17","Beta 1"
"128",-2.4421003991506,-8.62081735474439,"8","wt",-0.128327284198049,0.814701071259886,-0.128327284198049,-0.0163301872921814,"i117","XwAL00319","wt","Reporter.intensity.9","Vasculature"
"129",0.875186569080605,3.17410452025561,"7","ko",-0.0588531344040538,-0.564662244369222,-0.0588531344040538,0.169586418194459,"i1170","XwAL00381","ko","Reporter.intensity.18","Beta 1"
"130",-0.921477892412887,-0.0471408281979081,"4","wt",0.051621773700329,-0.16384390841288,0.051621773700329,0.192165175177348,"i1176","XwAL00382","wt","Reporter.intensity.6","Beta 1"
"131",-1.67027359546636,-3.98889534813733,"3","wt",0.226109260953599,-0.2857924926537,0.226109260953599,0.464443374904822,"i1177","XwAL00382","wt","Reporter.intensity.7","Beta 1"
"132",-2.98360561670278,-0.483346446281385,"6","wt",-0.901537620750176,-0.492922075520264,-0.901537620750176,0.292855656804575,"i1178","XwAL00382","wt","Reporter.intensity.8","Beta 1"
"133",-5.14303659738515,0.370514758998442,"6","wt",0.177486363690725,-0.054436767762621,0.177486363690725,-1.18319077814711,"i1179","XwAL00382","wt","Reporter.intensity.9","Beta 1"
"134",-3.1655585700414,3.73598940032153,"1","wt",-0.0102098261202281,-0.337403535010085,-0.0102098261202281,NA,"i118","XwAL00319","wt","Reporter.intensity.10","Beta 1"
"135",-2.66871809305166,-4.06128828865857,"3","wt",0.649181313955567,-0.476230633259493,0.649181313955567,-0.227578921251399,"i1180","XwAL00382","wt","Reporter.intensity.10","Beta 1"
"136",-1.67456799091314,2.95264918463855,"5","wt",-0.517213563431722,0.300389028917622,-0.517213563431722,-0.154393592234293,"i1182","XwAL00382","wt","Reporter.intensity.12","Beta 1"
"137",0.575833327160134,3.6755741323772,"5","ko",-0.578468897755872,0.298458521847085,-0.578468897755872,0.145532129484062,"i1183","XwAL00382","ko","Reporter.intensity.13","Beta 1"
"138",-0.152987235202537,-2.1019852672276,"2","ko",0.453287925963384,0.716143376121793,0.453287925963384,0.745016714381467,"i1184","XwAL00382","ko","Reporter.intensity.14","Beta 1"
"139",-2.11051821054433,-7.23809450013013,"3","ko",0.350310308813131,-0.153895380908036,0.350310308813131,-0.318619279384898,"i1185","XwAL00382","ko","Reporter.intensity.15","Beta 1"
"140",-1.12720727266286,4.76728660720019,"1","ko",0.155040584820868,0.670385405619715,0.155040584820868,-0.27913602407109,"i1187","XwAL00382","ko","Reporter.intensity.17","Beta 1"
"141",7.39501596151377,0.468761154586363,"0","ko",-0.170905300985502,-0.539670027263057,-0.170905300985502,0.17642205801755,"i1188","XwAL00382","ko","Reporter.intensity.18","Beta 2"
"142",-3.78373503030752,-1.00472830874295,"5","wt",0.546060666879709,-0.748278696881442,0.546060666879709,NA,"i119","XwAL00319","wt","Reporter.intensity.11","Beta 1"
"143",1.41236186681773,4.43120844023852,"7","ko",-0.166285524625905,-0.411582278254617,-0.166285524625905,0.165064762496557,"i1193","XwAL00350","ko","Reporter.intensity.5","Beta 1"
"144",-2.80721115411733,-6.43846147400708,"9","ko",3.68534018927624,-2.76353257879121,3.68534018927624,0.547854861555199,"i1194","XwAL00350","ko","Reporter.intensity.6","Delta"
"145",2.18949342428233,5.1395199980083,"2","ko",0.768599975077088,1.05052451961068,0.768599975077088,0.405824246211959,"i1195","XwAL00350","ko","Reporter.intensity.7","Beta 1"
"146",2.15530324636485,3.55058033126025,"7","ko",0.879466217197306,0.627285178142932,0.879466217197306,-0.145914998511748,"i1196","XwAL00350","ko","Reporter.intensity.8","Beta 1"
"147",-0.929816477908836,5.38100416319995,"1","ko",-1.36121190592299,0.270273551279281,-1.36121190592299,-0.293454706353927,"i1198","XwAL00350","ko","Reporter.intensity.10","Beta 1"
"148",2.68230271993662,1.10359496729999,"5","wt",-1.26662393103654,1.01526506563403,-1.26662393103654,-0.329114913517916,"i1199","XwAL00350","wt","Reporter.intensity.11","Beta 1"
"149",-4.02206944765066,2.52514679091601,"6","wt",-0.781575748076326,-0.0957068556308093,-0.781575748076326,-0.99609419128173,"i12","XwAL00313","wt","Reporter.intensity.12","Beta 1"
"150",1.15195215402628,4.00541908400683,"7","wt",-0.0203011305881861,-0.029067079005903,-0.0203011305881861,-0.237067419760095,"i120","XwAL00319","wt","Reporter.intensity.12","Beta 1"
"151",-1.86329566778158,-8.81717889649243,"8","wt",0.764596682673043,0.677787786206224,0.764596682673043,0.74436513234025,"i1200","XwAL00350","wt","Reporter.intensity.12","Vasculature"
"152",2.04449415861155,3.87125522750049,"7","wt",-1.411417901071,0.328720943610961,-1.411417901071,-0.124993846883253,"i1201","XwAL00350","wt","Reporter.intensity.13","Beta 1"
"153",-2.90403675378774,4.59905368941455,"6","wt",0.41030468643224,-0.488165861116272,0.41030468643224,-0.337173492663936,"i1202","XwAL00350","wt","Reporter.intensity.14","Beta 1"
"154",-2.2596737080953,-2.21980767590375,"3","wt",0.796615899051368,0.0604856906245833,0.796615899051368,0.0872510609495657,"i1203","XwAL00350","wt","Reporter.intensity.15","Beta 1"
"155",-2.55069541276907,-2.58101396900983,"3","wt",-1.24965017277965,-0.574577001498861,-1.24965017277965,-0.233103813859317,"i1204","XwAL00350","wt","Reporter.intensity.16","Beta 1"
"156",-1.8838534289739,-2.77104156357617,"3","wt",-1.54105693528956,0.068747735209195,-1.54105693528956,-0.106557129849281,"i1205","XwAL00350","wt","Reporter.intensity.17","Beta 1"
"157",0.354195362911477,5.04232818740039,"1","ko",-0.202460751531982,0.196264349825682,-0.202460751531982,-0.300253380396424,"i1206","XwAL00350","ko","Reporter.intensity.18","Beta 1"
"158",0.985805398807778,1.18623919146686,"2","ko",-0.012331605407785,1.31701859226281,-0.012331605407785,0.426233801152584,"i121","XwAL00319","ko","Reporter.intensity.13","Beta 1"
"159",-3.00669407190298,3.46650344985156,"1","wt",-0.881044357618647,-0.741336700840698,-0.881044357618647,-0.776373626631168,"i1212","XwAL00373","wt","Reporter.intensity.6","Beta 1"
"160",-3.01198338808034,1.61853773253589,"5","wt",0.299147134034105,-1.35858703267799,0.299147134034105,NA,"i1213","XwAL00373","wt","Reporter.intensity.7","Beta 1"
"161",1.28944969831492,1.75466830390124,"5","wt",-0.115348870943463,0.269425145291911,-0.115348870943463,-0.195847231480146,"i1214","XwAL00373","wt","Reporter.intensity.8","Beta 1"
"162",-1.86191057504629,-0.336456916159105,"5","wt",0.489120832070358,-0.0152669999781561,0.489120832070358,-0.694620145953312,"i1215","XwAL00373","wt","Reporter.intensity.9","Beta 1"
"163",-2.68623685182546,-8.75620477539868,"8","wt",0.893068149102876,0.113041740335349,0.893068149102876,0.423374852560551,"i1216","XwAL00373","wt","Reporter.intensity.10","Vasculature"
"164",-2.87834905923818,-6.86482494217725,"9","wt",-0.790635405195169,-1.95771560092284,-0.790635405195169,-1.00548424874,"i1217","XwAL00373","wt","Reporter.intensity.11","Delta"
"165",-3.14773821176504,-3.83731906754346,"3","wt",0.549690207386968,-0.895808970256279,0.549690207386968,-0.0591207947662715,"i1218","XwAL00373","wt","Reporter.intensity.12","Beta 1"
"166",-1.49048512519811,3.63704378264575,"1","ko",-0.779232211845489,0.889433950517546,-0.779232211845489,1.50652061692128,"i1219","XwAL00373","ko","Reporter.intensity.13","Beta 1"
"167",6.4212048119166,1.08789760726123,"0","ko",-0.273199516739122,-0.469108134543173,-0.273199516739122,NA,"i122","XwAL00319","ko","Reporter.intensity.14","Beta 2"
"168",5.68853355108286,0.0228802050891402,"0","ko",0.330408578306941,1.9877932774438,0.330408578306941,2.31656890860293,"i1220","XwAL00373","ko","Reporter.intensity.14","Beta 2"
"169",5.76269460378672,1.13870079177051,"0","ko",0.195283946075226,0.94678379942134,0.195283946075226,-0.60993819553872,"i1222","XwAL00373","ko","Reporter.intensity.16","Beta 2"
"170",1.49494982419993,2.48133809226184,"1","ko",0.236574092726095,0.83569898241016,0.236574092726095,-0.789576461223985,"i1223","XwAL00373","ko","Reporter.intensity.17","Beta 1"
"171",6.16448856054331,-0.00910597187848061,"0","ko",-0.306644468859654,-0.243766546406771,-0.306644468859654,NA,"i1224","XwAL00373","ko","Reporter.intensity.18","Beta 2"
"172",-2.63545536340688,3.53244812148242,"1","wt",-0.902876247741584,-0.326255591958755,-0.902876247741584,-1.08627635772527,"i1229","XwAL00374","wt","Reporter.intensity.5","Beta 1"
"173",-2.26496445478414,-1.52833973509641,"5","ko",-0.676713158977977,0.708816544988406,-0.676713158977977,0.35838083418314,"i123","XwAL00319","ko","Reporter.intensity.15","Beta 1"
"174",-2.53551339448904,-0.817614278620195,"5","wt",0.846841246443998,-0.085851635836223,0.846841246443998,-0.286679681252153,"i1230","XwAL00374","wt","Reporter.intensity.6","Beta 1"
"175",-2.27779506982778,2.87151558058887,"6","wt",-0.324670553964452,0.309936601913743,-0.324670553964452,-0.17630517938988,"i1231","XwAL00374","wt","Reporter.intensity.7","Beta 1"
"176",-4.20830654443716,-3.85936634880872,"3","wt",0.493758925214519,-0.338040902558567,0.493758925214519,-0.167634460138229,"i1234","XwAL00374","wt","Reporter.intensity.10","Beta 1"
"177",-0.574970402731643,0.665578552657652,"4","wt",0.238217517016007,-0.204016826627536,0.238217517016007,-0.743334150414774,"i1235","XwAL00374","wt","Reporter.intensity.11","Beta 1"
"178",6.94477391897227,0.165206798488188,"0","ko",-0.224685471049992,-0.144400990852343,-0.224685471049992,0.151217722572372,"i1236","XwAL00374","ko","Reporter.intensity.12","Beta 2"
"179",0.542284614429726,-0.911693206852388,"2","ko",0.244871990159716,0.346485051737318,0.244871990159716,1.7212516426355,"i1237","XwAL00374","ko","Reporter.intensity.13","Beta 1"
"180",-1.20683460773443,3.90301067488818,"6","ko",0.708397325033069,-0.1705795601353,0.708397325033069,0.39285813216577,"i1238","XwAL00374","ko","Reporter.intensity.14","Beta 1"
"181",7.25406909643198,-0.781524649685335,"0","ko",-1.44850256338892,-0.255848394892954,-1.44850256338892,0.136706045279823,"i1239","XwAL00374","ko","Reporter.intensity.15","Beta 2"
"182",1.28151274381663,-0.147423527067613,"2","ko",-0.596463294135661,0.21165750926762,-0.596463294135661,NA,"i124","XwAL00319","ko","Reporter.intensity.16","Beta 1"
"183",-0.390356951369987,-2.93379204613538,"2","ko",0.0260145258093337,0.780738271421344,0.0260145258093337,0.0637187034334644,"i1240","XwAL00374","ko","Reporter.intensity.16","Beta 1"
"184",1.41590285955454,5.36857492583423,"7","ko",0.178514767078576,0.303726968741766,0.178514767078576,0.0364564617128101,"i1241","XwAL00374","ko","Reporter.intensity.17","Beta 1"
"185",0.586505181179299,-2.00594811779828,"2","ko",-1.90187342692277,0.636169413244913,-1.90187342692277,2.22160103200182,"i1247","XwAL00380","ko","Reporter.intensity.5","Beta 1"
"186",2.53453255353953,1.63626415389209,"5","ko",-0.740133313794996,1.06102784205837,-0.740133313794996,-0.398331574488469,"i1248","XwAL00380","ko","Reporter.intensity.6","Beta 1"
"187",1.71810746847178,-1.34316461426587,"2","ko",-0.0342184605446413,1.42010527649004,-0.0342184605446413,0.110109602097731,"i1249","XwAL00380","ko","Reporter.intensity.7","Beta 1"
"188",6.10577464757945,0.350545057231474,"0","ko",1.4302763111784,-0.964954074088315,1.4302763111784,0.317701770340132,"i125","XwAL00319","ko","Reporter.intensity.17","Beta 2"
"189",0.145148403034463,6.00886613982348,"7","wt",-0.046229171480253,0.950806075078436,-0.046229171480253,-0.66460258860095,"i1250","XwAL00380","wt","Reporter.intensity.8","Beta 1"
"190",-1.36460041345571,-3.88001840454907,"3","wt",-0.222357083132674,-0.251920661575302,-0.222357083132674,-0.927518703494202,"i1251","XwAL00380","wt","Reporter.intensity.9","Beta 1"
"191",-0.591006339504466,5.73830492156177,"6","wt",-0.377798823975081,0.278091884263829,-0.377798823975081,-0.651963423234766,"i1252","XwAL00380","wt","Reporter.intensity.10","Beta 1"
"192",2.32625246702219,3.1618166651073,"6","wt",-0.394761983211508,0.140647196302495,-0.394761983211508,-0.262186713302571,"i1253","XwAL00380","wt","Reporter.intensity.11","Beta 1"
"193",0.616158611164345,5.34899170058398,"7","wt",-1.83677713287428,-0.228570006000614,-1.83677713287428,0.695599039375902,"i1254","XwAL00380","wt","Reporter.intensity.12","Beta 1"
"194",1.44429183660532,3.26385433333545,"5","wt",-1.44532296075152,0.308717731251261,-1.44532296075152,-1.2183397446472,"i1255","XwAL00380","wt","Reporter.intensity.13","Beta 1"
"195",-1.97690951169942,-4.33265107018323,"3","wt",0.402103058660426,0.41961342125736,0.402103058660426,0.972893504884024,"i1256","XwAL00380","wt","Reporter.intensity.14","Beta 1"
"196",-1.97737204374288,4.42398912566333,"1","ko",0.514880902446886,-0.0818634657988257,0.514880902446886,0.0452747581615562,"i1257","XwAL00380","ko","Reporter.intensity.15","Beta 1"
"197",-4.15200495065664,-3.4304627690968,"3","ko",2.34857583545643,-1.76952448479778,2.34857583545643,0.662746383401212,"i1258","XwAL00380","ko","Reporter.intensity.16","Beta 1"
"198",-2.22639214338277,-7.15147226197095,"9","ko",4.26802073318165,-2.88537862748257,4.26802073318165,-0.0449752081007735,"i1259","XwAL00380","ko","Reporter.intensity.17","Delta"
"199",0.340596563205971,4.07205421584277,"1","ko",0.825724210103909,0.460679649253558,0.825724210103909,-0.0566173316674784,"i126","XwAL00319","ko","Reporter.intensity.18","Beta 1"
"200",-1.52700709642385,2.27982766287951,"1","ko",-0.37367899036631,0.355761315368599,-0.37367899036631,-0.275066955831976,"i1260","XwAL00380","ko","Reporter.intensity.18","Beta 1"
"201",-1.77873586954092,-2.56319682938428,"3","wt",-0.310227878067003,0.515937787844232,-0.310227878067003,0.711003080948182,"i1266","XwAL00384","wt","Reporter.intensity.6","Beta 1"
"202",-4.81301187814687,-0.168898365324449,"7","wt",0.994029395734856,-1.19179684897568,0.994029395734856,-0.503580551229689,"i1267","XwAL00384","wt","Reporter.intensity.7","Beta 1"
"203",1.97692323385264,3.70688945906787,"7","wt",0.620276469973197,0.381440211901344,0.620276469973197,0.080372550848446,"i1268","XwAL00384","wt","Reporter.intensity.8","Beta 1"
"204",-1.97588788808797,-7.50295799118848,"8","wt",-0.862773918389474,-1.54850007969336,-0.862773918389474,-0.607003683088424,"i1269","XwAL00384","wt","Reporter.intensity.9","Vasculature"
"205",-2.02924298585866,-9.17911069733472,"8","wt",-0.55725839420232,0.00837587503917949,-0.55725839420232,-0.855201240189779,"i1270","XwAL00384","wt","Reporter.intensity.10","Vasculature"
"206",5.58104062734629,1.05221397536426,"0","ko",-0.284650955501885,0.524580494683516,-0.284650955501885,0.487661447376763,"i1271","XwAL00384","ko","Reporter.intensity.11","Beta 2"
"207",-1.95818781198476,-4.43264787537427,"3","ko",0.193139682356118,0.213655818399021,0.193139682356118,-0.142892039671485,"i1272","XwAL00384","ko","Reporter.intensity.12","Beta 1"
"208",-3.29383634866689,-1.47702299696774,"5","ko",0.436074042198257,-0.21650598466934,0.436074042198257,0.0950765405512713,"i1273","XwAL00384","ko","Reporter.intensity.13","Beta 1"
"209",-0.198244058503852,4.13014776366382,"1","ko",0.631988184404739,0.577073480910028,0.631988184404739,-0.27946816283833,"i1275","XwAL00384","ko","Reporter.intensity.15","Beta 1"
"210",2.0298211639979,2.8277888979259,"7","ko",-0.559685775052808,0.369787620492818,-0.559685775052808,0.78029973433784,"i1276","XwAL00384","ko","Reporter.intensity.16","Beta 1"
"211",0.140174991474404,4.88239462035327,"1","wt",-0.214204717704374,0.376330657569633,-0.214204717704374,NA,"i1278","XwAL00384","wt","Reporter.intensity.18","Beta 1"
"212",7.13637519536997,0.61235661166339,"0","wt",0.35804890134862,-0.0308654881736324,0.35804890134862,0.694525395998935,"i13","XwAL00313","wt","Reporter.intensity.13","Beta 2"
"213",0.841897613392129,3.06332404273181,"5","wt",0.0238479880846002,0.234159768569921,0.0238479880846002,-0.100843416667904,"i131","XwAL00320_20211124105907","wt","Reporter.intensity.5","Beta 1"
"214",-2.76497959436391,-9.11380689484448,"8","wt",-0.839030584531172,-0.717318844131364,-0.839030584531172,-0.529087396416706,"i132","XwAL00320_20211124105907","wt","Reporter.intensity.6","Vasculature"
"215",-1.7580822640798,-3.47569101197095,"3","wt",0.0304409786724305,0.387098014431173,0.0304409786724305,-0.662662593740656,"i133","XwAL00320_20211124105907","wt","Reporter.intensity.7","Beta 1"
"216",-5.10557054819082,0.18602717774539,"6","wt",-0.652442603672785,-0.155682552590568,-0.652442603672785,NA,"i135","XwAL00320_20211124105907","wt","Reporter.intensity.9","Beta 1"
"217",-4.83070253671621,-1.28063737494321,"6","wt",0.323056397558475,-1.09465105805975,0.323056397558475,0.249571947303203,"i136","XwAL00320_20211124105907","wt","Reporter.intensity.10","Beta 1"
"218",-5.092263930454,-0.0242983017620561,"6","ko",0.103354031267223,-0.37395901819349,0.103354031267223,0.148144827393275,"i138","XwAL00320_20211124105907","ko","Reporter.intensity.12","Beta 1"
"219",-3.93319987596487,2.86000783103137,"1","wt",-0.0860178813551637,-0.481111331547547,-0.0860178813551637,-0.714470632990913,"i14","XwAL00313","wt","Reporter.intensity.14","Beta 1"
"220",1.47316694913889,-0.8260189656672,"2","ko",0.596418784986987,0.0885169959526829,0.596418784986987,0.126057832635177,"i142","XwAL00320_20211124105907","ko","Reporter.intensity.16","Beta 1"
"221",2.18464875875498,-0.642084493165922,"2","ko",0.381003595845938,1.25257735076763,0.381003595845938,0.200565708732559,"i143","XwAL00320_20211124105907","ko","Reporter.intensity.17","Beta 1"
"222",7.46298433004405,0.624672123366881,"0","wt",NA,-1.06514114412632,NA,-0.924410397251273,"i15","XwAL00313","wt","Reporter.intensity.15","Beta 2"
"223",0.769220120296731,-0.84299098593564,"2","ko",-0.136958613174274,1.60195757372528,-0.136958613174274,-0.314010591356551,"i151","XwAL00322","ko","Reporter.intensity.7","Beta 1"
"224",0.690189129696145,2.848850079948,"5","ko",-0.116391610241189,0.248430523691702,-0.116391610241189,0.0501640378792859,"i152","XwAL00322","ko","Reporter.intensity.8","Beta 1"
"225",0.500001317844643,-0.330966642921877,"2","ko",-2.12180993308912,1.10148081206418,-2.12180993308912,0.256193318449956,"i154","XwAL00322","ko","Reporter.intensity.10","Beta 1"
"226",-0.280654692067848,1.06896657603412,"4","ko",-0.258267008360833,1.24293897388416,-0.258267008360833,0.767007678277661,"i155","XwAL00322","ko","Reporter.intensity.11","Beta 1"
"227",-3.28755044282888,3.39290315764575,"1","wt",1.42458784502375,-0.0491008778074616,1.42458784502375,-0.039746709833757,"i156","XwAL00322","wt","Reporter.intensity.12","Beta 1"
"228",5.68331361471201,1.63759071486621,"0","wt",0.425655049106657,-0.490564681997701,0.425655049106657,-0.556728869283377,"i157","XwAL00322","wt","Reporter.intensity.13","Beta 2"
"229",8.71340108572032,-1.22227709633679,"0","wt",0.442311478864846,-2.60337807321621,0.442311478864846,-0.281232193311747,"i158","XwAL00322","wt","Reporter.intensity.14","Beta 2"
"230",-2.33428799451803,-7.99629466873975,"8","wt",-0.107333545648575,-1.14983526456069,-0.107333545648575,0.0909816431024531,"i159","XwAL00322","wt","Reporter.intensity.15","Vasculature"
"231",-2.00949692071889,1.55195839064746,"4","wt",0.563184014385747,0.437783502594595,0.563184014385747,0.0362427563967144,"i16","XwAL00313","wt","Reporter.intensity.16","Beta 1"
"232",-2.87635897935842,1.72132713454394,"4","wt",0.494436874949663,0.27823579322508,0.494436874949663,-0.598796411157004,"i160","XwAL00322","wt","Reporter.intensity.16","Beta 1"
"233",0.661215550289406,2.82359940665393,"5","wt",1.02792734626048,0.70360867515538,1.02792734626048,0.416477962290384,"i161","XwAL00322","wt","Reporter.intensity.17","Beta 1"
"234",7.66370225606944,-0.545617355829191,"0","wt",-1.06132152894287,-1.40360283425382,-1.06132152894287,NA,"i162","XwAL00322","wt","Reporter.intensity.18","Beta 2"
"235",-1.21710866035436,-1.82480197293134,"3","ko",0.286008610531844,0.569328916482136,0.286008610531844,0.045356458597208,"i167","XwAL00324","ko","Reporter.intensity.5","Beta 1"
"236",5.97511459051157,-0.36041333419652,"0","ko",0.868421930369657,0.670693457985074,0.868421930369657,-0.220617339822354,"i168","XwAL00324","ko","Reporter.intensity.6","Beta 2"
"237",7.52432370840098,-0.300710460966539,"0","ko",-0.905722271737747,-0.805096256392127,-0.905722271737747,0.682855659267154,"i169","XwAL00324","ko","Reporter.intensity.7","Beta 2"
"238",0.35807157217051,-0.24229621035428,"2","ko",-0.882391504304981,0.248026498994595,-0.882391504304981,-0.586673112185436,"i171","XwAL00324","ko","Reporter.intensity.9","Beta 1"
"239",-2.80833792032217,3.39321906226306,"1","wt",-1.76224828620731,0.235571375460535,-1.76224828620731,-0.499640857121061,"i172","XwAL00324","wt","Reporter.intensity.10","Beta 1"
"240",-1.94090914072012,3.01150233405261,"4","wt",0.0629064002710818,-0.00578002335184225,0.0629064002710818,0.26500596519673,"i173","XwAL00324","wt","Reporter.intensity.11","Beta 1"
"241",-2.50364243329977,-3.33468168122144,"3","wt",-0.544640075233144,-0.188583655989702,-0.544640075233144,0.188220058527163,"i174","XwAL00324","wt","Reporter.intensity.12","Beta 1"
"242",-3.62283944429372,1.84686286109118,"1","wt",-1.07757413924599,-1.50636847551428,-1.07757413924599,-0.192229561176539,"i175","XwAL00324","wt","Reporter.intensity.13","Beta 1"
"243",-1.73152648748373,-0.678265913253736,"4","wt",0.349809357371343,-0.128462503159333,0.349809357371343,-0.225466276382552,"i176","XwAL00324","wt","Reporter.intensity.14","Beta 1"
"244",-2.67239057363485,4.42266637938647,"1","wt",1.35177769431133,0.610058144859938,1.35177769431133,NA,"i177","XwAL00324","wt","Reporter.intensity.15","Beta 1"
"245",-2.16360186876272,-1.04556646091313,"3","wt",0.773961237677104,-0.517345997185851,0.773961237677104,NA,"i178","XwAL00324","wt","Reporter.intensity.16","Beta 1"
"246",-2.14968692602132,1.20733756678729,"4","wt",NA,0.160934976411007,NA,0.305191494272164,"i18","XwAL00313","wt","Reporter.intensity.18","Beta 1"
"247",6.71132398305918,-1.21979039055676,"0","ko",1.39177894931647,0.43935384002795,1.39177894931647,0.421950815688201,"i180","XwAL00324","ko","Reporter.intensity.18","Beta 2"
"248",-1.35204827131246,-1.86246841294141,"3","ko",0.250628988268164,0.15968521570941,0.250628988268164,0.0339644867737948,"i185","XwAL00325","ko","Reporter.intensity.5","Beta 1"
"249",7.56885934530283,0.457915970260191,"0","ko",-0.372276663476404,-0.922594645375612,-0.372276663476404,-0.618474233977268,"i186","XwAL00325","ko","Reporter.intensity.6","Beta 2"
"250",-0.272901021852241,2.74378544943957,"2","ko",-1.1829831258138,0.707773484853299,-1.1829831258138,-0.00264621679837366,"i187","XwAL00325","ko","Reporter.intensity.7","Beta 1"
"251",1.91167498289134,-0.700219607776117,"2","ko",-0.420904046824381,1.30260892066876,-0.420904046824381,0.12772732089579,"i188","XwAL00325","ko","Reporter.intensity.8","Beta 1"
"252",-1.73456262887929,4.85158760207324,"1","wt",-0.875588636376846,0.666994281679869,-0.875588636376846,0.10211310333635,"i189","XwAL00325","wt","Reporter.intensity.9","Beta 1"
"253",-1.89578484834646,-0.535183778828096,"6","wt",0.534232851482818,-0.465790852684133,0.534232851482818,0.122891499473312,"i190","XwAL00325","wt","Reporter.intensity.10","Beta 1"
"254",-2.58447956384634,4.55511409896045,"1","wt",0.917575755268035,0.661722623380766,0.917575755268035,0.176153212768585,"i191","XwAL00325","wt","Reporter.intensity.11","Beta 1"
"255",6.37410331426646,-0.548947616344404,"0","wt",0.263262674874568,-1.53021555948761,0.263262674874568,-0.000637274949642778,"i193","XwAL00325","wt","Reporter.intensity.13","Beta 2"
"256",-4.05750846208547,0.758218714171934,"4","wt",0.066723558294513,-0.51912204024601,0.066723558294513,0.456998913542081,"i194","XwAL00325","wt","Reporter.intensity.14","Beta 1"
"257",-2.38258075059866,-0.947710207527589,"5","wt",0.226504041716776,-0.432083397885432,0.226504041716776,NA,"i195","XwAL00325","wt","Reporter.intensity.15","Beta 1"
"258",-1.38383697809194,-0.459901532953691,"4","ko",0.560392459403216,0.262262723954948,0.560392459403216,-0.351016851356056,"i196","XwAL00325","ko","Reporter.intensity.16","Beta 1"
"259",7.0920507973292,-0.0401115928349015,"0","ko",0.631695952696865,0.708559142846628,0.631695952696865,-0.258812200866332,"i203","XwAL00326","ko","Reporter.intensity.5","Beta 2"
"260",-1.04375930966352,1.43866569655566,"4","ko",0.476918025318092,1.01780555116275,0.476918025318092,0.252674334144989,"i204","XwAL00326","ko","Reporter.intensity.6","Beta 1"
"261",-1.4578879410169,4.58301717894702,"1","wt",-1.02591855118747,0.273651250729986,-1.02591855118747,-0.762775260343299,"i206","XwAL00326","wt","Reporter.intensity.8","Beta 1"
"262",-0.507746242894874,-0.577057949131441,"4","wt",-0.98440844986625,0.198074487837272,-0.98440844986625,NA,"i207","XwAL00326","wt","Reporter.intensity.9","Beta 1"
"263",-2.79487752260183,0.568302580291319,"6","wt",-0.296349684276395,-0.712234419442629,-0.296349684276395,NA,"i208","XwAL00326","wt","Reporter.intensity.10","Beta 1"
"264",-1.88274347127889,0.0239842619243148,"4","wt",-0.66343584935,0.547552477135257,-0.66343584935,0.0189521334007297,"i210","XwAL00326","wt","Reporter.intensity.12","Beta 1"
"265",-2.24857305826162,-3.17971866471143,"3","wt",-0.64406369581263,-0.890024893965876,-0.64406369581263,-0.153710842087412,"i211","XwAL00326","wt","Reporter.intensity.13","Beta 1"
"266",-2.19895743669485,-0.931787184303713,"5","wt",0.371983192087607,0.180124071844751,0.371983192087607,-0.427389288778726,"i212","XwAL00326","wt","Reporter.intensity.14","Beta 1"
"267",-2.3418772155187,-0.398104808157396,"4","ko",0.992272524720645,0.396811059926094,0.992272524720645,-0.0790030508036728,"i214","XwAL00326","ko","Reporter.intensity.16","Beta 1"
"268",7.02597404180552,0.0809019889178756,"0","ko",1.01892561337976,-2.16099990654821,1.01892561337976,0.158790961516798,"i215","XwAL00326","ko","Reporter.intensity.17","Beta 2"
"269",-1.78920637907003,0.974805065566588,"4","ko",-0.609045289172594,-0.0363818383893981,-0.609045289172594,0.122618770027064,"i221","XwAL00327","ko","Reporter.intensity.5","Beta 1"
"270",-1.21097659410451,-0.514119914596986,"4","wt",0.491699535797436,-0.111236210592381,0.491699535797436,0.604545086197379,"i223","XwAL00327","wt","Reporter.intensity.7","Beta 1"
"271",-2.51337503732656,-2.13955777031751,"5","wt",-0.024953893748168,-0.303644396078525,-0.024953893748168,0.214121121947678,"i224","XwAL00327","wt","Reporter.intensity.8","Beta 1"
"272",-1.92638849557851,1.32677967208056,"4","wt",-0.211449073379793,-0.443711764194931,-0.211449073379793,-0.0279124801780818,"i225","XwAL00327","wt","Reporter.intensity.9","Beta 1"
"273",0.731555110798135,-0.962665996378374,"2","wt",-0.472685790983454,0.575244039336814,-0.472685790983454,-0.673395607239677,"i226","XwAL00327","wt","Reporter.intensity.10","Beta 1"
"274",0.399663454876198,-0.860746285742235,"4","wt",-1.93850631586279,-0.337807395976935,-1.93850631586279,0.982291213642297,"i227","XwAL00327","wt","Reporter.intensity.11","Beta 1"
"275",-2.24821900667165,-1.02360983831258,"5","wt",1.53218537513041,-0.400429205037344,1.53218537513041,-0.30122941643127,"i228","XwAL00327","wt","Reporter.intensity.12","Beta 1"
"276",-2.69857787431692,4.79996473448901,"1","wt",-0.238231881346844,0.513102615615531,-0.238231881346844,-0.167003577450398,"i229","XwAL00327","wt","Reporter.intensity.13","Beta 1"
"277",6.25789094625498,0.247223981792021,"0","ko",-0.528517797493827,-0.890854576772373,-0.528517797493827,-1.00724879409792,"i23","XwAL00314","ko","Reporter.intensity.5","Beta 2"
"278",7.41037584005381,-0.361633933013391,"0","ko",-0.542679927074846,-0.109530443692474,-0.542679927074846,0.304875964643353,"i231","XwAL00327","ko","Reporter.intensity.15","Beta 2"
"279",8.13793683706309,0.349193104678679,"6","ko",-0.446241924976939,0.656990695983228,-0.446241924976939,0.11363530828269,"i232","XwAL00327","ko","Reporter.intensity.16","Beta 1"
"280",-1.57720124067281,-4.08394067627759,"3","ko",0.927098983297519,0.927186746595431,0.927098983297519,-1.1934111289686,"i233","XwAL00327","ko","Reporter.intensity.17","Beta 1"
"281",-4.4698376590154,-3.21297257286878,"6","ko",1.42557791292559,-1.32770771386619,1.42557791292559,NA,"i234","XwAL00327","ko","Reporter.intensity.18","Beta 1"
"282",1.57640624700571,4.83555109160571,"7","ko",-0.493177007247251,0.474581575004072,-0.493177007247251,-0.43947861419812,"i24","XwAL00314","ko","Reporter.intensity.6","Beta 1"
"283",-2.79275631250356,4.55184442656665,"4","wt",-0.32124520914324,0.160960839402132,-0.32124520914324,0.0854977667243991,"i240","XwAL00328","wt","Reporter.intensity.6","Beta 1"
"284",-2.44374071897481,-4.46731560570569,"3","wt",0.264798497669809,-0.458255476497606,0.264798497669809,1.29707618270675,"i241","XwAL00328","wt","Reporter.intensity.7","Beta 1"
"285",-0.551003747596488,5.8969195570293,"1","wt",-1.30113314646994,-0.458641578947561,-1.30113314646994,-0.619619502846818,"i242","XwAL00328","wt","Reporter.intensity.8","Beta 1"
"286",-1.28218668045019,2.27196890967517,"4","wt",-0.758795669032821,0.881122582138221,-0.758795669032821,NA,"i243","XwAL00328","wt","Reporter.intensity.9","Beta 1"
"287",-1.13866978229497,4.91911537306933,"6","wt",0.813469385207934,-0.80788841582167,0.813469385207934,0.267884862661107,"i244","XwAL00328","wt","Reporter.intensity.10","Beta 1"
"288",-0.920854591741309,3.4270423139873,"6","wt",-0.42798590579759,-0.47935590081869,-0.42798590579759,0.842629265561403,"i245","XwAL00328","wt","Reporter.intensity.11","Beta 1"
"289",-1.77752112688039,-1.94626956326337,"5","wt",-0.039135624922599,-0.335169426929498,-0.039135624922599,-0.692753922040513,"i246","XwAL00328","wt","Reporter.intensity.12","Beta 1"
"290",-0.179535918845878,-1.82963900906415,"2","ko",0.250582528794324,0.570581891383664,0.250582528794324,-0.302763946665793,"i247","XwAL00328","ko","Reporter.intensity.13","Beta 1"
"291",-4.5418398314855,1.75329262869983,"6","ko",0.64439874757708,-0.163341435606527,0.64439874757708,-0.293421155153444,"i248","XwAL00328","ko","Reporter.intensity.14","Beta 1"
"292",-1.84222161115621,-1.1204173479733,"4","ko",-0.751738752705275,0.253216490356171,-0.751738752705275,0.438993236371192,"i249","XwAL00328","ko","Reporter.intensity.15","Beta 1"
"293",1.57310558019663,3.38915235655932,"1","ko",-1.20679066659557,0.759112727728012,-1.20679066659557,0.579482215934504,"i25","XwAL00314","ko","Reporter.intensity.7","Beta 1"
"294",7.4389164513209,0.142781444961119,"0","ko",0.46656413722981,0.8595921596319,0.46656413722981,0.0157609869388437,"i250","XwAL00328","ko","Reporter.intensity.16","Beta 2"
"295",-0.596235387935386,-3.20814030510755,"2","ko",0.941360462167992,0.148207724670349,0.941360462167992,-1.12068720848816,"i251","XwAL00328","ko","Reporter.intensity.17","Beta 1"
"296",-4.36456560434316,-2.42179160458417,"3","ko",0.0590110296256713,-0.379598399726591,0.0590110296256713,NA,"i252","XwAL00328","ko","Reporter.intensity.18","Beta 1"
"297",-2.83947538675283,3.77350837844043,"1","wt",-0.347401519268699,0.0566799686185901,-0.347401519268699,NA,"i257","XwAL00330","wt","Reporter.intensity.5","Beta 1"
"298",-2.26595353425954,2.18634993689685,"4","wt",-0.19282037981141,0.221507693607369,-0.19282037981141,0.892621016740619,"i258","XwAL00330","wt","Reporter.intensity.6","Beta 1"
"299",-2.59229420961355,3.63853914397388,"4","wt",0.395962918863154,-0.22339231655765,0.395962918863154,NA,"i259","XwAL00330","wt","Reporter.intensity.7","Beta 1"
"300",2.66288495718028,1.55893332617908,"2","ko",-0.476382482685777,1.41398280281334,-0.476382482685777,-0.944259944009634,"i26","XwAL00314","ko","Reporter.intensity.8","Beta 1"
"301",-5.00045894922231,0.553695746833372,"6","wt",0.0082660730582758,-1.32543399138221,0.0082660730582758,NA,"i260","XwAL00330","wt","Reporter.intensity.8","Beta 1"
"302",-2.05285322011922,-4.1540316854176,"3","wt",-0.261542097217246,-1.75101605558605,-0.261542097217246,NA,"i261","XwAL00330","wt","Reporter.intensity.9","Beta 1"
"303",-0.581332758977161,-3.19191615921826,"3","wt",0.737181413855152,0.185264163342132,0.737181413855152,NA,"i262","XwAL00330","wt","Reporter.intensity.10","Beta 1"
"304",-4.51567744554494,1.97719890731006,"6","ko",-0.7246013574638,0.194236256897485,-0.7246013574638,NA,"i264","XwAL00330","ko","Reporter.intensity.12","Beta 1"
"305",1.0705516403773,0.102548786574889,"2","ko",0.0138277248918863,1.70326395839077,0.0138277248918863,0.424850230444586,"i265","XwAL00330","ko","Reporter.intensity.13","Beta 1"
"306",-1.26575743497823,2.32095200675159,"6","ko",0.670449866155179,0.606697882214023,0.670449866155179,NA,"i266","XwAL00330","ko","Reporter.intensity.14","Beta 1"
"307",7.86170316396738,-1.87085585934491,"0","ko",-0.426539784085842,-0.113324956751854,-0.426539784085842,NA,"i267","XwAL00330","ko","Reporter.intensity.15","Beta 2"
"308",0.47502279935862,5.43258363860278,"1","ko",0.0123605172969915,0.761156717820225,0.0123605172969915,-0.0193960802352386,"i27","XwAL00314","ko","Reporter.intensity.9","Beta 1"
"309",5.54787421880747,0.462407537871886,"0","ko",0.286469891040943,0.278635476822194,0.286469891040943,-0.323681647478971,"i275","XwAL00331","ko","Reporter.intensity.5","Beta 2"
"310",5.56541944204356,0.289199658805418,"0","ko",-1.11178573127633,-0.220517902166454,-1.11178573127633,1.2658492983365,"i276","XwAL00331","ko","Reporter.intensity.6","Beta 2"
"311",-3.15563058198904,-6.07683389527173,"9","ko",1.92577661787424,-3.10589994780081,1.92577661787424,-1.05412996875518,"i278","XwAL00331","ko","Reporter.intensity.8","Alpha"
"312",7.64284635244395,-0.22420584303708,"0","ko",-0.0392389713018963,-1.19155680115718,-0.0392389713018963,NA,"i279","XwAL00331","ko","Reporter.intensity.9","Beta 2"
"313",-3.07019781412099,-2.13003533226819,"5","ko",0.566001536254694,0.186142237460685,0.566001536254694,1.09690206850453,"i28","XwAL00314","ko","Reporter.intensity.10","Beta 1"
"314",5.48314309774424,0.182259866172362,"0","ko",-0.734799744085984,-0.0998419098907126,-0.734799744085984,NA,"i280","XwAL00331","ko","Reporter.intensity.10","Beta 2"
"315",0.479723698482766,-0.341440490311098,"2","ko",0.774049325968017,1.51827873016643,0.774049325968017,-0.704498109613411,"i281","XwAL00331","ko","Reporter.intensity.11","Beta 1"
"316",-2.78233289064382,0.892422624999571,"4","wt",-0.742281532684672,0.670991366489981,-0.742281532684672,NA,"i282","XwAL00331","wt","Reporter.intensity.12","Beta 1"
"317",-2.73316931070303,-8.63160531861157,"8","wt",-1.13235006985895,0.363681764429372,-1.13235006985895,0.0653224270442831,"i283","XwAL00331","wt","Reporter.intensity.13","Vasculature"
"318",-2.83392690957998,1.60428125517993,"4","wt",-0.922408611081151,0.970773135766125,-0.922408611081151,-0.401831147929349,"i284","XwAL00331","wt","Reporter.intensity.14","Beta 1"
"319",5.51699567495371,1.12999839442401,"0","wt",0.849712822305656,0.506053879550344,0.849712822305656,NA,"i285","XwAL00331","wt","Reporter.intensity.15","Beta 2"
"320",-2.57822298349355,0.693378158980894,"4","wt",-0.719216531569118,0.193251755315334,-0.719216531569118,NA,"i286","XwAL00331","wt","Reporter.intensity.16","Beta 1"
"321",0.242959684715523,4.08993131774097,"1","wt",0.712048420383388,0.465028961683145,0.712048420383388,NA,"i287","XwAL00331","wt","Reporter.intensity.17","Beta 1"
"322",-3.43576692880605,2.44417316573291,"1","wt",1.0322393567767,-0.219382693683902,1.0322393567767,NA,"i288","XwAL00331","wt","Reporter.intensity.18","Beta 1"
"323",-2.53229343236898,-9.52466886383862,"8","wt",-0.371619021602606,-0.435536908579357,-0.371619021602606,-0.88466634167388,"i29","XwAL00314","wt","Reporter.intensity.11","Vasculature"
"324",5.82567525564219,0.089602300101805,"0","ko",-0.710247795276534,0.00371473462370409,-0.710247795276534,0.574173078574865,"i294","XwAL00332","ko","Reporter.intensity.6","Beta 2"
"325",-3.16937755884145,-1.99605946881146,"5","ko",0.816105566264344,-0.636677990644895,0.816105566264344,NA,"i295","XwAL00332","ko","Reporter.intensity.7","Beta 1"
"326",6.60067296682383,0.43520326274066,"0","ko",-1.19877285192893,-1.41916780925474,-1.19877285192893,NA,"i296","XwAL00332","ko","Reporter.intensity.8","Beta 2"
"327",0.932525164470925,0.937194296294737,"2","ko",-1.68219578131857,0.378449656217196,-1.68219578131857,-0.680975806550828,"i298","XwAL00332","ko","Reporter.intensity.10","Beta 1"
"328",-2.40936052144979,-8.81663339478345,"8","wt",0.815804811441664,-0.366514828391819,0.815804811441664,0.0202580161482127,"i299","XwAL00332","wt","Reporter.intensity.11","Vasculature"
"329",1.42361570058848,2.48949629920154,"2","wt",-0.557424485485251,0.775206656822775,-0.557424485485251,0.199369141439872,"i30","XwAL00314","wt","Reporter.intensity.12","Beta 1"
"330",-3.292210572376,-1.01660960060925,"5","wt",-0.156133615450073,0.689389187166277,-0.156133615450073,NA,"i300","XwAL00332","wt","Reporter.intensity.12","Beta 1"
"331",-2.47348129095052,-8.14821975571484,"8","wt",0.641083266520226,0.624498177374522,0.641083266520226,-0.180047524652261,"i301","XwAL00332","wt","Reporter.intensity.13","Vasculature"
"332",-2.93607305826162,3.42623932021289,"1","wt",-1.09661460448077,-0.180732698633199,-1.09661460448077,0.293444360981972,"i302","XwAL00332","wt","Reporter.intensity.14","Beta 1"
"333",-2.84789609254812,1.16658575194507,"4","wt",0.355075770590477,0.227191432162208,0.355075770590477,0.469884426749769,"i303","XwAL00332","wt","Reporter.intensity.15","Beta 1"
"334",0.108531779632821,3.73846323149829,"1","ko",2.20692967192212,0.808922954071332,2.20692967192212,0.116291511062667,"i306","XwAL00332","ko","Reporter.intensity.18","Beta 1"
"335",-4.36558698953603,-2.83924572808118,"3","wt",4.18126920984449,-2.8801995664229,4.18126920984449,0.505264506525613,"i31","XwAL00314","wt","Reporter.intensity.13","Beta 1"
"336",1.94466233907725,-0.613156127607536,"2","ko",0.255992079816078,0.520475424960349,0.255992079816078,-0.468624749686095,"i311","XwAL00333","ko","Reporter.intensity.5","Beta 1"
"337",-2.29790877641653,-6.39216249329419,"9","ko",1.37763659375924,-1.57428300996056,1.37763659375924,-0.977074778993403,"i313","XwAL00333","ko","Reporter.intensity.7","Delta"
"338",-5.03123640359853,0.0904502953830245,"7","ko",-0.359743240286689,-1.31705875743748,-0.359743240286689,0.020992183895676,"i314","XwAL00333","ko","Reporter.intensity.8","Beta 1"
"339",2.75040651021983,0.881408163482237,"2","ko",-1.22992308366563,0.344965343213728,-1.22992308366563,NA,"i315","XwAL00333","ko","Reporter.intensity.9","Beta 1"
"340",1.48360372243906,4.48401672499805,"6","wt",0.881498452449529,-0.103251971479978,0.881498452449529,NA,"i316","XwAL00333","wt","Reporter.intensity.10","Beta 1"
"341",4.65951324163462,-0.144036701744508,"3","wt",0.421899492155263,-0.171020201351614,0.421899492155263,-0.252908572235773,"i317","XwAL00333","wt","Reporter.intensity.11","Beta 1"
"342",-0.283355169906364,3.1220102991405,"1","wt",-1.28602400619489,0.96328055266237,-1.28602400619489,-0.395932764937277,"i318","XwAL00333","wt","Reporter.intensity.12","Beta 1"
"343",2.51676607786204,1.9674545015636,"5","wt",-0.405778657444552,0.610659723390583,-0.405778657444552,-0.107678383547524,"i319","XwAL00333","wt","Reporter.intensity.13","Beta 1"
"344",0.258312053070321,5.60894853728442,"7","wt",-0.735298668978307,0.209911143487093,-0.735298668978307,0.980615323016689,"i320","XwAL00333","wt","Reporter.intensity.14","Beta 1"
"345",0.7655925816157,5.1280863966289,"7","wt",-0.010579641494163,0.376089772609658,-0.010579641494163,0.361972067230276,"i321","XwAL00333","wt","Reporter.intensity.15","Beta 1"
"346",1.95743489919688,3.47292644637256,"5","wt",0.343167181855461,-0.110618663648542,0.343167181855461,-0.159421280092078,"i322","XwAL00333","wt","Reporter.intensity.16","Beta 1"
"347",-2.35126721204732,-6.59092681748242,"9","ko",0.115105433169043,-0.275341725347484,0.115105433169043,0.367624869953089,"i323","XwAL00333","ko","Reporter.intensity.17","Delta"
"348",1.81232476888682,5.0677574362102,"7","ko",0.636249077770815,0.481673954845949,0.636249077770815,0.706023977042747,"i324","XwAL00333","ko","Reporter.intensity.18","Beta 1"
"349",-1.8453761273763,4.00293953078418,"1","ko",-0.237505772127705,0.192426779635744,-0.237505772127705,-0.207391436944037,"i329","XwAL00334","ko","Reporter.intensity.5","Beta 1"
"350",-2.26594244779562,-2.34590952736707,"3","wt",0.396617489782328,-0.333737620572572,0.396617489782328,0.294315958178368,"i33","XwAL00314","wt","Reporter.intensity.15","Beta 1"
"351",7.28516364751841,-0.500557913309049,"0","ko",-1.77113343149871,0.633569649076268,-1.77113343149871,0.110046098531752,"i330","XwAL00334","ko","Reporter.intensity.6","Beta 2"
"352",-0.746304989769206,-1.78142958027692,"4","ko",0.374438882834665,0.36859493136224,0.374438882834665,0.511450692839685,"i331","XwAL00334","ko","Reporter.intensity.7","Beta 1"
"353",7.06851554571177,0.283776112968016,"0","ko",1.83962095618998,-0.521941800804195,1.83962095618998,-0.273074477411584,"i332","XwAL00334","ko","Reporter.intensity.8","Beta 2"
"354",-3.27064298929189,-4.95666330201001,"3","wt",2.73432911530951,-1.73693039826815,2.73432911530951,NA,"i333","XwAL00334","wt","Reporter.intensity.9","Beta 1"
"355",-2.31539272607778,0.905587622100401,"4","wt",-0.542956201602447,0.253007395669262,-0.542956201602447,-0.103686577353544,"i334","XwAL00334","wt","Reporter.intensity.10","Beta 1"
"356",-2.11035000623678,-0.663575044697237,"4","wt",1.10859562831411,0.20748753476705,1.10859562831411,-0.157868795162655,"i335","XwAL00334","wt","Reporter.intensity.11","Beta 1"
"357",-1.75810705961202,2.88458640235095,"1","wt",-1.22127277278566,0.726885598606431,-1.22127277278566,-0.470164455370476,"i336","XwAL00334","wt","Reporter.intensity.12","Beta 1"
"358",-3.40648245157217,2.41472394126086,"4","wt",0.572473292154863,0.350358044919973,0.572473292154863,-0.0870215431360111,"i337","XwAL00334","wt","Reporter.intensity.13","Beta 1"
"359",-0.0763032966992715,-1.06280102474065,"2","wt",-1.23421133048752,0.533287808619182,-1.23421133048752,NA,"i339","XwAL00334","wt","Reporter.intensity.15","Beta 1"
"360",-2.1352099114797,-8.8144161019978,"8","wt",-0.00621682866156764,0.0453225079062394,-0.00621682866156764,-0.167147608132981,"i34","XwAL00314","wt","Reporter.intensity.16","Vasculature"
"361",6.71155906377818,1.06216723578601,"0","ko",-0.830004699131035,-0.533371688369196,-0.830004699131035,0.968943534149107,"i340","XwAL00334","ko","Reporter.intensity.16","Beta 2"
"362",-3.50216197313283,-0.858561626499605,"5","ko",-0.855144653238046,-0.370498789594869,-0.855144653238046,NA,"i342","XwAL00334","ko","Reporter.intensity.18","Beta 1"
"363",7.6239750450709,-1.46979414564939,"0","ko",0.30735176130799,-0.321456057408899,0.30735176130799,0.365535017921486,"i347","XwAL00335","ko","Reporter.intensity.5","Beta 2"
"364",-0.333325081481681,-2.45222347122998,"2","ko",-0.18731515526275,-0.0219313459318272,-0.18731515526275,-0.163298417873181,"i348","XwAL00335","ko","Reporter.intensity.6","Beta 1"
"365",-0.760447994782672,4.31292659896045,"1","ko",-0.499439222404839,0.580512472088133,-0.499439222404839,-0.199795066857433,"i349","XwAL00335","ko","Reporter.intensity.7","Beta 1"
"366",-1.75561761201833,-8.59261005265088,"8","wt",-1.05328604246447,0.51760760486161,-1.05328604246447,NA,"i35","XwAL00314","wt","Reporter.intensity.17","Vasculature"
"367",-4.31499122919057,-2.40099757057996,"6","wt",0.335710984737116,0.167333343695613,0.335710984737116,NA,"i350","XwAL00335","wt","Reporter.intensity.8","Beta 1"
"368",-1.11220910490964,5.03050739424853,"1","wt",0.635516186507736,0.695824438457835,0.635516186507736,NA,"i351","XwAL00335","wt","Reporter.intensity.9","Beta 1"
"369",-1.65190773548101,4.82891733306079,"1","wt",-0.138347054826986,-0.0135473415640141,-0.138347054826986,-0.771297866899214,"i352","XwAL00335","wt","Reporter.intensity.10","Beta 1"
"370",-4.55765246690725,1.38430125373034,"6","wt",-0.195748893143899,-1.1158999805159,-0.195748893143899,NA,"i353","XwAL00335","wt","Reporter.intensity.11","Beta 1"
"371",-2.31484686674093,-7.85612266404004,"4","wt",-0.459681339095628,-0.145585742659385,-0.459681339095628,0.106402725389578,"i354","XwAL00335","wt","Reporter.intensity.12","Beta 1"
"372",-4.33451794923757,-3.51867049080701,"3","wt",0.186360576513264,-0.276316170482929,0.186360576513264,NA,"i355","XwAL00335","wt","Reporter.intensity.13","Beta 1"
"373",-3.02209138215993,-4.29571812493176,"3","wt",0.767542020023574,0.0884920193719585,0.767542020023574,NA,"i356","XwAL00335","wt","Reporter.intensity.14","Beta 1"
"374",-1.83837496580099,4.6316436018291,"1","ko",-0.101631506698052,0.712083097206818,-0.101631506698052,-0.0200251183592959,"i357","XwAL00335","ko","Reporter.intensity.15","Beta 1"
"375",-3.3284802371404,-3.77129071099133,"3","ko",-0.0540922938020586,-1.15165363279156,-0.0540922938020586,NA,"i358","XwAL00335","ko","Reporter.intensity.16","Beta 1"
"376",1.89622998891856,-0.41725890976758,"2","ko",-0.625369866072621,0.72428167134954,-0.625369866072621,0.693300333721552,"i359","XwAL00335","ko","Reporter.intensity.17","Beta 1"
"377",2.05491853414561,2.32988865035205,"2","ko",NA,0.135151512708463,NA,1.5892923486049,"i36","XwAL00314","ko","Reporter.intensity.18","Beta 1"
"378",-2.94026326478933,4.48842651503711,"1","wt",0.878153169230434,-0.350240370903786,0.878153169230434,NA,"i367","XwAL00336","wt","Reporter.intensity.7","Beta 1"
"379",-3.06632661165212,-0.722633591717195,"5","wt",-0.41909420679903,-0.0999488355083285,-0.41909420679903,NA,"i368","XwAL00336","wt","Reporter.intensity.8","Beta 1"
"380",-2.83957480730032,4.15396148818164,"1","wt",-0.65940335909506,0.254829319373781,-0.65940335909506,NA,"i369","XwAL00336","wt","Reporter.intensity.9","Beta 1"
"381",-2.16456209959005,2.2320435728374,"4","wt",0.704465285688681,0.319043378934716,0.704465285688681,-0.519070820303634,"i370","XwAL00336","wt","Reporter.intensity.10","Beta 1"
"382",-1.24579035581564,3.3694411005321,"1","wt",-0.536964760214915,1.79285925137178,-0.536964760214915,0.241111360708005,"i371","XwAL00336","wt","Reporter.intensity.11","Beta 1"
"383",-4.05746912301992,2.67239267485766,"4","wt",0.361747464713279,0.160655459768386,0.361747464713279,0.44919466362171,"i372","XwAL00336","wt","Reporter.intensity.12","Beta 1"
"384",7.89552999197031,0.250120469504881,"0","wt",0.357099312924651,-1.52320165221328,0.357099312924651,NA,"i373","XwAL00336","wt","Reporter.intensity.13","Beta 2"
"385",-2.50371121705984,-3.58653347832532,"3","ko",-0.766775525676459,-0.291426217702497,-0.766775525676459,-0.045180991414609,"i374","XwAL00336","ko","Reporter.intensity.14","Beta 1"
"386",7.73853898702647,-2.01836817604871,"0","ko",-1.71334903233048,-0.909002225259244,-1.71334903233048,-0.231186822604219,"i375","XwAL00336","ko","Reporter.intensity.15","Beta 2"
"387",8.07136369405772,-1.81837790352674,"0","ko",0.777702613331073,-1.47401503346588,0.777702613331073,0.156295952041446,"i376","XwAL00336","ko","Reporter.intensity.16","Beta 2"
"388",0.300766653404488,-1.94720297200055,"2","ko",-0.135671382508535,0.826056078944277,-0.135671382508535,-0.312023352370768,"i377","XwAL00336","ko","Reporter.intensity.17","Beta 1"
"389",-0.530204334273086,-2.38176160199018,"2","ko",1.06981131034946,0.921419155370654,1.06981131034946,0.517154054154079,"i378","XwAL00336","ko","Reporter.intensity.18","Beta 1"
"390",-2.5974023276708,4.02725202696948,"1","wt",-0.879622260030937,1.23787147458952,-0.879622260030937,-0.588933757113318,"i384","XwAL00337","wt","Reporter.intensity.6","Beta 1"
"391",-2.59605550111745,4.68614036696582,"1","wt",-1.71728083028821,-0.822570543937673,-1.71728083028821,-0.250812023217108,"i385","XwAL00337","wt","Reporter.intensity.7","Beta 1"
"392",-3.52075862230276,2.305561849052,"4","wt",-0.360956766312487,0.140346788098968,-0.360956766312487,NA,"i386","XwAL00337","wt","Reporter.intensity.8","Beta 1"
"393",-2.25688814462637,3.2805681909862,"1","wt",0.541615826835648,0.599210670051332,0.541615826835648,NA,"i387","XwAL00337","wt","Reporter.intensity.9","Beta 1"
"394",-2.5491331750295,-0.704977250522089,"6","wt",0.44491976991344,0.251819825424664,0.44491976991344,0.0102112005442242,"i389","XwAL00337","wt","Reporter.intensity.11","Beta 1"
"395",8.61170793233897,-0.99573876602025,"0","wt",2.17641780323702,-1.36438653523777,2.17641780323702,NA,"i390","XwAL00337","wt","Reporter.intensity.12","Beta 2"
"396",-3.86915444673513,-3.54878275734754,"3","ko",2.59191284831836,-2.55690754457425,2.59191284831836,NA,"i391","XwAL00337","ko","Reporter.intensity.13","Beta 1"
"397",-0.265469157113776,-2.10936980587811,"2","ko",-1.19088313809704,0.520273424575631,-1.19088313809704,0.188416453867416,"i392","XwAL00337","ko","Reporter.intensity.14","Beta 1"
"398",6.68679977117564,-1.2248096976933,"0","ko",-0.30071600419576,-0.361499634818992,-0.30071600419576,0.112537566495497,"i393","XwAL00337","ko","Reporter.intensity.15","Beta 2"
"399",0.571960574970498,-1.31257992131085,"2","ko",-0.724918174032182,0.980840399894994,-0.724918174032182,0.32729603025791,"i394","XwAL00337","ko","Reporter.intensity.16","Beta 1"
"400",0.0120899742701194,-0.470569952255201,"2","ko",-0.666511481099289,1.21265216793387,-0.666511481099289,0.193146021687866,"i396","XwAL00337","ko","Reporter.intensity.18","Beta 1"
"401",0.0406265324213645,-0.127370050972414,"2","wt",0.575418760166916,0.502493236558202,0.575418760166916,-0.179340545653298,"i401","XwAL00338","wt","Reporter.intensity.5","Beta 1"
"402",-0.379330628528343,0.982394882613707,"4","wt",0.248638894267474,0.334701156581052,0.248638894267474,-0.459865668964225,"i402","XwAL00338","wt","Reporter.intensity.6","Beta 1"
"403",-4.40140938104604,1.87383134024768,"6","wt",-1.06203503665443,-0.462487751185252,-1.06203503665443,-0.58168643441009,"i403","XwAL00338","wt","Reporter.intensity.7","Beta 1"
"404",-3.63606070817922,-1.39174448592038,"5","wt",0.938183512425009,-0.25813037632763,0.938183512425009,NA,"i404","XwAL00338","wt","Reporter.intensity.8","Beta 1"
"405",-2.86122106851553,4.43033153670459,"1","wt",-1.12618689744634,-0.0961796092299089,-1.12618689744634,-0.134940629499642,"i405","XwAL00338","wt","Reporter.intensity.9","Beta 1"
"406",-2.11268567384695,-1.0252130244431,"6","wt",1.5039374360973,-0.820192189907197,1.5039374360973,0.520245871750203,"i406","XwAL00338","wt","Reporter.intensity.10","Beta 1"
"407",-4.03218006433462,1.01491887229114,"6","wt",-0.499361683008012,-0.471167284908847,-0.499361683008012,NA,"i407","XwAL00338","wt","Reporter.intensity.11","Beta 1"
"408",8.24603295980479,-0.138810387676668,"0","ko",-2.05441371140203,-0.8422483175029,-2.05441371140203,-0.221854740396937,"i408","XwAL00338","ko","Reporter.intensity.12","Beta 2"
"409",7.4958765572169,-1.32677202565045,"0","ko",0.184109886105447,-1.06913744334528,0.184109886105447,0.9672734794086,"i409","XwAL00338","ko","Reporter.intensity.13","Beta 2"
"410",7.97942758260752,-2.03775875908704,"0","ko",0.0324135615091792,-0.154298894874518,0.0324135615091792,-0.361047759884763,"i41","XwAL00315","ko","Reporter.intensity.5","Beta 2"
"411",0.686467534885659,-0.912700525349092,"2","ko",-1.43210041346859,1.35560209085695,-1.43210041346859,-0.197588520892789,"i411","XwAL00338","ko","Reporter.intensity.15","Beta 1"
"412",0.225754625187173,-1.16402458292813,"2","ko",1.99903548229351,0.983376379067633,1.99903548229351,-0.153176644136828,"i412","XwAL00338","ko","Reporter.intensity.16","Beta 1"
"413",-2.30449616254781,-2.43607704979749,"3","ko",0.723048890594715,0.55095264841142,0.723048890594715,0.380261996654498,"i413","XwAL00338","ko","Reporter.intensity.17","Beta 1"
"414",-3.43893813432668,1.23333305972247,"5","wt",0.477593106919056,-0.287219007970852,0.477593106919056,-0.830224052915065,"i419","XwAL00339","wt","Reporter.intensity.5","Beta 1"
"415",-3.36558126749013,2.90856153624682,"1","ko",0.049962064514662,-0.656622750526961,0.049962064514662,-0.208345801717801,"i42","XwAL00315","ko","Reporter.intensity.6","Beta 1"
"416",-2.57892929853414,0.934355803901244,"4","wt",-0.297244261826982,0.371679934446165,-0.297244261826982,NA,"i420","XwAL00339","wt","Reporter.intensity.6","Beta 1"
"417",8.09363580404307,-1.27837281567426,"0","wt",-1.4532029891956,-1.56979295013319,-1.4532029891956,NA,"i421","XwAL00339","wt","Reporter.intensity.7","Beta 2"
"418",-2.89482616723989,-0.617734578302216,"4","wt",0.596198473284545,0.154755482255957,0.596198473284545,NA,"i422","XwAL00339","wt","Reporter.intensity.8","Beta 1"
"419",-1.95912217439626,0.874228664809752,"5","wt",-1.69076770794725,0.057796294412817,-1.69076770794725,NA,"i423","XwAL00339","wt","Reporter.intensity.9","Beta 1"
"420",6.28503537832285,1.48005253928332,"0","ko",2.28444483709345,0.139718889911404,2.28444483709345,-0.238081531945998,"i425","XwAL00339","ko","Reporter.intensity.11","Beta 2"
"421",-1.38063078464483,-1.77875309330792,"3","ko",1.20700041638407,0.263055977633082,1.20700041638407,-0.195472864957519,"i426","XwAL00339","ko","Reporter.intensity.12","Beta 1"
"422",-1.75320755781148,3.28030593054919,"1","ko",-1.09645580809097,0.905146099309062,-1.09645580809097,0.336602514898478,"i427","XwAL00339","ko","Reporter.intensity.13","Beta 1"
"423",7.24631429372813,-1.64918463570447,"0","ko",-1.79750416190269,-0.952678973156962,-1.79750416190269,NA,"i428","XwAL00339","ko","Reporter.intensity.14","Beta 2"
"424",8.41039872823741,-1.1203272257504,"0","ko",1.7527958929967,-0.838183478374619,1.7527958929967,0.243464143936552,"i429","XwAL00339","ko","Reporter.intensity.15","Beta 2"
"425",-0.241727047576652,2.43366105216174,"1","ko",-0.348286562211828,1.4650373723547,-0.348286562211828,0.000483192355908272,"i43","XwAL00315","ko","Reporter.intensity.7","Beta 1"
"426",-1.44674521030401,3.22774798529773,"1","wt",-0.0662754997217301,1.59597692741161,-0.0662754997217301,-0.0571096230820591,"i432","XwAL00339","wt","Reporter.intensity.18","Beta 1"
"427",0.173443562374367,2.01110131400256,"1","ko",0.229362166848026,0.872279241229452,0.229362166848026,0.760065804791465,"i437","XwAL00340","ko","Reporter.intensity.5","Beta 1"
"428",5.8178980415919,0.130199321681547,"0","ko",NA,1.17220707737325,NA,NA,"i438","XwAL00340","ko","Reporter.intensity.6","Beta 2"
"429",0.104675537929787,1.46397502082019,"5","ko",-0.552469221918537,1.0559970890273,-0.552469221918537,NA,"i439","XwAL00340","ko","Reporter.intensity.7","Beta 1"
"430",6.56604886709238,-0.951678386753511,"0","ko",-0.473026174627303,-0.680740453298074,-0.473026174627303,0.285031757532699,"i44","XwAL00315","ko","Reporter.intensity.8","Beta 2"
"431",-0.301233314885841,4.68584091323047,"1","ko",-1.38344001521789,1.63607205505607,-1.38344001521789,-0.375452776087278,"i440","XwAL00340","ko","Reporter.intensity.8","Beta 1"
"432",-0.364515923871742,-1.48279356104703,"2","ko",-0.301110252448073,1.16577179352882,-0.301110252448073,1.13423495527409,"i441","XwAL00340","ko","Reporter.intensity.9","Beta 1"
"433",-3.04691409410451,-6.22528570038648,"9","ko",2.76163875430119,-2.6591608910534,2.76163875430119,NA,"i442","XwAL00340","ko","Reporter.intensity.10","Alpha"
"434",-2.69026326478933,-6.95139520508618,"9","ko",3.33136657556575,-2.14065364970342,3.33136657556575,NA,"i443","XwAL00340","ko","Reporter.intensity.11","Delta"
"435",-2.76772736848806,1.31007856982379,"4","wt",-0.00744661848849044,0.480800908912332,-0.00744661848849044,0.307235304651016,"i444","XwAL00340","wt","Reporter.intensity.12","Beta 1"
"436",6.44288135229136,1.17804462569385,"0","wt",-0.205913692851213,0.133986546225536,-0.205913692851213,NA,"i445","XwAL00340","wt","Reporter.intensity.13","Beta 2"
"437",-0.177811884298072,1.24811763423114,"4","wt",-0.0395025178848246,1.12341183295752,-0.0395025178848246,NA,"i447","XwAL00340","wt","Reporter.intensity.15","Beta 1"
"438",-0.866409265413032,4.04067928450732,"1","wt",-1.1153922992649,-0.408093601555112,-1.1153922992649,-0.773628049757137,"i448","XwAL00340","wt","Reporter.intensity.16","Beta 1"
"439",6.35530925451304,1.42138058798938,"0","wt",NA,-1.31397031926756,NA,NA,"i449","XwAL00340","wt","Reporter.intensity.17","Beta 2"
"440",-0.817420267476783,1.00223357337146,"4","ko",1.03521890363379,1.61489825770577,1.03521890363379,-0.732910021154914,"i45","XwAL00315","ko","Reporter.intensity.9","Beta 1"
"441",6.76159310995127,-0.924320480650377,"0","wt",NA,-0.653751651187962,NA,NA,"i450","XwAL00340","wt","Reporter.intensity.18","Beta 2"
"442",0.135080105648293,-0.201378366774034,"2","ko",-0.206672497039141,1.27450662817124,-0.206672497039141,1.57058526648558,"i455","XwAL00341","ko","Reporter.intensity.5","Beta 1"
"443",6.42497325597788,-0.978811315124941,"0","ko",-0.2744803627642,-0.653829606342609,-0.2744803627642,0.66517720968125,"i456","XwAL00341","ko","Reporter.intensity.6","Beta 2"
"444",6.55605388341929,-0.872571757858705,"0","ko",0.385658789809077,-0.262798067613778,0.385658789809077,-0.205372375932182,"i457","XwAL00341","ko","Reporter.intensity.7","Beta 2"
"445",-0.524387502088294,-2.11694507939191,"2","ko",0.0813477797587711,1.0613699766393,0.0813477797587711,-0.173372472923679,"i458","XwAL00341","ko","Reporter.intensity.8","Beta 1"
"446",7.9044230049708,0.259527870589781,"0","ko",-1.0252798823574,-1.12378234035255,-1.0252798823574,1.86757693224573,"i459","XwAL00341","ko","Reporter.intensity.9","Beta 2"
"447",-1.74634301008199,-0.42971495432229,"4","wt",0.379630636758126,0.432747243630332,0.379630636758126,-0.34334542924443,"i46","XwAL00315","wt","Reporter.intensity.10","Beta 1"
"448",8.05326009450938,0.276972063952971,"0","ko",1.22658693838785,-0.0486068983844848,1.22658693838785,-1.3833353767886,"i460","XwAL00341","ko","Reporter.intensity.10","Beta 2"
"449",-3.83546375574087,2.5992801870647,"1","wt",1.95835913862732,0.531845218967967,1.95835913862732,-0.949826077291879,"i461","XwAL00341","wt","Reporter.intensity.11","Beta 1"
"450",-1.63753109516119,1.34512538569598,"4","wt",0.0348226358116707,1.21986140248589,0.0348226358116707,-0.454493750469093,"i462","XwAL00341","wt","Reporter.intensity.12","Beta 1"
"451",-2.38786851705526,0.851266452247191,"4","wt",-1.07559627861246,0.33806435494589,-1.07559627861246,-0.554793286527834,"i463","XwAL00341","wt","Reporter.intensity.13","Beta 1"
"452",-2.48485338033651,1.30274314540057,"4","wt",-0.588176327497777,-0.842665486444267,-0.588176327497777,NA,"i465","XwAL00341","wt","Reporter.intensity.15","Beta 1"
"453",-4.19925522150014,1.64967043059497,"1","wt",0.626149731973913,-0.779262345999574,0.626149731973913,NA,"i466","XwAL00341","wt","Reporter.intensity.16","Beta 1"
"454",-2.42777227701162,-0.290932944839906,"5","wt",-0.944223539623274,-0.00858379173826245,-0.944223539623274,0.00453256461993396,"i467","XwAL00341","wt","Reporter.intensity.17","Beta 1"
"455",6.76500774084116,-1.22825770718427,"0","ko",-0.229869528447133,-0.329873240684113,-0.229869528447133,NA,"i468","XwAL00341","ko","Reporter.intensity.18","Beta 2"
"456",-0.390664511337028,0.427858539992857,"4","wt",-0.547637959140651,0.650008577006805,-0.547637959140651,1.07646247248041,"i47","XwAL00315","wt","Reporter.intensity.11","Beta 1"
"457",6.79238343893076,-1.36381374937863,"0","ko",-0.452710502990851,0.46021785857795,-0.452710502990851,0.0446486010510686,"i473","XwAL00342","ko","Reporter.intensity.5","Beta 2"
"458",-4.26862835229848,-3.32267349106641,"3","ko",4.26507482505898,-3.1688763320879,4.26507482505898,-0.718008433914912,"i474","XwAL00342","ko","Reporter.intensity.6","Beta 1"
"459",-0.141589337005363,2.22423464911609,"2","ko",0.00653645045786333,1.4247143343665,0.00653645045786333,-0.046826024805473,"i475","XwAL00342","ko","Reporter.intensity.7","Beta 1"
"460",5.49567151723887,0.385207423144865,"0","ko",1.23400461398764,-0.468277331920584,1.23400461398764,-0.325666168700292,"i476","XwAL00342","ko","Reporter.intensity.8","Beta 2"
"461",5.97127700506236,0.840773292953062,"0","ko",-2.4938795683954,-0.771193430147618,-2.4938795683954,0.795102874370901,"i477","XwAL00342","ko","Reporter.intensity.9","Beta 2"
"462",0.662103063450112,1.73992783682971,"4","wt",-1.48765292603197,0.88349199283739,-1.48765292603197,NA,"i478","XwAL00342","wt","Reporter.intensity.10","Beta 1"
"463",-2.45354091466878,-7.07048147065015,"9","wt",-1.36892387520781,-1.80493166280706,-1.36892387520781,0.681303098954394,"i479","XwAL00342","wt","Reporter.intensity.11","Delta"
"464",-4.17833399118398,2.52480728285937,"1","wt",NA,-0.557407276292876,NA,0.254645679201143,"i48","XwAL00315","wt","Reporter.intensity.12","Beta 1"
"465",-2.9764466220281,3.43477518218188,"1","wt",-0.368283479518335,0.902202987576474,-0.368283479518335,-0.337532010033515,"i480","XwAL00342","wt","Reporter.intensity.12","Beta 1"
"466",0.369308359012856,1.05163867133288,"5","wt",-0.782025514339071,1.69400988918454,-0.782025514339071,0.344335061678806,"i481","XwAL00342","wt","Reporter.intensity.13","Beta 1"
"467",-3.32047938646291,2.47764475005298,"1","wt",0.1965840033336,0.138939532275225,0.1965840033336,-0.489364248658426,"i482","XwAL00342","wt","Reporter.intensity.14","Beta 1"
"468",8.10323167501475,-0.924353293007326,"0","wt",0.454084652259456,-0.823758425274361,0.454084652259456,NA,"i483","XwAL00342","wt","Reporter.intensity.15","Beta 2"
"469",-2.92463301958059,3.36221177237659,"1","ko",2.91222103665642,0.675421757447553,2.91222103665642,-0.413172758483899,"i485","XwAL00342","ko","Reporter.intensity.17","Beta 1"
"470",0.378713852749123,-0.641144047355365,"2","ko",-2.06181834489998,1.31886940596574,-2.06181834489998,0.214178341704021,"i486","XwAL00342","ko","Reporter.intensity.18","Beta 1"
"471",7.98626065908457,-1.951349428719,"0","wt",0.352938455860605,-1.42826908043941,0.352938455860605,-0.0325284429564643,"i49","XwAL00315","wt","Reporter.intensity.13","Beta 2"
"472",5.40755391775156,0.695100494796324,"0","ko",0.0165846519228414,0.577211889215109,0.0165846519228414,0.172676573721418,"i491","XwAL00343","ko","Reporter.intensity.5","Beta 2"
"473",1.61426926313426,2.32023865836291,"2","ko",1.18450505925576,1.24613544987652,1.18450505925576,NA,"i492","XwAL00343","ko","Reporter.intensity.6","Beta 1"
"474",7.0753181046107,-1.20351802450986,"0","ko",-1.18592833105952,-1.01433812290605,-1.18592833105952,0.411228573095432,"i493","XwAL00343","ko","Reporter.intensity.7","Beta 2"
"475",-3.11293362916921,-6.2553397927937,"9","ko",0.439435070505482,-2.3170398884334,0.439435070505482,-0.83833055790503,"i494","XwAL00343","ko","Reporter.intensity.8","Alpha"
"476",5.57484269796397,1.77490908759265,"1","wt",-0.497091501592723,0.660513594032318,-0.497091501592723,-0.666113669538015,"i496","XwAL00343","wt","Reporter.intensity.10","Beta 1"
"477",-4.93807577432607,0.00910223382144004,"7","wt",-0.592969868934609,-1.12899095892248,-0.592969868934609,NA,"i497","XwAL00343","wt","Reporter.intensity.11","Beta 1"
"478",-0.376167588844047,4.3178795065227,"1","wt",0.18982668415243,0.758973827591871,0.18982668415243,-0.142164754595158,"i498","XwAL00343","wt","Reporter.intensity.12","Beta 1"
"479",-0.234236293449149,4.55423433440356,"1","wt",0.876344264778085,1.36246323919514,0.876344264778085,0.0210745586826838,"i499","XwAL00343","wt","Reporter.intensity.13","Beta 1"
"480",-4.04622911752676,1.30847806590228,"4","wt",NA,-0.579195420927366,NA,-0.166523747832314,"i50","XwAL00315","wt","Reporter.intensity.14","Beta 1"
"481",-3.22979020418142,-3.42956559998364,"3","wt",-0.711747334046816,-1.36998086045542,-0.711747334046816,NA,"i500","XwAL00343","wt","Reporter.intensity.14","Beta 1"
"482",-2.61587106527303,-8.58525960785718,"8","wt",-0.536304163833913,-0.331325885730469,-0.536304163833913,0.173864722350976,"i501","XwAL00343","wt","Reporter.intensity.15","Vasculature"
"483",1.65234947858836,1.16433186190753,"2","ko",0.476942395373638,0.403444434790367,0.476942395373638,1.58546736320346,"i502","XwAL00343","ko","Reporter.intensity.16","Beta 1"
"484",1.0104713505366,1.29615802424579,"2","ko",0.370314932887659,1.34849119284243,0.370314932887659,0.320938249754491,"i503","XwAL00343","ko","Reporter.intensity.17","Beta 1"
"485",-1.12708091081594,0.992770382339049,"4","ko",0.794407848507395,0.573661067566019,0.794407848507395,-0.929488562707258,"i509","XwAL00344","ko","Reporter.intensity.5","Beta 1"
"486",-2.09738313497518,-0.823830596035433,"4","wt",0.0880748436305352,-0.0191239237961914,0.0880748436305352,NA,"i51","XwAL00315","wt","Reporter.intensity.15","Beta 1"
"487",8.09609723745371,-0.486934295719576,"0","ko",0.23736101061398,-1.42863997851957,0.23736101061398,-0.483526079659147,"i510","XwAL00344","ko","Reporter.intensity.6","Beta 2"
"488",-0.487236031307922,1.0168028559032,"4","ko",-1.1370525853171,1.0069998042359,-1.1370525853171,0.588131622687424,"i511","XwAL00344","ko","Reporter.intensity.7","Beta 1"
"489",-2.31076692880605,1.15746254580646,"4","wt",-1.08674392791723,-0.819285063640983,-1.08674392791723,0.105677877965113,"i512","XwAL00344","wt","Reporter.intensity.8","Beta 1"
"490",-0.697379800467835,0.933999964171934,"4","wt",1.16412992479042,0.553351598470928,1.16412992479042,0.892110652774871,"i513","XwAL00344","wt","Reporter.intensity.9","Beta 1"
"491",8.03932882009532,0.355928608352232,"0","wt",0.316436834585785,-0.8440500945307,0.316436834585785,0.0725898487852954,"i514","XwAL00344","wt","Reporter.intensity.10","Beta 2"
"492",-4.45364593805288,1.9118908132854,"1","wt",-1.22932211035279,-0.129639628435887,-1.22932211035279,-0.250858453515745,"i515","XwAL00344","wt","Reporter.intensity.11","Beta 1"
"493",-1.80294644178365,0.734697290832091,"4","wt",-0.251825435639183,0.785048845251228,-0.251825435639183,-0.192213642796948,"i517","XwAL00344","wt","Reporter.intensity.13","Beta 1"
"494",-1.7660281592748,-1.49195193392606,"3","wt",1.51284230350071,-0.294213620113171,1.51284230350071,-0.305161684583305,"i518","XwAL00344","wt","Reporter.intensity.14","Beta 1"
"495",-2.64402722658132,1.08753902571826,"4","ko",1.0771682346034,0.0668446625263064,1.0771682346034,NA,"i519","XwAL00344","ko","Reporter.intensity.15","Beta 1"
"496",-2.01883374990438,1.28956706183581,"4","wt",-0.457224513128919,0.747038771976616,-0.457224513128919,-0.117584762954876,"i52","XwAL00315","wt","Reporter.intensity.16","Beta 1"
"497",6.60191035924937,-1.1988554511723,"0","ko",-1.4168324487269,-0.0805434374619292,-1.4168324487269,0.294554866135276,"i520","XwAL00344","ko","Reporter.intensity.16","Beta 2"
"498",0.829431540355935,1.29792101042895,"2","ko",-0.332861767136538,1.13587477937275,-0.332861767136538,0.0873190941900635,"i521","XwAL00344","ko","Reporter.intensity.17","Beta 1"
"499",7.8208162850001,-1.89126329762311,"0","ko",0.248046874967823,-0.222034972617557,0.248046874967823,0.208447641110227,"i522","XwAL00344","ko","Reporter.intensity.18","Beta 2"
"500",-3.6588926249883,2.92446190970569,"6","wt",0.631128331726296,-0.0439042142099607,0.631128331726296,-0.5008858448958,"i527","XwAL00347","wt","Reporter.intensity.5","Beta 1"
"501",-0.562550851120696,0.861666032249022,"4","wt",-1.778076031203,0.419564061925843,-1.778076031203,0.277020501089553,"i528","XwAL00347","wt","Reporter.intensity.6","Beta 1"
"502",-3.90230535806631,-0.495642988806677,"5","wt",-0.177014458757887,-0.20967561971424,-0.177014458757887,0.177061034928394,"i529","XwAL00347","wt","Reporter.intensity.7","Beta 1"
"503",6.44536948858286,0.878908106261778,"0","ko",-0.533590801732256,-0.525760988095686,-0.533590801732256,NA,"i53","XwAL00315","ko","Reporter.intensity.17","Beta 2"
"504",-3.92391323389028,0.290784605914641,"4","wt",-0.246841234389203,-0.502588954642465,-0.246841234389203,-0.379463629906364,"i530","XwAL00347","wt","Reporter.intensity.8","Beta 1"
"505",-4.11459850610708,1.00417120116382,"6","wt",0.95604876443057,-0.750597548778884,0.95604876443057,-0.259439726599766,"i531","XwAL00347","wt","Reporter.intensity.9","Beta 1"
"506",-0.261911862506614,-0.801052040284586,"2","wt",1.00248801629133,0.494012264878534,1.00248801629133,-0.267212079989594,"i532","XwAL00347","wt","Reporter.intensity.10","Beta 1"
"507",-3.53640531839345,2.65539176123767,"6","wt",-0.117370823958634,0.397036190260533,-0.117370823958634,NA,"i533","XwAL00347","wt","Reporter.intensity.11","Beta 1"
"508",8.49015069662119,-1.46071147066922,"0","ko",-0.109422946604456,-0.482389600962963,-0.109422946604456,0.174175450976131,"i534","XwAL00347","ko","Reporter.intensity.12","Beta 2"
"509",-1.322179966583,2.25269157546191,"4","ko",0.283845648651718,0.499812925487461,0.283845648651718,0.0496025844819623,"i536","XwAL00347","ko","Reporter.intensity.14","Beta 1"
"510",7.34915090261485,-1.27479313952298,"0","ko",-0.724816234735937,-1.15000637237305,-0.724816234735937,0.405010466056118,"i537","XwAL00347","ko","Reporter.intensity.15","Beta 2"
"511",1.26338077245738,-0.380261189168405,"2","ko",0.0686109545246511,0.584651119265977,0.0686109545246511,-0.421282112490667,"i538","XwAL00347","ko","Reporter.intensity.16","Beta 1"
"512",7.98397088705088,-1.8382746492085,"0","ko",NA,-0.12511265112882,NA,0.72340542272172,"i54","XwAL00315","ko","Reporter.intensity.18","Beta 2"
"513",-1.7124632531545,0.490519234115172,"4","wt",1.08475887871715,0.612794187299367,1.08475887871715,-0.589024639418643,"i545","XwAL00348","wt","Reporter.intensity.5","Beta 1"
"514",7.86977124868418,-1.89139633519025,"0","wt",-0.997884107854752,-1.36396529014099,-0.997884107854752,0.695087782446593,"i546","XwAL00348","wt","Reporter.intensity.6","Beta 2"
"515",-3.37435101808523,-0.169073036735964,"5","wt",0.12483311496871,-1.60195669405068,0.12483311496871,0.834848823737774,"i547","XwAL00348","wt","Reporter.intensity.7","Beta 1"
"516",-2.13577782453512,2.44439251082568,"4","wt",0.692434609273049,0.52706472299603,0.692434609273049,-0.226890796936838,"i548","XwAL00348","wt","Reporter.intensity.8","Beta 1"
"517",-2.44292580427145,3.40931446211963,"1","wt",0.853742160603488,0.625684490426839,0.853742160603488,-0.408617750453038,"i550","XwAL00348","wt","Reporter.intensity.10","Beta 1"
"518",0.489737874851479,-0.374421528404665,"2","ko",-0.456696159180204,1.94161573927241,-0.456696159180204,0.128474140898764,"i552","XwAL00348","ko","Reporter.intensity.12","Beta 1"
"519",-2.19522713960622,3.33072645323901,"1","ko",-0.992619367139796,0.837794693577089,-0.992619367139796,-0.147460878293667,"i553","XwAL00348","ko","Reporter.intensity.13","Beta 1"
"520",8.63095784841563,-0.776471010273409,"0","ko",0.111144100683451,-1.19521190002153,0.111144100683451,-0.155664737474803,"i554","XwAL00348","ko","Reporter.intensity.14","Beta 2"
"521",7.15140605627085,-0.617131738787603,"0","ko",-0.431887221522418,-0.499928718339327,-0.431887221522418,-0.199294460612145,"i555","XwAL00348","ko","Reporter.intensity.15","Beta 2"
"522",-1.78294133485769,0.605419465476561,"4","ko",0.467084595559299,-0.0213375878538057,0.467084595559299,0.0756103529385304,"i563","XwAL00349","ko","Reporter.intensity.5","Beta 1"
"523",8.50411058126475,-1.07052864772649,"0","ko",0.249734207095863,-0.744682697972179,0.249734207095863,NA,"i565","XwAL00349","ko","Reporter.intensity.7","Beta 2"
"524",-2.13195740522359,-2.41329353195996,"3","ko",0.0662402019130808,0.74350901512065,0.0662402019130808,1.2467108398255,"i566","XwAL00349","ko","Reporter.intensity.8","Beta 1"
"525",-2.56091117204641,3.72863943236499,"4","ko",1.18764538328477,-0.406794787120614,1.18764538328477,-0.00998053297701303,"i567","XwAL00349","ko","Reporter.intensity.9","Beta 1"
"526",-0.667729019164191,-2.30390291554303,"2","ko",0.61117926465865,0.836187375887016,0.61117926465865,0.318559761770641,"i568","XwAL00349","ko","Reporter.intensity.10","Beta 1"
"527",7.53131318746592,0.63555509703784,"0","ko",-0.499859098874238,0.271135385081205,-0.499859098874238,-0.0492998418894015,"i569","XwAL00349","ko","Reporter.intensity.11","Beta 2"
"528",-0.622971848561511,-0.560512701844883,"2","wt",-0.269204994627456,-0.187669542157788,-0.269204994627456,-0.404544035338722,"i570","XwAL00349","wt","Reporter.intensity.12","Beta 1"
"529",8.38548494039561,-0.0506263886150834,"0","wt",-0.0418783705391471,-0.757200705743195,-0.0418783705391471,-0.767843880677943,"i571","XwAL00349","wt","Reporter.intensity.13","Beta 2"
"530",-4.23689412416433,2.15672714369922,"1","wt",0.624422305643009,-0.349850755808219,0.624422305643009,NA,"i572","XwAL00349","wt","Reporter.intensity.14","Beta 1"
"531",-2.32251738847707,-0.495164438014936,"5","wt",0.202744073931965,-0.166514865110814,0.202744073931965,-0.18425956644011,"i573","XwAL00349","wt","Reporter.intensity.15","Beta 1"
"532",-2.86348127664541,1.67086321967273,"5","wt",-1.2770813586009,-0.0269623633814044,-1.2770813586009,-0.412350501726311,"i574","XwAL00349","wt","Reporter.intensity.16","Beta 1"
"533",0.785830385074868,2.88542849677234,"5","wt",-1.03642321443087,-0.427716619508152,-1.03642321443087,NA,"i575","XwAL00349","wt","Reporter.intensity.17","Beta 1"
"534",0.174015945778145,0.208640941554594,"2","wt",-0.349464266644252,1.12431744997004,-0.349464266644252,-0.387622709156261,"i576","XwAL00349","wt","Reporter.intensity.18","Beta 1"
"535",6.9892528122523,0.243473419124174,"0","ko",0.640569370935697,0.515194612892697,0.640569370935697,0.64053170408168,"i581","XwAL00351","ko","Reporter.intensity.5","Beta 2"
"536",-0.0936247044942239,4.71651584761767,"1","ko",0.0636196589657936,1.0370006615191,0.0636196589657936,-0.921931282138751,"i582","XwAL00351","ko","Reporter.intensity.6","Beta 1"
"537",-2.70000743211721,-1.29706632239194,"5","ko",1.94773219232818,0.116014250884157,1.94773219232818,-0.0736204909617982,"i583","XwAL00351","ko","Reporter.intensity.7","Beta 1"
"538",2.0147860115626,4.30137807982593,"7","ko",-1.67869417959868,0.0317590696397489,-1.67869417959868,-0.0638432364448716,"i584","XwAL00351","ko","Reporter.intensity.8","Beta 1"
"539",-3.29147266687368,0.993812152320433,"6","wt",1.30698034044845,-0.587792577762311,1.30698034044845,0.698801368269941,"i586","XwAL00351","wt","Reporter.intensity.10","Beta 1"
"540",0.791115767345681,1.8833959783855,"5","wt",-1.30776567436406,0.367126972653436,-1.30776567436406,0.0233878051814098,"i587","XwAL00351","wt","Reporter.intensity.11","Beta 1"
"541",8.68406034170176,-0.808656058138323,"0","wt",0.125307246654872,-1.46662204217211,0.125307246654872,NA,"i588","XwAL00351","wt","Reporter.intensity.12","Beta 2"
"542",-2.30807387174581,-8.46136587006421,"8","wt",-0.890275300446178,-0.149545778192751,-0.890275300446178,-0.0253049605062723,"i589","XwAL00351","wt","Reporter.intensity.13","Vasculature"
"543",8.78000951467539,-1.20192205054135,"6","ko",-0.261385299037199,-0.0915063844585062,-0.261385299037199,0.335509675318764,"i59","XwAL00316","ko","Reporter.intensity.5","Beta 1"
"544",-1.48441701473211,0.137053617412138,"4","wt",-1.36347653026049,-0.0545554810609108,-1.36347653026049,0.00823164905631352,"i590","XwAL00351","wt","Reporter.intensity.14","Beta 1"
"545",-2.76607274354909,0.278760501319456,"5","wt",0.178440126532146,0.171722246092263,0.178440126532146,-0.562878408872731,"i591","XwAL00351","wt","Reporter.intensity.15","Beta 1"
"546",-3.10765289606069,-0.794433287208986,"5","wt",0.877003720221635,-0.613526697914453,0.877003720221635,-0.0983596076858727,"i592","XwAL00351","wt","Reporter.intensity.16","Beta 1"
"547",-0.550267034187064,-3.34330504280896,"2","ko",-0.764204307888791,0.814097246608422,-0.764204307888791,-0.425048799974928,"i599","XwAL00352","ko","Reporter.intensity.5","Beta 1"
"548",0.656510359630837,-0.309126815622759,"2","ko",0.195456953902778,0.999462463468449,0.195456953902778,0.115946493796704,"i6","XwAL00313","ko","Reporter.intensity.6","Beta 1"
"549",1.94337726293589,-0.865333816832018,"2","ko",-0.0305565668082096,0.65853378247641,-0.0305565668082096,-0.0663201560314091,"i60","XwAL00316","ko","Reporter.intensity.6","Beta 1"
"550",2.67377949415232,2.08344680922656,"6","ko",-1.320541898513,0.481768338214623,-1.320541898513,0.849996411647773,"i600","XwAL00352","ko","Reporter.intensity.6","Beta 1"
"551",2.2320563858607,-0.84707497698636,"2","ko",0.385560521600241,0.267569030683798,0.385560521600241,-0.704341794273105,"i601","XwAL00352","ko","Reporter.intensity.7","Beta 1"
"552",4.28412652669932,1.5391724790874,"5","ko",0.526564219313549,0.336684996083231,0.526564219313549,0.917252568946961,"i602","XwAL00352","ko","Reporter.intensity.8","Beta 1"
"553",-2.23499571622823,-6.14983146530957,"3","wt",0.52466371469842,-0.367761572331093,0.52466371469842,-0.172846856609848,"i604","XwAL00352","wt","Reporter.intensity.10","Beta 1"
"554",8.19499803243662,0.294730135375548,"6","wt",0.75344735054015,-0.0114195754102196,0.75344735054015,-0.503013004811518,"i606","XwAL00352","wt","Reporter.intensity.12","Beta 1"
"555",-2.33382236303304,-4.29210679871411,"3","wt",-0.440746837506899,-0.235005033883024,-0.440746837506899,-0.280856775329809,"i607","XwAL00352","wt","Reporter.intensity.13","Beta 1"
"556",-3.67716764749502,0.0260830606761459,"5","wt",1.25146127059173,-0.703888521590667,1.25146127059173,-0.981771943130911,"i608","XwAL00352","wt","Reporter.intensity.14","Beta 1"
"557",-4.61528443635915,1.66250283377795,"1","wt",-1.55205880417194,-1.25338014452721,-1.55205880417194,0.605569195271043,"i609","XwAL00352","wt","Reporter.intensity.15","Beta 1"
"558",1.16874647794749,-1.66449909550519,"2","ko",-0.157372392216255,0.754653429594302,-0.157372392216255,0.785839416786432,"i61","XwAL00316","ko","Reporter.intensity.7","Beta 1"
"559",-0.361067020311103,5.98343069213061,"1","ko",0.300887049033846,-0.676958778374792,0.300887049033846,0.15328724779744,"i610","XwAL00352","ko","Reporter.intensity.16","Beta 1"
"560",2.68453765569712,0.379191049510527,"2","ko",0.539185150818002,0.610174439768128,0.539185150818002,0.234579247675003,"i611","XwAL00352","ko","Reporter.intensity.17","Beta 1"
"561",1.84247160612132,-1.13456337792249,"2","ko",-0.249704315559857,1.31461737199233,-0.249704315559857,0.599038005478561,"i612","XwAL00352","ko","Reporter.intensity.18","Beta 1"
"562",6.88582683263804,-0.152954271858644,"0","ko",0.0266735703565012,0.0961924698723018,0.0266735703565012,0.38631754833137,"i617","XwAL00353","ko","Reporter.intensity.5","Beta 2"
"563",-2.11252736391042,-2.42234318596692,"3","ko",0.540183126887462,0.337082822178524,0.540183126887462,0.809985910541364,"i618","XwAL00353","ko","Reporter.intensity.6","Beta 1"
"564",-2.38511835874532,-9.56463926178784,"8","ko",-0.140042669623673,-0.324010761500504,-0.140042669623673,1.75844371164597,"i619","XwAL00353","ko","Reporter.intensity.7","Vasculature"
"565",1.98377490697886,5.20176155226855,"6","ko",-0.937908834042549,-0.204112443046324,-0.937908834042549,0.0328572573619978,"i62","XwAL00316","ko","Reporter.intensity.8","Beta 1"
"566",2.02854943929697,4.0538414205852,"7","wt",-0.472121826875503,0.00598564406522787,-0.472121826875503,-0.617858369657603,"i620","XwAL00353","wt","Reporter.intensity.8","Beta 1"
"567",0.172538227424874,6.26327592986255,"7","wt",0.432796220424049,-0.190510981762877,0.432796220424049,-0.958199288685705,"i621","XwAL00353","wt","Reporter.intensity.9","Beta 1"
"568",-4.05215286554311,1.02779919760852,"6","wt",-0.671849792912331,-0.578718980768686,-0.671849792912331,0.18710859385958,"i622","XwAL00353","wt","Reporter.intensity.10","Beta 1"
"569",-2.34946440996145,-3.24404423577161,"3","wt",0.568714402394027,-0.519252486189856,0.568714402394027,0.483438068656855,"i623","XwAL00353","wt","Reporter.intensity.11","Beta 1"
"570",-4.02166818918203,-3.38707869393201,"3","wt",0.215156494101055,-0.528156081195469,0.215156494101055,NA,"i624","XwAL00353","wt","Reporter.intensity.12","Beta 1"
"571",-3.62244486154531,2.65401036399035,"4","wt",0.271030348144966,-0.28866163318272,0.271030348144966,0.183995203128569,"i625","XwAL00353","wt","Reporter.intensity.13","Beta 1"
"572",-1.20137184204076,3.46612627165942,"1","wt",-0.588094072985269,0.69490327862263,-0.588094072985269,-1.13391535542335,"i626","XwAL00353","wt","Reporter.intensity.14","Beta 1"
"573",-0.849552863254295,-2.14252119404645,"2","ko",0.243030399383822,-0.282906802915527,0.243030399383822,0.0188097910854795,"i627","XwAL00353","ko","Reporter.intensity.15","Beta 1"
"574",1.99310589490916,0.95458597796588,"6","ko",0.612370495307706,0.808467057584014,0.612370495307706,-0.799856369002444,"i628","XwAL00353","ko","Reporter.intensity.16","Beta 1"
"575",0.111666566715493,2.57252699988513,"2","ko",-1.13775964241718,0.620954080411635,-1.13775964241718,-0.0407086240078143,"i629","XwAL00353","ko","Reporter.intensity.17","Beta 1"
"576",-0.632711634948001,5.5729425634685,"6","wt",0.686395706228175,0.277172199426013,0.686395706228175,-0.454113186648167,"i63","XwAL00316","wt","Reporter.intensity.9","Beta 1"
"577",-1.02283503951047,3.00348741667895,"1","ko",-0.0223398495081664,0.425614800316906,-0.0223398495081664,-0.0032170285569503,"i635","XwAL00354","ko","Reporter.intensity.5","Beta 1"
"578",-1.86086630166982,-2.77046029908032,"3","wt",-0.412168579246023,-0.553350589266048,-0.412168579246023,-0.358026786165539,"i638","XwAL00354","wt","Reporter.intensity.8","Beta 1"
"579",-3.23866771997427,-3.85852997643323,"3","wt",0.455696812437306,-0.721248722003544,0.455696812437306,NA,"i639","XwAL00354","wt","Reporter.intensity.9","Beta 1"
"580",-0.592846722318874,-0.139197311228227,"4","wt",-0.244586325733602,0.128641251502063,-0.244586325733602,NA,"i64","XwAL00316","wt","Reporter.intensity.10","Beta 1"
"581",-3.24810647310232,0.142206438952971,"6","wt",-0.155194955941724,-0.649057729811838,-0.155194955941724,NA,"i642","XwAL00354","wt","Reporter.intensity.12","Beta 1"
"582",-3.12687515558218,3.14598686354785,"1","wt",-0.372299780294907,0.239977706828932,-0.372299780294907,-0.56153162718579,"i643","XwAL00354","wt","Reporter.intensity.13","Beta 1"
"583",8.24265790639903,-1.21114884955258,"0","ko",1.20943811980123,-0.587703497966489,1.20943811980123,-0.381626364561805,"i644","XwAL00354","ko","Reporter.intensity.14","Beta 2"
"584",-0.390728288306938,1.05063635962634,"4","ko",-0.5682708981336,0.479267742435642,-0.5682708981336,1.23226239061579,"i645","XwAL00354","ko","Reporter.intensity.15","Beta 1"
"585",1.09895396886851,-1.61727338177533,"2","ko",0.180456101182904,0.685699343400254,0.180456101182904,-0.0376972888968535,"i646","XwAL00354","ko","Reporter.intensity.16","Beta 1"
"586",7.02458167730357,-0.866746595924806,"0","ko",-0.693022277159364,0.375041348998858,-0.693022277159364,0.956885944799974,"i647","XwAL00354","ko","Reporter.intensity.17","Beta 2"
"587",-2.45289551557516,3.07164938109546,"4","ko",0.386084704099278,0.908516003301017,0.386084704099278,-0.363064428595015,"i648","XwAL00354","ko","Reporter.intensity.18","Beta 1"
"588",0.706770188198342,4.06925518172412,"7","wt",-0.206637290415175,-0.0839721541670299,-0.206637290415175,-0.415671838132131,"i654","XwAL00357","wt","Reporter.intensity.6","Beta 1"
"589",-5.06109785379385,-0.128826013630342,"6","wt",0.738060615553867,-0.831924812462856,0.738060615553867,0.0307790199976455,"i655","XwAL00357","wt","Reporter.intensity.7","Beta 1"
"590",-2.12531637491201,-9.25106542450757,"8","wt",0.269426719441711,-0.175037768314876,0.269426719441711,-0.0762299686819109,"i656","XwAL00357","wt","Reporter.intensity.8","Vasculature"
"591",-3.94758962930654,-3.38883703095288,"3","wt",1.26513364604974,-0.630682662223773,1.26513364604974,0.090072548311605,"i657","XwAL00357","wt","Reporter.intensity.9","Beta 1"
"592",-1.70205723585104,-4.24305503708692,"3","wt",-0.289133290419079,-0.496520360922188,-0.289133290419079,-0.0419876658124539,"i658","XwAL00357","wt","Reporter.intensity.10","Beta 1"
"593",-0.10774337591146,5.91072351592212,"1","ko",-0.644326300287173,0.16079913198931,-0.644326300287173,0.439760903703919,"i659","XwAL00357","ko","Reporter.intensity.11","Beta 1"
"594",-4.89097666086172,-1.13592629772992,"6","wt",1.22968583013593,-1.11421356697316,1.22968583013593,-0.315424511162105,"i66","XwAL00316","wt","Reporter.intensity.12","Beta 1"
"595",0.347824222431435,-1.10776840788693,"2","ko",1.22911432578626,0.467214423370607,1.22911432578626,-0.324288281649813,"i660","XwAL00357","ko","Reporter.intensity.12","Beta 1"
"596",1.9794540470698,-0.514744265800428,"2","ko",-1.66567632779281,0.655398919854526,-1.66567632779281,0.351280987406964,"i662","XwAL00357","ko","Reporter.intensity.14","Beta 1"
"597",2.57946420370127,0.642432161742735,"2","ko",-0.587968175268116,1.22867074988138,-0.587968175268116,0.187472702284943,"i663","XwAL00357","ko","Reporter.intensity.15","Beta 1"
"598",1.74956560789134,0.722764917785216,"2","ko",-0.697850530282888,0.130208968465782,-0.697850530282888,-0.536158411490662,"i664","XwAL00357","ko","Reporter.intensity.16","Beta 1"
"599",-2.60846995653127,-3.01967852455945,"3","wt",0.677076927017988,-0.413261218334658,0.677076927017988,0.340794688152929,"i666","XwAL00357","wt","Reporter.intensity.18","Beta 1"
"600",-4.74394201578115,-1.04762374502988,"6","wt",-0.187064653127264,-0.450647219058953,-0.187064653127264,NA,"i67","XwAL00316","wt","Reporter.intensity.13","Beta 1"
"601",0.656378990993752,0.607094713622618,"2","ko",0.53648345185301,0.170489379964202,0.53648345185301,0.253676169396056,"i671","XwAL00358","ko","Reporter.intensity.5","Beta 1"
"602",-0.0331929856679299,2.04527122634082,"2","ko",-1.54541875067611,1.14693181133853,-1.54541875067611,1.02011809587316,"i672","XwAL00358","ko","Reporter.intensity.6","Beta 1"
"603",1.90744043050791,0.940066763335753,"2","ko",1.12642365598465,1.14139747685771,1.12642365598465,0.471368677475349,"i674","XwAL00358","ko","Reporter.intensity.8","Beta 1"
"604",-3.55763744653677,-3.20727627617688,"3","ko",1.05028088879984,-1.2323165866641,1.05028088879984,0.072618985752373,"i675","XwAL00358","ko","Reporter.intensity.9","Beta 1"
"605",0.559483057842507,3.96315509932666,"7","ko",0.35417715754549,-0.208845533712328,0.35417715754549,-0.930915564175606,"i676","XwAL00358","ko","Reporter.intensity.10","Beta 1"
"606",-3.58495663942312,-1.9735285554585,"5","ko",-0.684756402743193,-0.439191496070051,-0.684756402743193,NA,"i677","XwAL00358","ko","Reporter.intensity.11","Beta 1"
"607",-4.00227116884206,2.70335228102832,"4","wt",2.10039708152551,-0.492957309550033,2.10039708152551,-0.0897783226869435,"i678","XwAL00358","wt","Reporter.intensity.12","Beta 1"
"608",-1.9354959660909,-8.22869031769605,"8","wt",-0.509073652051789,-0.132474148192589,-0.509073652051789,-0.570104078060132,"i679","XwAL00358","wt","Reporter.intensity.13","Vasculature"
"609",-2.63887833894704,-8.5784279618916,"8","wt",0.165724873199786,-0.358943655911292,0.165724873199786,-0.607302432511023,"i68","XwAL00316","wt","Reporter.intensity.14","Vasculature"
"610",5.98688769994761,1.43605548995166,"0","wt",-0.011434269006974,-0.594714698217701,-0.011434269006974,NA,"i680","XwAL00358","wt","Reporter.intensity.14","Beta 2"
"611",0.0551362103083274,3.99859983580737,"7","wt",1.1621826355555,0.511528703079939,1.1621826355555,NA,"i681","XwAL00358","wt","Reporter.intensity.15","Beta 1"
"612",0.0501658385851523,5.16983492034106,"1","wt",-1.2501778351874,0.65841125675816,-1.2501778351874,0.234102461066578,"i682","XwAL00358","wt","Reporter.intensity.16","Beta 1"
"613",-4.91358589471792,0.0804417814555648,"7","wt",-0.862196167603785,-0.80644965193441,-0.862196167603785,NA,"i683","XwAL00358","wt","Reporter.intensity.17","Beta 1"
"614",-2.0168906384847,-8.78606145722241,"8","wt",-1.23559291362098,0.460766249749387,-1.23559291362098,-0.207324129907148,"i684","XwAL00358","wt","Reporter.intensity.18","Vasculature"
"615",1.10151172338511,-1.66766291004987,"2","ko",0.540951290328997,0.467631304908102,0.540951290328997,-0.107538847057307,"i689","XwAL00359","ko","Reporter.intensity.5","Beta 1"
"616",1.12029135881449,4.06597787993579,"6","wt",0.407680354552603,-0.279174288645134,0.407680354552603,NA,"i69","XwAL00316","wt","Reporter.intensity.15","Beta 1"
"617",-2.56259571851705,-2.44373028618665,"3","ko",0.522388930231454,0.191087729227056,0.522388930231454,0.567110604383327,"i690","XwAL00359","ko","Reporter.intensity.6","Beta 1"
"618",-2.42467021287893,-4.36712115151257,"3","ko",2.95515149318698,-1.99325084045245,2.95515149318698,-0.214094084728568,"i691","XwAL00359","ko","Reporter.intensity.7","Beta 1"
"619",-0.911450081481681,4.5171359266582,"1","ko",-0.594808255857363,0.518790002261605,-0.594808255857363,0.166131057388702,"i692","XwAL00359","ko","Reporter.intensity.8","Beta 1"
"620",-1.55731051506017,-3.98455612999768,"3","ko",0.755182332338892,0.498210935083109,0.755182332338892,0.78473020195386,"i693","XwAL00359","ko","Reporter.intensity.9","Beta 1"
"621",-0.357111894502387,5.92962057250171,"1","wt",0.198423986401772,0.80913250904215,0.198423986401772,-0.118071239061015,"i695","XwAL00359","wt","Reporter.intensity.11","Beta 1"
"622",-2.43403982461904,-6.57191531998487,"9","wt",-0.512249382277568,-2.4442386740038,-0.512249382277568,-0.364024241923974,"i696","XwAL00359","wt","Reporter.intensity.12","Delta"
"623",-0.566820600046859,4.84407598632007,"1","wt",-0.0298963345037098,0.0693583085159936,-0.0298963345037098,-0.089824324181658,"i697","XwAL00359","wt","Reporter.intensity.13","Beta 1"
"624",-1.29021441282247,4.90076048033862,"1","wt",0.113426404605755,0.452885802272531,0.113426404605755,0.261232183188085,"i698","XwAL00359","wt","Reporter.intensity.14","Beta 1"
"625",0.695485956058755,5.34448225157886,"7","wt",-0.424664569563839,0.560597222700611,-0.424664569563839,-0.121372504307675,"i699","XwAL00359","wt","Reporter.intensity.15","Beta 1"
"626",0.764338380680337,-1.739852837151,"2","ko",-0.67648109720429,1.09031428717955,-0.67648109720429,0.158349411214917,"i7","XwAL00313","ko","Reporter.intensity.7","Beta 1"
"627",-0.684375090501354,-3.34639327866406,"2","ko",-0.485225184466534,0.164855655362034,-0.485225184466534,NA,"i70","XwAL00316","ko","Reporter.intensity.16","Beta 1"
"628",-4.88832878412221,0.829541393691588,"6","wt",-0.605425471979297,-0.388937561911946,-0.605425471979297,NA,"i700","XwAL00359","wt","Reporter.intensity.16","Beta 1"
"629",2.51957154928233,0.853253671104002,"2","wt",-2.8358945506794,1.05062655368692,-2.8358945506794,-0.578544657824784,"i701","XwAL00359","wt","Reporter.intensity.17","Beta 1"
"630",1.20813036619212,5.56156570571094,"7","ko",-0.0743516086511555,-0.0159460095009969,-0.0743516086511555,-0.312672328015712,"i707","XwAL00361","ko","Reporter.intensity.5","Beta 1"
"631",-1.5314478808782,-2.96952598435254,"3","ko",-0.60044095426072,1.02153328947571,-0.60044095426072,-0.0440049152351461,"i708","XwAL00361","ko","Reporter.intensity.6","Beta 1"
"632",1.93074298559214,-0.115456214970064,"2","ko",-0.786806835493019,1.02054580394907,-0.786806835493019,-0.259429936960398,"i709","XwAL00361","ko","Reporter.intensity.7","Beta 1"
"633",3.28169942556406,2.14681703704028,"3","ko",-0.131884335418243,0.07046068415741,-0.131884335418243,NA,"i71","XwAL00316","ko","Reporter.intensity.17","Beta 1"
"634",2.36739779172923,1.19570762770801,"2","ko",-1.83041418521518,1.5449108335114,-1.83041418521518,-0.379118846030237,"i710","XwAL00361","ko","Reporter.intensity.8","Beta 1"
"635",-4.44299744905447,-1.73300938946576,"6","wt",1.10950720438698,0.0157098544929063,1.10950720438698,NA,"i711","XwAL00361","wt","Reporter.intensity.9","Beta 1"
"636",-3.02904605211233,-1.5847488556561,"5","wt",0.861561450515969,-0.634758134002282,0.861561450515969,0.291253924895565,"i712","XwAL00361","wt","Reporter.intensity.10","Beta 1"
"637",-0.899490156187759,3.26580865042834,"1","wt",-0.328854865696438,0.227273423060096,-0.328854865696438,0.168451007286032,"i713","XwAL00361","wt","Reporter.intensity.11","Beta 1"
"638",8.72261453329112,-1.3615022216496,"0","wt",0.386148310300506,-1.66707233384386,0.386148310300506,NA,"i714","XwAL00361","wt","Reporter.intensity.12","Beta 2"
"639",-1.92374729455923,-7.92929284912915,"8","wt",0.0659036611304408,-2.2160920301419,0.0659036611304408,-1.37895633512192,"i715","XwAL00361","wt","Reporter.intensity.13","Vasculature"
"640",-0.243879073276267,-2.60310380799146,"2","wt",-0.0218881472797152,-0.205222412063542,-0.0218881472797152,NA,"i716","XwAL00361","wt","Reporter.intensity.14","Beta 1"
"641",-3.52530931772207,-3.70701616150708,"3","wt",-0.0205571437945018,-0.477135485214144,-0.0205571437945018,-0.26425256496209,"i717","XwAL00361","wt","Reporter.intensity.15","Beta 1"
"642",-0.0587871009251931,5.98553640502124,"1","ko",0.720527213096065,0.510794261441112,0.720527213096065,-0.221467656343611,"i718","XwAL00361","ko","Reporter.intensity.16","Beta 1"
"643",-0.26842572630857,4.57870561736255,"1","ko",-0.247382663990727,0.590698254852501,-0.247382663990727,2.88524421647387,"i719","XwAL00361","ko","Reporter.intensity.17","Beta 1"
"644",1.17279148756052,3.3663004125896,"2","ko",-0.0795375321085389,0.825865402356293,-0.0795375321085389,NA,"i72","XwAL00316","ko","Reporter.intensity.18","Beta 1"
"645",-3.38715624155019,2.58265216010242,"1","ko",0.875960334545355,0.586926180546675,0.875960334545355,-0.474437743540284,"i720","XwAL00361","ko","Reporter.intensity.18","Beta 1"
"646",1.52997589765574,-0.666543512469244,"2","ko",-0.461263788320742,0.0900647659144323,-0.461263788320742,0.312753437602632,"i725","XwAL00362","ko","Reporter.intensity.5","Beta 1"
"647",1.53188992200877,2.74269873755603,"1","ko",-1.42226539670018,1.30865019047017,-1.42226539670018,-0.0353196224070097,"i726","XwAL00362","ko","Reporter.intensity.6","Beta 1"
"648",-2.76392268480276,-6.64622896057935,"9","ko",0.905123692080349,-1.51813164045486,0.905123692080349,-0.580441516960312,"i727","XwAL00362","ko","Reporter.intensity.7","Delta"
"649",-3.32353448213552,-1.85046475273938,"5","wt",1.95247816276644,-0.124035957681357,1.95247816276644,0.250056529958017,"i728","XwAL00362","wt","Reporter.intensity.8","Beta 1"
"650",-3.66728448213552,2.22927076476245,"6","wt",-1.37328796695768,-0.302054682197268,-1.37328796695768,-1.13196334603995,"i729","XwAL00362","wt","Reporter.intensity.9","Beta 1"
"651",1.89680100141551,4.1329167570415,"7","wt",-1.51424540801252,-0.115908710247746,-1.51424540801252,NA,"i730","XwAL00362","wt","Reporter.intensity.10","Beta 1"
"652",-2.31456040681814,-7.3004009042439,"8","wt",0.421242503100086,-0.0304136141054784,0.421242503100086,0.140916488187599,"i731","XwAL00362","wt","Reporter.intensity.11","Vasculature"
"653",0.00600696264292211,1.02713293688922,"2","wt",1.14251519623865,0.405212251732284,1.14251519623865,-0.547630703184688,"i732","XwAL00362","wt","Reporter.intensity.12","Beta 1"
"654",-4.01544474901174,-0.6260025155303,"5","wt",-1.21407507663669,-1.69638348963761,-1.21407507663669,NA,"i733","XwAL00362","wt","Reporter.intensity.13","Beta 1"
"655",-0.130653076781974,4.17562229293017,"1","ko",1.95924977310693,0.709639039816886,1.95924977310693,-0.26146390889425,"i735","XwAL00362","ko","Reporter.intensity.15","Beta 1"
"656",7.46200681386973,-0.118237546509218,"0","ko",-0.4091263878295,0.692144513890494,-0.4091263878295,1.37034229040152,"i736","XwAL00362","ko","Reporter.intensity.16","Beta 2"
"657",5.39160896001841,1.04447323935657,"0","ko",0.0164139503792448,0.749622637402175,0.0164139503792448,0.192019346457906,"i738","XwAL00362","ko","Reporter.intensity.18","Beta 2"
"658",-0.0595475965878823,4.84758169310718,"1","ko",0.0883887535526237,0.0474023371048206,0.0883887535526237,0.736247900165428,"i743","XwAL00363","ko","Reporter.intensity.5","Beta 1"
"659",-1.30439948381399,-3.7010983739552,"3","wt",0.527812341518462,0.773466444083587,0.527812341518462,-0.0506383511207908,"i745","XwAL00363","wt","Reporter.intensity.7","Beta 1"
"660",1.77060366331126,4.43212206023364,"7","wt",-0.208315950107258,0.352028087651302,-0.208315950107258,-0.363285289545991,"i746","XwAL00363","wt","Reporter.intensity.8","Beta 1"
"661",8.18476796804453,0.128751644069243,"0","wt",-0.0494620374933974,-1.68464956276355,-0.0494620374933974,0.357259717929401,"i748","XwAL00363","wt","Reporter.intensity.10","Beta 2"
"662",2.76837611852671,1.77730900900989,"5","wt",0.433812007976826,-0.379845321672378,0.433812007976826,NA,"i749","XwAL00363","wt","Reporter.intensity.11","Beta 1"
"663",-4.48839330018972,-0.798446110313844,"5","wt",0.511371131125328,-0.956183697092127,0.511371131125328,-0.138899166342403,"i750","XwAL00363","wt","Reporter.intensity.12","Beta 1"
"664",1.22348440347697,2.85356504576831,"5","wt",-0.162260293070163,0.0171524483928527,-0.162260293070163,0.26730182392994,"i751","XwAL00363","wt","Reporter.intensity.13","Beta 1"
"665",-2.69012498201345,-7.50141971451612,"9","ko",0.00497850964675641,0.0701491213992327,0.00497850964675641,-0.548177638189021,"i752","XwAL00363","ko","Reporter.intensity.14","Delta"
"666",2.08769798933054,0.623126574927855,"2","ko",-0.00748105406043504,1.60806405390243,-0.00748105406043504,-0.355050651105221,"i753","XwAL00363","ko","Reporter.intensity.15","Beta 1"
"667",-2.53232406915639,-2.56987099987836,"3","ko",0.18218084952835,0.413189453482924,0.18218084952835,-0.15530117869149,"i754","XwAL00363","ko","Reporter.intensity.16","Beta 1"
"668",-1.95375775636648,-8.7180091653523,"8","ko",-1.49039763785739,-0.187694147763153,-1.49039763785739,-0.0761227997235897,"i755","XwAL00363","ko","Reporter.intensity.17","Vasculature"
"669",1.23016787229563,3.81660349028735,"7","ko",0.230506060208796,0.153699515930301,0.230506060208796,0.275711865064459,"i756","XwAL00363","ko","Reporter.intensity.18","Beta 1"
"670",-3.30370163263296,-0.384666225737047,"5","wt",-0.828874861291432,-0.481376085994235,-0.828874861291432,0.0399910090399384,"i762","XwAL00364","wt","Reporter.intensity.6","Beta 1"
"671",-0.236239963187919,-1.85549884182782,"2","wt",0.163432117199764,0.171674450847922,0.163432117199764,-0.0490182776430403,"i763","XwAL00364","wt","Reporter.intensity.7","Beta 1"
"672",-3.59525417627309,0.787273355895567,"5","wt",0.206030890547389,-0.984060494533802,0.206030890547389,-0.0358929480771269,"i764","XwAL00364","wt","Reporter.intensity.8","Beta 1"
"673",-1.91974531949972,-1.32791101080747,"3","wt",0.201895576430316,-0.576999122564358,0.201895576430316,-0.571145670355997,"i765","XwAL00364","wt","Reporter.intensity.9","Beta 1"
"674",-2.03077959360097,1.65827328818469,"6","wt",0.147252431495037,0.00412941145276311,0.147252431495037,-0.637186391007772,"i766","XwAL00364","wt","Reporter.intensity.10","Beta 1"
"675",7.66998792348887,0.550630279952574,"0","wt",-0.973472163868257,-1.10168182628176,-0.973472163868257,0.760435205306868,"i767","XwAL00364","wt","Reporter.intensity.11","Beta 2"
"676",-4.01751756013845,0.844436475211668,"5","wt",0.785323451594399,-0.748925742431288,0.785323451594399,-0.417182116881462,"i768","XwAL00364","wt","Reporter.intensity.12","Beta 1"
"677",0.577873832569375,-0.890333524769258,"2","ko",0.00313847199716345,1.4333675836315,0.00313847199716345,-0.642261014967489,"i769","XwAL00364","ko","Reporter.intensity.13","Beta 1"
"678",8.45595575033213,-1.34124272209973,"0","ko",0.16850549454388,-0.651995218528847,0.16850549454388,-0.178868199827846,"i77","XwAL00317","ko","Reporter.intensity.5","Beta 2"
"679",8.32991433797862,-1.00440426809163,"0","ko",-0.649952290105342,-0.16209444410277,-0.649952290105342,-0.0747764533454646,"i770","XwAL00364","ko","Reporter.intensity.14","Beta 2"
"680",-0.697367168008433,0.770564624244261,"4","ko",0.28338611289274,0.609885316250185,0.28338611289274,0.518593264455158,"i771","XwAL00364","ko","Reporter.intensity.15","Beta 1"
"681",-1.8717490369222,1.91169626372485,"4","ko",0.533117685531752,0.239948273445688,0.533117685531752,0.171734518026076,"i772","XwAL00364","ko","Reporter.intensity.16","Beta 1"
"682",0.349299437389626,3.7482035841289,"5","ko",0.7159447815287,0.659433915509081,0.7159447815287,-0.178349024850713,"i773","XwAL00364","ko","Reporter.intensity.17","Beta 1"
"683",7.46461129842783,-0.248838147943926,"0","ko",-0.679160591842005,0.796040949914309,-0.679160591842005,0.996696766479286,"i774","XwAL00364","ko","Reporter.intensity.18","Beta 2"
"684",-2.70869516672109,-9.08985441071362,"8","wt",-0.13032406710205,-0.821267045523295,-0.13032406710205,-0.474912846630385,"i779","XwAL00365","wt","Reporter.intensity.5","Vasculature"
"685",-1.97543060125326,4.67536050933032,"1","ko",-0.28825676629987,0.319621257539163,-0.28825676629987,-0.178721939456251,"i78","XwAL00317","ko","Reporter.intensity.6","Beta 1"
"686",-2.88703154863332,-6.6491238389668,"9","wt",5.19855427151322,-2.83046919212954,5.19855427151322,-0.270926426138323,"i780","XwAL00365","wt","Reporter.intensity.6","Delta"
"687",-0.972886108770118,0.889698573524046,"4","wt",0.332172504563471,0.0959255958390482,0.332172504563471,0.634348063548899,"i781","XwAL00365","wt","Reporter.intensity.7","Beta 1"
"688",-4.47716640771841,-0.702983370846224,"5","wt",2.13797682695341,-0.878642913139921,2.13797682695341,-0.0417696938557636,"i782","XwAL00365","wt","Reporter.intensity.8","Beta 1"
"689",-2.35650920213674,-2.59696047646375,"3","wt",0.557351301745641,-0.195777111510498,0.557351301745641,-0.119428433412833,"i783","XwAL00365","wt","Reporter.intensity.9","Beta 1"
"690",1.59471083341624,2.95452553885608,"5","wt",-2.05134567655942,-0.161876584138143,-2.05134567655942,-0.257825812787651,"i784","XwAL00365","wt","Reporter.intensity.10","Beta 1"
"691",0.967632538662209,1.41912109511523,"5","wt",-0.683568475251096,0.222882847008746,-0.683568475251096,0.505481389724577,"i785","XwAL00365","wt","Reporter.intensity.11","Beta 1"
"692",0.288977569923653,2.2414315428081,"2","ko",-2.45330479241364,1.11840908635607,-2.45330479241364,0.228988761991007,"i786","XwAL00365","ko","Reporter.intensity.12","Beta 1"
"693",5.24347234426524,0.580899783546019,"0","ko",0.645341882235514,2.67796088904949,0.645341882235514,0.151747589937652,"i787","XwAL00365","ko","Reporter.intensity.13","Beta 2"
"694",0.259305662498727,3.65002424376636,"7","ko",-1.97711532744709,0.254134424136139,-1.97711532744709,-0.43137613159202,"i788","XwAL00365","ko","Reporter.intensity.14","Beta 1"
"695",6.48580194173838,1.2475282635036,"0","ko",0.269150016746081,0.129401739838795,0.269150016746081,0.0183275277481027,"i789","XwAL00365","ko","Reporter.intensity.15","Beta 2"
"696",-2.26283084691976,0.740326591903258,"4","ko",-0.126861632085285,0.117267020582166,-0.126861632085285,NA,"i79","XwAL00317","ko","Reporter.intensity.7","Beta 1"
"697",-1.29543381275152,4.56275350707202,"1","ko",-1.82907922061217,0.11443492768226,-1.82907922061217,-0.0845004615552644,"i790","XwAL00365","ko","Reporter.intensity.16","Beta 1"
"698",-3.85554670633291,2.59079534667163,"4","wt",-0.212091113347365,-0.0424527806558589,-0.212091113347365,0.172234568499006,"i797","XwAL00366","wt","Reporter.intensity.5","Beta 1"
"699",0.840279824123635,0.417191811973143,"5","wt",1.70896926673552,0.473008183947002,1.70896926673552,-0.644715507483467,"i798","XwAL00366","wt","Reporter.intensity.6","Beta 1"
"700",-3.397515051975,-3.38289397103162,"3","wt",0.000905442859077983,-0.83822857005535,0.000905442859077983,-0.0967703104408928,"i799","XwAL00366","wt","Reporter.intensity.7","Beta 1"
"701",-4.15955805124258,-3.68622582299085,"3","ko",2.12877384500589,-2.04390165404764,2.12877384500589,0.199152779024587,"i8","XwAL00313","ko","Reporter.intensity.8","Beta 1"
"702",-1.02102013768171,3.33739716666369,"1","wt",0.206406506130174,1.04961195453145,0.206406506130174,-0.252373588894808,"i80","XwAL00317","wt","Reporter.intensity.8","Beta 1"
"703",-2.51436960042928,-9.61925523621411,"8","wt",-1.42753220575079,0.0784630320856174,-1.42753220575079,0.229801385134521,"i800","XwAL00366","wt","Reporter.intensity.8","Vasculature"
"704",-4.15247415842031,-2.24148671967359,"3","wt",0.442875028604508,-0.931485247729295,0.442875028604508,NA,"i801","XwAL00366","wt","Reporter.intensity.9","Beta 1"
"705",-1.8703275853536,-4.31682365280957,"3","wt",0.5333346488083,-0.732849355870199,0.5333346488083,0.135221059556703,"i802","XwAL00366","wt","Reporter.intensity.10","Beta 1"
"706",-2.77927588762258,-3.2558087621388,"3","ko",-1.02980489312489,-0.101898818199284,-1.02980489312489,0.110934804589473,"i803","XwAL00366","ko","Reporter.intensity.11","Beta 1"
"707",-1.03187918008779,5.17658550398974,"1","ko",-0.185316948272823,0.356655191100065,-0.185316948272823,-0.458998330350735,"i804","XwAL00366","ko","Reporter.intensity.12","Beta 1"
"708",0.120591110573067,2.4839065756145,"1","ko",-0.706159823687428,0.922259843033624,-0.706159823687428,0.117578122525392,"i805","XwAL00366","ko","Reporter.intensity.13","Beta 1"
"709",0.192475504265084,2.25712496894031,"2","ko",-0.145887221361577,0.642258918499542,-0.145887221361577,-0.0293372401343104,"i806","XwAL00366","ko","Reporter.intensity.14","Beta 1"
"710",5.92282987295176,1.61880786078601,"0","ko",0.704301228270517,-0.305634053487252,0.704301228270517,-0.292037507408267,"i807","XwAL00366","ko","Reporter.intensity.15","Beta 2"
"711",0.417634255275979,3.29703910010486,"1","ko",0.136587357061285,0.524380138853991,0.136587357061285,0.626920266478013,"i808","XwAL00366","ko","Reporter.intensity.16","Beta 1"
"712",6.56419349370982,1.14945227759509,"0","wt",-0.218530001893984,-0.88663866556595,-0.218530001893984,-0.0222111041583381,"i81","XwAL00317","wt","Reporter.intensity.9","Beta 2"
"713",-2.62315379919027,-2.26075487477155,"3","wt",0.229367680021144,-0.0436474616741293,0.229367680021144,0.164666219943287,"i810","XwAL00366","wt","Reporter.intensity.18","Beta 1"
"714",4.42893434225108,1.61240799086719,"0","ko",-0.917695020348755,0.969200723857374,-0.917695020348755,0.0447748965037688,"i815","XwAL00368","ko","Reporter.intensity.5","Beta 2"
"715",4.65559030233408,1.51253897803454,"0","ko",0.419344022919883,1.53248344096896,0.419344022919883,0.0823497373254375,"i816","XwAL00368","ko","Reporter.intensity.6","Beta 2"
"716",-2.69453930200552,-7.0348774705586,"8","ko",0.245362218331832,0.927477391087471,0.245362218331832,0.188835807174827,"i817","XwAL00368","ko","Reporter.intensity.7","Vasculature"
"717",-1.48402725995992,-1.5572972808537,"4","wt",-0.201937689561068,0.502012965686923,-0.201937689561068,NA,"i82","XwAL00317","wt","Reporter.intensity.10","Beta 1"
"718",0.691002256260171,1.09269995349078,"5","ko",0.329247939821658,1.24442187613042,0.329247939821658,-0.0898827478516651,"i820","XwAL00368","ko","Reporter.intensity.10","Beta 1"
"719",5.24585462270762,1.40199131625323,"0","wt",0.0380738583778217,-0.417937860002683,0.0380738583778217,0.274193410035489,"i821","XwAL00368","wt","Reporter.intensity.11","Beta 2"
"720",0.730178243503823,3.62582857268481,"7","wt",0.15208160649719,-0.488470004388739,0.15208160649719,NA,"i822","XwAL00368","wt","Reporter.intensity.12","Beta 1"
"721",-2.8280456000707,-8.84660833222241,"8","wt",-0.899852144955353,-1.1809700006523,-0.899852144955353,0.235375537786694,"i823","XwAL00368","wt","Reporter.intensity.13","Vasculature"
"722",-2.77584337533926,-8.70050256592603,"8","wt",0.391604531509677,-0.410725665605551,0.391604531509677,-0.76515836645233,"i824","XwAL00368","wt","Reporter.intensity.14","Vasculature"
"723",-3.07733105958913,-6.01858632904859,"9","wt",-0.208405051521113,-2.48550918244374,-0.208405051521113,0.0392983939975837,"i827","XwAL00368","wt","Reporter.intensity.17","Alpha"
"724",2.09430361448313,2.44892294066577,"7","ko",0.501725895069569,0.499555513157653,0.501725895069569,-0.0137917246968129,"i828","XwAL00368","ko","Reporter.intensity.18","Beta 1"
"725",-3.12235330881094,-5.77017705780835,"3","wt",NA,-1.07370984437899,NA,NA,"i83","XwAL00317","wt","Reporter.intensity.11","Beta 1"
"726",1.3143214052775,5.84933454650073,"4","ko",0.192172753428147,0.525589956577765,0.192172753428147,0.325770520148078,"i833","XwAL00369","ko","Reporter.intensity.5","Beta 1"
"727",1.15128017126109,1.47051150458484,"2","ko",-0.258556268950265,0.819875356138219,-0.258556268950265,0.219261975814537,"i834","XwAL00369","ko","Reporter.intensity.6","Beta 1"
"728",2.1510369843104,0.960569211417723,"5","ko",0.314105386654267,0.600980514648973,0.314105386654267,-0.111028819683012,"i835","XwAL00369","ko","Reporter.intensity.7","Beta 1"
"729",-1.78352701009725,-8.91922300202222,"8","ko",0.144228872040906,1.01863520932112,0.144228872040906,0.488604257639598,"i836","XwAL00369","ko","Reporter.intensity.8","Vasculature"
"730",-0.69853359924172,3.51850540297656,"1","ko",-0.48071222952523,0.483509374665159,-0.48071222952523,0.294226527187033,"i837","XwAL00369","ko","Reporter.intensity.9","Beta 1"
"731",-1.95810674966787,-4.29643218857617,"3","wt",-0.679098412453824,-0.407486237064865,-0.679098412453824,-0.150825108441753,"i838","XwAL00369","wt","Reporter.intensity.10","Beta 1"
"732",-3.25735568345998,-3.3303024087605,"3","wt",0.139616388089663,-0.98984366896964,0.139616388089663,-0.1734509914344,"i839","XwAL00369","wt","Reporter.intensity.11","Beta 1"
"733",-2.65014373601888,-0.547431620633316,"5","wt",-0.0227005012421696,-1.31665877816022,-0.0227005012421696,NA,"i84","XwAL00317","wt","Reporter.intensity.12","Beta 1"
"734",-4.76540207208608,-1.28473620755048,"6","wt",-0.212348549397926,-1.38223819946496,-0.212348549397926,-0.307874034940709,"i840","XwAL00369","wt","Reporter.intensity.12","Beta 1"
"735",0.976430065021767,6.13669807570605,"7","wt",1.02591734410052,-0.0398853619370518,1.02591734410052,-0.341475416630855,"i844","XwAL00369","wt","Reporter.intensity.16","Beta 1"
"736",1.34394860921885,5.3683436598125,"1","ko",0.0448806296123846,0.329767678864267,0.0448806296123846,0.365845804570082,"i845","XwAL00369","ko","Reporter.intensity.17","Beta 1"
"737",-1.64932584108327,-3.87568943840833,"3","ko",-0.145597117266467,-0.0379456635141515,-0.145597117266467,-0.0708554460647377,"i846","XwAL00369","ko","Reporter.intensity.18","Beta 1"
"738",-2.51561497987722,3.50577575820117,"1","wt",0.46626579524356,0.466791787796172,0.46626579524356,0.0271378325710685,"i85","XwAL00317","wt","Reporter.intensity.13","Beta 1"
"739",-4.2890527182958,-3.70058291298718,"3","ko",3.15885875937866,-1.69840361139021,3.15885875937866,-0.306110803971235,"i851","XwAL00371","ko","Reporter.intensity.5","Beta 1"
"740",1.26474798379923,-0.634446575170469,"2","ko",-0.58676835584892,0.411208732590168,-0.58676835584892,0.805303136983208,"i852","XwAL00371","ko","Reporter.intensity.6","Beta 1"
"741",-0.528357871784911,3.57498724120288,"1","ko",0.24911800457261,1.11249148222107,0.24911800457261,-0.645481739706311,"i853","XwAL00371","ko","Reporter.intensity.7","Beta 1"
"742",-4.32297348321889,-1.91366796833844,"3","wt",-0.799088779428746,-0.271863843056644,-0.799088779428746,0.0164512365114407,"i854","XwAL00371","wt","Reporter.intensity.8","Beta 1"
"743",-2.20569192708944,-7.37774389130445,"4","wt",0.0405407371066563,0.391598761759161,0.0405407371066563,-0.224523161246654,"i855","XwAL00371","wt","Reporter.intensity.9","Beta 1"
"744",-0.789111428870902,5.51598198073535,"7","wt",-0.872232112286048,0.965395734142012,-0.872232112286048,-0.853526578889924,"i857","XwAL00371","wt","Reporter.intensity.11","Beta 1"
"745",-0.156671040668235,6.17531902449756,"6","wt",-0.103809603467817,-0.117038652807491,-0.103809603467817,-0.105214568504103,"i858","XwAL00371","wt","Reporter.intensity.12","Beta 1"
"746",-4.20413636507009,-2.35688906056256,"3","wt",-0.736137679302311,-1.0985229732423,-0.736137679302311,0.109200086065496,"i859","XwAL00371","wt","Reporter.intensity.13","Beta 1"
"747",-2.10461401285146,1.9507194246593,"4","wt",0.367636267687253,0.675559585102351,0.367636267687253,NA,"i86","XwAL00317","wt","Reporter.intensity.14","Beta 1"
"748",1.18421006856944,-1.14867513520093,"2","ko",0.359982852150946,1.47076142375307,0.359982852150946,-0.0882835851322253,"i861","XwAL00371","ko","Reporter.intensity.15","Beta 1"
"749",-1.006366365566,5.35128957884936,"1","ko",0.02649234710643,-0.0569691251911673,0.02649234710643,0.215510712529857,"i862","XwAL00371","ko","Reporter.intensity.16","Beta 1"
"750",-1.60880445779775,-3.03287594658704,"3","ko",-0.140605854553192,0.570379127033669,-0.140605854553192,0.992139181943782,"i863","XwAL00371","ko","Reporter.intensity.17","Beta 1"
"751",6.25381828008677,-0.554208258962345,"3","ko",-0.593782816031674,-1.05448487213673,-0.593782816031674,NA,"i864","XwAL00371","ko","Reporter.intensity.18","Beta 1"
"752",6.10820460973765,-0.536579943126154,"0","ko",1.09601089853725,1.59356676719098,1.09601089853725,-0.577371897019207,"i869","XwAL00372","ko","Reporter.intensity.5","Beta 2"
"753",7.15973449407603,-1.12817799193234,"0","ko",-0.39243031436613,-1.24371179387747,-0.39243031436613,0.197298489218025,"i87","XwAL00317","ko","Reporter.intensity.15","Beta 2"
"754",-0.580249295546756,-0.761821753209543,"4","wt",-0.625439415687118,1.01560908410863,-0.625439415687118,-0.119712534057941,"i871","XwAL00372","wt","Reporter.intensity.7","Beta 1"
"755",-2.51721202672933,-8.48256080490918,"8","wt",0.900554923943628,-0.463242461502836,0.900554923943628,-0.0396020725777994,"i872","XwAL00372","wt","Reporter.intensity.8","Vasculature"
"756",-2.50722741426443,2.41794330733447,"4","wt",0.089048968489647,-0.0559107847411775,0.089048968489647,-0.727767790555749,"i873","XwAL00372","wt","Reporter.intensity.9","Beta 1"
"757",-3.06930827440237,3.17692620413928,"6","wt",-1.01289418717312,-0.680782080769392,-1.01289418717312,-0.0348273640984608,"i875","XwAL00372","wt","Reporter.intensity.11","Beta 1"
"758",-4.22327708543752,-2.46011953694196,"3","wt",-1.10771673584641,-1.63851606909264,-1.10771673584641,1.02700900846079,"i876","XwAL00372","wt","Reporter.intensity.12","Beta 1"
"759",-1.74330353082632,0.336345979148436,"4","wt",-0.547554580083759,-0.226455948320954,-0.547554580083759,0.239689356993118,"i877","XwAL00372","wt","Reporter.intensity.13","Beta 1"
"760",6.64833045660044,0.298678287440825,"0","ko",0.542371326425808,-0.18827319436216,0.542371326425808,-0.0497261397644766,"i878","XwAL00372","ko","Reporter.intensity.14","Beta 2"
"761",0.595359451160683,1.44543440001636,"5","ko",1.28643113231775,0.28410409770972,1.28643113231775,0.249072172777035,"i880","XwAL00372","ko","Reporter.intensity.16","Beta 1"
"762",0.104526347503915,3.96605426924853,"1","ko",0.0662471722922776,0.336204795789707,0.0662471722922776,-0.267981253934326,"i881","XwAL00372","ko","Reporter.intensity.17","Beta 1"
"763",5.81126332937266,-0.0699715529140946,"0","ko",-0.672026768275693,-0.0375985733177698,-0.672026768275693,NA,"i882","XwAL00372","ko","Reporter.intensity.18","Beta 2"
"764",-2.67694126905416,-9.41758172852368,"8","wt",0.136263239343759,-0.145926323746437,0.136263239343759,-1.25548069371377,"i888","XwAL00375","wt","Reporter.intensity.6","Vasculature"
"765",-2.64198326410268,0.372294434482146,"4","wt",0.0380216876496374,-0.457655050418075,0.0380216876496374,0.532728233397385,"i889","XwAL00375","wt","Reporter.intensity.7","Beta 1"
"766",1.63676906286265,0.650206872397948,"2","ko",0.198020393279004,1.01860399934199,0.198020393279004,0.350836946262087,"i89","XwAL00317","ko","Reporter.intensity.17","Beta 1"
"767",-2.15893697084402,-0.0481125031170365,"4","wt",0.26855721033949,0.00852513765802588,0.26855721033949,-0.155347611847223,"i890","XwAL00375","wt","Reporter.intensity.8","Beta 1"
"768",-3.33618830980276,1.76099640982776,"4","wt",-0.0525414388414585,-0.484153068652563,-0.0525414388414585,-0.335605035685305,"i891","XwAL00375","wt","Reporter.intensity.9","Beta 1"
"769",-4.04873251260732,2.79920370238452,"4","wt",0.298970294548786,-0.401921780800026,0.298970294548786,-0.573509557346897,"i892","XwAL00375","wt","Reporter.intensity.10","Beta 1"
"770",-3.8863677913091,-3.32608406884046,"3","ko",-0.255294218142653,-0.294619103530187,-0.255294218142653,-0.636511478192935,"i893","XwAL00375","ko","Reporter.intensity.11","Beta 1"
"771",-0.731036306335674,2.9849003042522,"1","ko",-0.0748237476250515,0.540434058098579,-0.0748237476250515,0.833107108666521,"i894","XwAL00375","ko","Reporter.intensity.12","Beta 1"
"772",5.58369422613169,0.14020974295764,"0","ko",-0.223183408450087,1.18735185307653,-0.223183408450087,0.701675108838423,"i895","XwAL00375","ko","Reporter.intensity.13","Beta 2"
"773",6.64310718236948,-0.716044760173273,"0","ko",0.128259636732143,-0.811268674703924,0.128259636732143,-0.22003888877152,"i897","XwAL00375","ko","Reporter.intensity.15","Beta 2"
"774",0.796913511142983,-0.389467513984155,"2","ko",-0.301815506764082,0.970736346534027,-0.301815506764082,0.879351417421165,"i898","XwAL00375","ko","Reporter.intensity.16","Beta 1"
"775",-0.417014741315589,0.0735124434772018,"6","ko",0.459220662477526,0.325864089601014,0.459220662477526,-0.0162957925834128,"i9","XwAL00313","ko","Reporter.intensity.9","Beta 1"
"776",-0.247518979921089,-2.42619674546094,"2","ko",-0.342113585738335,0.938626423533912,-0.342113585738335,NA,"i90","XwAL00317","ko","Reporter.intensity.18","Beta 1"
"777",-3.56363701166128,-1.03345673424573,"5","wt",0.0313987018298847,-0.194018045143729,0.0313987018298847,0.182048212561205,"i900","XwAL00375","wt","Reporter.intensity.18","Beta 1"
"778",6.58091188131358,1.24480909960895,"0","ko",-1.36838509047272,0.585492071137604,-1.36838509047272,-0.678537475499459,"i906","XwAL00376","ko","Reporter.intensity.6","Beta 2"
"779",-1.11128973306631,-3.05251806122632,"3","ko",-1.04156395240226,0.663058620408589,-1.04156395240226,-0.146008421866781,"i908","XwAL00376","ko","Reporter.intensity.8","Beta 1"
"780",-0.309949212684379,3.29634506362109,"1","ko",-0.68342743652162,0.609008349154197,-0.68342743652162,0.000142213462345667,"i909","XwAL00376","ko","Reporter.intensity.9","Beta 1"
"781",-0.798668750538574,4.14591343062549,"4","ko",0.0141373233596919,0.471927215746854,0.0141373233596919,-0.253172278894289,"i910","XwAL00376","ko","Reporter.intensity.10","Beta 1"
"782",1.96482659040476,0.161622950011778,"2","ko",0.454507223572685,1.02374201037752,0.454507223572685,0.297907998335744,"i911","XwAL00376","ko","Reporter.intensity.11","Beta 1"
"783",-2.31929563821767,-3.40141742569776,"3","wt",0.368660753900917,-0.475829841290935,0.368660753900917,0.57695867462319,"i912","XwAL00376","wt","Reporter.intensity.12","Beta 1"
"784",-2.47458111585592,-6.80212610108228,"9","wt",3.45201470467584,-1.55391985329176,3.45201470467584,-0.0668255994633047,"i913","XwAL00376","wt","Reporter.intensity.13","Delta"
"785",-0.985879891528831,3.21022922652392,"1","wt",-0.359706889236013,0.108999597962977,-0.359706889236013,0.204465350511923,"i914","XwAL00376","wt","Reporter.intensity.14","Beta 1"
"786",-3.13646148981069,3.23348624365954,"7","wt",0.890563722082433,0.253678488220566,0.890563722082433,-0.331900310212263,"i915","XwAL00376","wt","Reporter.intensity.15","Beta 1"
"787",-2.1301753455541,-3.4095522676167,"3","wt",-0.730829079034147,-0.0508626908736249,-0.730829079034147,0.476531217202312,"i916","XwAL00376","wt","Reporter.intensity.16","Beta 1"
"788",-4.58243631662344,-1.36304794890256,"5","wt",-0.872693559980199,-0.618445487432315,-0.872693559980199,-0.0579337387516326,"i917","XwAL00376","wt","Reporter.intensity.17","Beta 1"
"789",0.629237777576699,6.24629480498462,"7","wt",-0.156985375474309,-1.34124871655212,-0.156985375474309,-0.212991002371397,"i918","XwAL00376","wt","Reporter.intensity.18","Beta 1"
"790",7.41877103506113,-1.68336599213452,"0","ko",-1.04636275748734,-0.158139820417004,-1.04636275748734,0.240713026007945,"i923","XwAL00377","ko","Reporter.intensity.5","Beta 2"
"791",0.570160633907571,-0.881962767666292,"2","ko",-0.594418491173512,1.18032771641467,-0.594418491173512,0.613346345443906,"i924","XwAL00377","ko","Reporter.intensity.6","Beta 1"
"792",0.254755861149087,-2.22597973687024,"2","ko",-0.443602422932157,0.84356980716522,-0.443602422932157,1.95663317790411,"i926","XwAL00377","ko","Reporter.intensity.8","Beta 1"
"793",-3.23613976778005,-5.19931381089063,"3","wt",3.42281671197111,-2.08733614149837,3.42281671197111,-0.359055469708914,"i929","XwAL00377","wt","Reporter.intensity.11","Beta 1"
"794",0.873924500332131,1.72784549849658,"5","wt",-0.0659603734897592,0.997266516685175,-0.0659603734897592,-0.635514149091022,"i930","XwAL00377","wt","Reporter.intensity.12","Beta 1"
"795",-2.89188098253225,-8.53717820984692,"8","wt",1.83541273189754,-0.382364012609173,1.83541273189754,-1.58365983776818,"i931","XwAL00377","wt","Reporter.intensity.13","Vasculature"
"796",-2.03678035081838,4.24584371703296,"1","wt",-0.492440169052053,-0.106856025688684,-0.492440169052053,-0.73061115523714,"i932","XwAL00377","wt","Reporter.intensity.14","Beta 1"
"797",-3.74485253633474,0.0620091642680648,"5","wt",0.00104143691996957,-1.31041643878664,0.00104143691996957,NA,"i933","XwAL00377","wt","Reporter.intensity.15","Beta 1"
"798",7.76355767904307,-0.40639801961751,"0","wt",-0.802060500767626,-0.481668156403919,-0.802060500767626,-0.221314790086049,"i934","XwAL00377","wt","Reporter.intensity.16","Beta 2"
"799",1.08201051412608,5.97316724913745,"7","wt",-0.53472983319023,0.434054759027326,-0.53472983319023,-0.900312055265666,"i935","XwAL00377","wt","Reporter.intensity.17","Beta 1"
"800",-1.35638033689474,3.97219116347461,"1","ko",-1.4052369986815,0.413355395287239,-1.4052369986815,0.591369994268473,"i936","XwAL00377","ko","Reporter.intensity.18","Beta 1"
"801",-1.29948424638723,2.17923218863635,"4","wt",-0.152899572372785,-0.149127044872678,-0.152899572372785,-0.797134467598685,"i941","XwAL00383","wt","Reporter.intensity.5","Beta 1"
"802",-2.35005235017751,-8.14834325653882,"2","wt",-0.577918271644786,0.109593290473773,-0.577918271644786,-0.819451412423877,"i942","XwAL00383","wt","Reporter.intensity.6","Beta 1"
"803",8.70797753988291,-1.23433374506803,"0","wt",0.314656205693325,-0.799515993451182,0.314656205693325,-0.28224270642909,"i943","XwAL00383","wt","Reporter.intensity.7","Beta 2"
"804",-0.262456321134315,6.05979902403979,"1","wt",0.196220065781047,-0.16018785696162,0.196220065781047,0.453096259622207,"i944","XwAL00383","wt","Reporter.intensity.8","Beta 1"
"805",-3.79014205278371,-4.17506473404737,"6","wt",0.173684122403203,-0.111587573539902,0.173684122403203,-1.11117329808891,"i945","XwAL00383","wt","Reporter.intensity.9","Beta 1"
"806",-3.16386770547842,4.42611391204028,"6","wt",-0.208526991371656,-0.833731881557877,-0.208526991371656,-0.584320676655508,"i946","XwAL00383","wt","Reporter.intensity.10","Beta 1"
"807",1.84210301099802,2.66780812400012,"5","wt",0.0158699797905485,0.205451319107555,0.0158699797905485,-0.288734739544944,"i947","XwAL00383","wt","Reporter.intensity.11","Beta 1"
"808",0.971571571216836,-1.39455001694531,"2","ko",-0.531864293531337,0.53779651523406,-0.531864293531337,1.65100215334313,"i948","XwAL00383","ko","Reporter.intensity.12","Beta 1"
"809",-3.48225378335928,-4.00528090340466,"3","ko",0.299467795411464,-1.59936712545822,0.299467795411464,NA,"i949","XwAL00383","ko","Reporter.intensity.13","Beta 1"
"810",6.47062326131846,-0.335102549618196,"0","ko",0.539238566516907,-0.163641792591038,0.539238566516907,-0.0082198776792321,"i95","XwAL00318","ko","Reporter.intensity.5","Beta 2"
"811",0.609727627620949,-1.08535563093991,"2","ko",0.176420825353474,2.01419859231506,0.176420825353474,2.16082298485346,"i950","XwAL00383","ko","Reporter.intensity.14","Beta 1"
"812",-2.78673981965993,-0.14468776327939,"5","ko",0.283783326893869,0.378027945519182,0.283783326893869,0.0476540971915422,"i951","XwAL00383","ko","Reporter.intensity.15","Beta 1"
"813",-2.9469432765386,4.37435323851733,"1","ko",0.087932381324137,0.0963621372072613,0.087932381324137,-0.275122698944732,"i952","XwAL00383","ko","Reporter.intensity.16","Beta 1"
"814",5.99842525182749,0.91291207926898,"0","ko",-0.169522426558897,0.17067139618919,-0.169522426558897,0.207631197853945,"i953","XwAL00383","ko","Reporter.intensity.17","Beta 2"
"815",7.51140523611094,-1.50800686222882,"0","ko",0.78303233618881,-0.77001174216971,0.78303233618881,0.256780717327821,"i959","XwAL00345","ko","Reporter.intensity.5","Beta 2"
"816",-4.95101188959096,0.131896504336882,"6","wt",-1.34996858558525,-0.619281504793667,-1.34996858558525,0.0333387183942395,"i961","XwAL00345","wt","Reporter.intensity.7","Beta 1"
"817",-1.76234268487905,-8.38667552811475,"8","wt",0.281410278968844,-0.0312128092221168,0.281410278968844,2.2390703965322,"i962","XwAL00345","wt","Reporter.intensity.8","Vasculature"
"818",-1.2562277847669,2.19958812850146,"4","wt",-1.69039702884862,0.230657815495299,-1.69039702884862,-0.223185014543413,"i964","XwAL00345","wt","Reporter.intensity.10","Beta 1"
"819",-0.0256943637273171,6.03684646742969,"1","wt",1.35957344430302,0.518469989291256,1.35957344430302,-1.16742503805196,"i965","XwAL00345","wt","Reporter.intensity.11","Beta 1"
"820",-2.47420203031515,4.97650320189624,"1","wt",1.21255561447307,0.585999388266516,1.21255561447307,NA,"i966","XwAL00345","wt","Reporter.intensity.12","Beta 1"
"821",1.11048436819102,5.61805994170337,"7","wt",-1.16809878466721,0.198619951441803,-1.16809878466721,NA,"i967","XwAL00345","wt","Reporter.intensity.13","Beta 1"
"822",-2.09117078126882,-4.45327322823377,"3","ko",1.09898867389843,-1.51167797828054,1.09898867389843,NA,"i968","XwAL00345","ko","Reporter.intensity.14","Beta 1"
"823",-0.0267719561002114,-1.73122816426129,"2","ko",-0.340810168017524,1.37201017898433,-0.340810168017524,-0.306550711544603,"i969","XwAL00345","ko","Reporter.intensity.15","Beta 1"
"824",-0.410157077922569,0.773194977218199,"4","wt",1.33020339251962,0.867519574639453,1.33020339251962,NA,"i97","XwAL00318","wt","Reporter.intensity.7","Beta 1"
"825",-4.7466623717687,0.1710683192554,"7","ko",0.0917496277746486,-0.358112944832535,0.0917496277746486,-0.540984615540213,"i970","XwAL00345","ko","Reporter.intensity.16","Beta 1"
"826",-1.89257525743459,-2.93984358651013,"3","ko",-0.299402801988499,0.286845160070901,-0.299402801988499,NA,"i971","XwAL00345","ko","Reporter.intensity.17","Beta 1"
"827",1.30111432729746,5.71043331282763,"7","wt",-0.928099712174542,-0.212506067934029,-0.928099712174542,0.454172783203676,"i978","XwAL00346","wt","Reporter.intensity.6","Beta 1"
"828",0.836724883899941,6.17789203780322,"7","wt",0.545354341679935,0.108396935516502,0.545354341679935,-0.660474585090732,"i979","XwAL00346","wt","Reporter.intensity.7","Beta 1"
"829",-3.10418962778066,-6.27381961685987,"9","wt",-0.729423556775156,-1.03991237921198,-0.729423556775156,-0.274988553164045,"i980","XwAL00346","wt","Reporter.intensity.8","Alpha"
"830",-0.0542997652432778,6.10604555266528,"7","wt",0.207857148886821,-0.112358769488147,0.207857148886821,0.0907107805527435,"i981","XwAL00346","wt","Reporter.intensity.9","Beta 1"
"831",-4.93890404046987,-1.0882289920506,"6","wt",-0.0984069322265742,-0.123141803905892,-0.0984069322265742,0.550610967222548,"i982","XwAL00346","wt","Reporter.intensity.10","Beta 1"
"832",2.16861844717051,1.09933406966357,"2","wt",-0.720576192670339,0.485360303603266,-0.720576192670339,-0.232820334250778,"i983","XwAL00346","wt","Reporter.intensity.11","Beta 1"
"833",2.32951832471873,4.48058921950488,"6","wt",0.295447079506564,0.250436459623007,0.295447079506564,-0.204070625955165,"i984","XwAL00346","wt","Reporter.intensity.12","Beta 1"
"834",1.84915042577769,4.29202873366504,"7","ko",0.677599789266254,0.776570955269748,0.677599789266254,-0.486200647112477,"i985","XwAL00346","ko","Reporter.intensity.13","Beta 1"
"835",1.62254715620066,-1.11470722300382,"2","ko",0.754731510246045,1.27207606058717,0.754731510246045,-0.0130547872335718,"i986","XwAL00346","ko","Reporter.intensity.14","Beta 1"
"836",2.40651226697947,0.587048956328917,"2","ko",-1.60679673462604,0.89602535808095,-1.60679673462604,0.275623938625997,"i988","XwAL00346","ko","Reporter.intensity.16","Beta 1"
"837",-1.15897413434003,3.73551160948901,"1","wt",-0.0818597241999171,1.38124073231794,-0.0818597241999171,-0.994905111026421,"i99","XwAL00318","wt","Reporter.intensity.9","Beta 1"
"838",-2.31076824010824,-6.50050847870679,"9","ko",1.59983595344477,-2.83609009242145,1.59983595344477,0.209125068903653,"i990","XwAL00346","ko","Reporter.intensity.18","Delta"
"839",1.44935417829539,2.48471910613208,"1","ko",-0.161155447243094,0.298269470758347,-0.161155447243094,0.967419838244324,"i995","XwAL00367","ko","Reporter.intensity.5","Beta 1"
"840",0.29366499839808,4.88213617461352,"1","ko",0.165872783802669,1.133496100824,0.165872783802669,0.107020048994269,"i996","XwAL00367","ko","Reporter.intensity.6","Beta 1"
"841",5.36527419744517,1.21286267893939,"0","ko",0.22567477047778,0.416533105414343,0.22567477047778,-0.093795493084554,"i997","XwAL00367","ko","Reporter.intensity.7","Beta 2"
"842",2.53426910100962,2.5615478243175,"7","ko",0.108564402061846,0.774228075941781,0.108564402061846,0.0633239811227424,"i998","XwAL00367","ko","Reporter.intensity.8","Beta 1"
"843",1.67361927686717,-0.388174778645944,"2","ko",-0.294845908843541,0.853923018395316,-0.294845908843541,1.57769628857866,"i999","XwAL00367","ko","Reporter.intensity.9","Beta 1"
